solid OpenSCAD_Model
  facet normal -0.989176 -0.146732 0
    outer loop
      vertex 0.0768585 3.21964 0
      vertex 0.0192604 3.60793 40
      vertex 0.0192604 3.60793 0
    endloop
  endfacet
  facet normal -0.989176 -0.146732 0
    outer loop
      vertex 0.0192604 3.60793 40
      vertex 0.0768585 3.21964 0
      vertex 0.0768585 3.21964 40
    endloop
  endfacet
  facet normal -1 0 0
    outer loop
      vertex 0 4 0
      vertex 0 72 40
      vertex 0 72 0
    endloop
  endfacet
  facet normal -1 -0 0
    outer loop
      vertex 0 72 40
      vertex 0 4 0
      vertex 0 4 40
    endloop
  endfacet
  facet normal -0.998796 -0.0490657 0
    outer loop
      vertex 0.0192604 3.60793 0
      vertex 0 4 40
      vertex 0 4 0
    endloop
  endfacet
  facet normal -0.998796 -0.0490657 0
    outer loop
      vertex 0 4 40
      vertex 0.0192604 3.60793 0
      vertex 0.0192604 3.60793 40
    endloop
  endfacet
  facet normal 0.671624 -0.740892 0
    outer loop
      vertex 90.5376 0.907958 0
      vertex 90.8284 1.17157 40
      vertex 90.5376 0.907958 40
    endloop
  endfacet
  facet normal 0.671624 -0.740892 0
    outer loop
      vertex 90.8284 1.17157 40
      vertex 90.5376 0.907958 0
      vertex 90.8284 1.17157 0
    endloop
  endfacet
  facet normal -0.998796 0.049062 0
    outer loop
      vertex 0 72 0
      vertex 0.0192604 72.3921 40
      vertex 0.0192604 72.3921 0
    endloop
  endfacet
  facet normal -0.998796 0.049062 0
    outer loop
      vertex 0.0192604 72.3921 40
      vertex 0 72 0
      vertex 0 72 40
    endloop
  endfacet
  facet normal 0 1 0
    outer loop
      vertex 88 76 40
      vertex 50 76 11
      vertex 50 76 40
    endloop
  endfacet
  facet normal 0 1 0
    outer loop
      vertex 50 76 11
      vertex 88 76 0
      vertex 42 76 11
    endloop
  endfacet
  facet normal 0 1 -0
    outer loop
      vertex 88 76 0
      vertex 50 76 11
      vertex 88 76 40
    endloop
  endfacet
  facet normal 0 1 -0
    outer loop
      vertex 42 76 11
      vertex 4 76 40
      vertex 42 76 40
    endloop
  endfacet
  facet normal 0 1 0
    outer loop
      vertex 42 76 11
      vertex 4 76 0
      vertex 4 76 40
    endloop
  endfacet
  facet normal 0 1 0
    outer loop
      vertex 4 76 0
      vertex 42 76 11
      vertex 88 76 0
    endloop
  endfacet
  facet normal 0.85774 0.514084 0
    outer loop
      vertex 91.5277 73.8856 40
      vertex 91.3259 74.2223 0
      vertex 91.3259 74.2223 40
    endloop
  endfacet
  facet normal 0.85774 0.514084 0
    outer loop
      vertex 91.3259 74.2223 0
      vertex 91.5277 73.8856 40
      vertex 91.5277 73.8856 0
    endloop
  endfacet
  facet normal 0.42744 0.904044 -0
    outer loop
      vertex 89.8856 75.5277 0
      vertex 89.5307 75.6955 40
      vertex 89.8856 75.5277 40
    endloop
  endfacet
  facet normal 0.42744 0.904044 0
    outer loop
      vertex 89.5307 75.6955 40
      vertex 89.8856 75.5277 0
      vertex 89.5307 75.6955 0
    endloop
  endfacet
  facet normal -0.595806 0.803128 0
    outer loop
      vertex 1.77772 75.3259 0
      vertex 1.46243 75.092 40
      vertex 1.77772 75.3259 40
    endloop
  endfacet
  facet normal -0.595806 0.803128 0
    outer loop
      vertex 1.46243 75.092 40
      vertex 1.77772 75.3259 0
      vertex 1.46243 75.092 0
    endloop
  endfacet
  facet normal -0.42748 0.904025 0
    outer loop
      vertex 2.46927 75.6955 0
      vertex 2.11441 75.5277 40
      vertex 2.46927 75.6955 40
    endloop
  endfacet
  facet normal -0.42748 0.904025 0
    outer loop
      vertex 2.11441 75.5277 40
      vertex 2.46927 75.6955 0
      vertex 2.11441 75.5277 0
    endloop
  endfacet
  facet normal 0.989176 0.146733 0
    outer loop
      vertex 91.9807 72.3921 40
      vertex 91.9231 72.7804 0
      vertex 91.9231 72.7804 40
    endloop
  endfacet
  facet normal 0.989176 0.146733 0
    outer loop
      vertex 91.9231 72.7804 0
      vertex 91.9807 72.3921 40
      vertex 91.9807 72.3921 0
    endloop
  endfacet
  facet normal -0.0491664 0.998791 0
    outer loop
      vertex 4 76 0
      vertex 3.60793 75.9807 40
      vertex 4 76 40
    endloop
  endfacet
  facet normal -0.0491664 0.998791 0
    outer loop
      vertex 3.60793 75.9807 40
      vertex 4 76 0
      vertex 3.60793 75.9807 0
    endloop
  endfacet
  facet normal 0.803128 -0.595806 0
    outer loop
      vertex 91.092 1.46243 40
      vertex 91.3259 1.77772 0
      vertex 91.3259 1.77772 40
    endloop
  endfacet
  facet normal 0.803128 -0.595806 0
    outer loop
      vertex 91.3259 1.77772 0
      vertex 91.092 1.46243 40
      vertex 91.092 1.46243 0
    endloop
  endfacet
  facet normal 0.740977 -0.671531 0
    outer loop
      vertex 90.8284 1.17157 40
      vertex 91.092 1.46243 0
      vertex 91.092 1.46243 40
    endloop
  endfacet
  facet normal 0.740977 -0.671531 0
    outer loop
      vertex 91.092 1.46243 0
      vertex 90.8284 1.17157 40
      vertex 90.8284 1.17157 0
    endloop
  endfacet
  facet normal -0.857733 0.514095 0
    outer loop
      vertex 0.472315 73.8856 0
      vertex 0.674121 74.2223 40
      vertex 0.674121 74.2223 0
    endloop
  endfacet
  facet normal -0.857733 0.514095 0
    outer loop
      vertex 0.674121 74.2223 40
      vertex 0.472315 73.8856 0
      vertex 0.472315 73.8856 40
    endloop
  endfacet
  facet normal 1 -0 0
    outer loop
      vertex 92 4 40
      vertex 92 72 0
      vertex 92 72 40
    endloop
  endfacet
  facet normal 1 0 0
    outer loop
      vertex 92 72 0
      vertex 92 4 40
      vertex 92 4 0
    endloop
  endfacet
  facet normal 0 -1 0
    outer loop
      vertex 59.8782 0 25.6395
      vertex 88 0 40
      vertex 4 0 40
    endloop
  endfacet
  facet normal 0 -1 0
    outer loop
      vertex 88 0 40
      vertex 60.4364 0 25.7223
      vertex 61 0 25.75
    endloop
  endfacet
  facet normal 0 -1 0
    outer loop
      vertex 88 0 40
      vertex 59.8782 0 25.6395
      vertex 60.4364 0 25.7223
    endloop
  endfacet
  facet normal 0 -1 0
    outer loop
      vertex 4 0 40
      vertex 59.3309 0 25.5024
      vertex 59.8782 0 25.6395
    endloop
  endfacet
  facet normal 0 -1 0
    outer loop
      vertex 31.9462 0 24.7568
      vertex 59.3309 0 25.5024
      vertex 4 0 40
    endloop
  endfacet
  facet normal 0 -1 0
    outer loop
      vertex 32.4079 0 24.6412
      vertex 59.3309 0 25.5024
      vertex 31.9462 0 24.7568
    endloop
  endfacet
  facet normal 0 -1 0
    outer loop
      vertex 31.4754 0 24.8266
      vertex 4 0 40
      vertex 31 0 24.85
    endloop
  endfacet
  facet normal 0 -1 0
    outer loop
      vertex 4 0 40
      vertex 30.5246 0 24.8266
      vertex 31 0 24.85
    endloop
  endfacet
  facet normal 0 -1 0
    outer loop
      vertex 4 0 40
      vertex 30.0538 0 24.7568
      vertex 30.5246 0 24.8266
    endloop
  endfacet
  facet normal 0 -1 0
    outer loop
      vertex 4 0 40
      vertex 29.5921 0 24.6412
      vertex 30.0538 0 24.7568
    endloop
  endfacet
  facet normal 0 -1 0
    outer loop
      vertex 4 0 40
      vertex 29.144 0 24.4808
      vertex 29.5921 0 24.6412
    endloop
  endfacet
  facet normal 0 -1 0
    outer loop
      vertex 4 0 40
      vertex 28.7137 0 24.2773
      vertex 29.144 0 24.4808
    endloop
  endfacet
  facet normal 0 -1 0
    outer loop
      vertex 4 0 40
      vertex 28.3055 0 24.0326
      vertex 28.7137 0 24.2773
    endloop
  endfacet
  facet normal 0 -1 0
    outer loop
      vertex 4 0 40
      vertex 27.9232 0 23.7491
      vertex 28.3055 0 24.0326
    endloop
  endfacet
  facet normal 0 -1 0
    outer loop
      vertex 4 0 40
      vertex 27.5705 0 23.4295
      vertex 27.9232 0 23.7491
    endloop
  endfacet
  facet normal 0 -1 0
    outer loop
      vertex 4 0 40
      vertex 27.2509 0 23.0768
      vertex 27.5705 0 23.4295
    endloop
  endfacet
  facet normal 0 -1 0
    outer loop
      vertex 4 0 40
      vertex 26.9674 0 22.6945
      vertex 27.2509 0 23.0768
    endloop
  endfacet
  facet normal 0 -1 0
    outer loop
      vertex 4 0 40
      vertex 26.7227 0 22.2863
      vertex 26.9674 0 22.6945
    endloop
  endfacet
  facet normal 0 -1 0
    outer loop
      vertex 4 0 40
      vertex 26.5192 0 21.856
      vertex 26.7227 0 22.2863
    endloop
  endfacet
  facet normal 0 -1 0
    outer loop
      vertex 4 0 40
      vertex 26.3588 0 21.4079
      vertex 26.5192 0 21.856
    endloop
  endfacet
  facet normal 0 -1 0
    outer loop
      vertex 4 0 40
      vertex 26.2432 0 20.9462
      vertex 26.3588 0 21.4079
    endloop
  endfacet
  facet normal 0 -1 0
    outer loop
      vertex 4 0 40
      vertex 26.1734 0 20.4754
      vertex 26.2432 0 20.9462
    endloop
  endfacet
  facet normal 0 -1 0
    outer loop
      vertex 4 0 40
      vertex 26.15 0 20
      vertex 26.1734 0 20.4754
    endloop
  endfacet
  facet normal 0 -1 0
    outer loop
      vertex 4 0 0
      vertex 26.15 0 20
      vertex 4 0 40
    endloop
  endfacet
  facet normal 0 -1 -0
    outer loop
      vertex 26.15 0 20
      vertex 4 0 0
      vertex 26.1734 0 19.5246
    endloop
  endfacet
  facet normal 0 -1 -0
    outer loop
      vertex 26.1734 0 19.5246
      vertex 4 0 0
      vertex 26.2432 0 19.0538
    endloop
  endfacet
  facet normal 0 -1 -0
    outer loop
      vertex 26.2432 0 19.0538
      vertex 4 0 0
      vertex 26.3588 0 18.5921
    endloop
  endfacet
  facet normal 0 -1 -0
    outer loop
      vertex 26.3588 0 18.5921
      vertex 4 0 0
      vertex 26.5192 0 18.144
    endloop
  endfacet
  facet normal 0 -1 -0
    outer loop
      vertex 26.5192 0 18.144
      vertex 4 0 0
      vertex 26.7227 0 17.7137
    endloop
  endfacet
  facet normal 0 -1 -0
    outer loop
      vertex 26.7227 0 17.7137
      vertex 4 0 0
      vertex 26.9674 0 17.3055
    endloop
  endfacet
  facet normal 0 -1 -0
    outer loop
      vertex 26.9674 0 17.3055
      vertex 4 0 0
      vertex 27.2509 0 16.9232
    endloop
  endfacet
  facet normal 0 -1 0
    outer loop
      vertex 32.856 0 15.5192
      vertex 58.7996 0 14.6877
      vertex 58.2895 0 14.929
    endloop
  endfacet
  facet normal 0 -1 0
    outer loop
      vertex 31.4754 0 15.1734
      vertex 59.3309 0 14.4976
      vertex 58.7996 0 14.6877
    endloop
  endfacet
  facet normal 0 -1 -0
    outer loop
      vertex 31.4754 0 15.1734
      vertex 4 0 0
      vertex 59.3309 0 14.4976
    endloop
  endfacet
  facet normal 0 -1 -0
    outer loop
      vertex 59.3309 0 14.4976
      vertex 4 0 0
      vertex 59.8782 0 14.3605
    endloop
  endfacet
  facet normal 0 -1 0
    outer loop
      vertex 88 0 0
      vertex 59.8782 0 14.3605
      vertex 4 0 0
    endloop
  endfacet
  facet normal 0 -1 0
    outer loop
      vertex 59.8782 0 14.3605
      vertex 88 0 0
      vertex 60.4364 0 14.2777
    endloop
  endfacet
  facet normal 0 -1 -0
    outer loop
      vertex 30.5246 0 15.1734
      vertex 4 0 0
      vertex 31 0 15.15
    endloop
  endfacet
  facet normal 0 -1 -0
    outer loop
      vertex 30.0538 0 15.2432
      vertex 4 0 0
      vertex 30.5246 0 15.1734
    endloop
  endfacet
  facet normal 0 -1 -0
    outer loop
      vertex 29.5921 0 15.3588
      vertex 4 0 0
      vertex 30.0538 0 15.2432
    endloop
  endfacet
  facet normal 0 -1 -0
    outer loop
      vertex 29.144 0 15.5192
      vertex 4 0 0
      vertex 29.5921 0 15.3588
    endloop
  endfacet
  facet normal 0 -1 -0
    outer loop
      vertex 28.7137 0 15.7227
      vertex 4 0 0
      vertex 29.144 0 15.5192
    endloop
  endfacet
  facet normal 0 -1 -0
    outer loop
      vertex 28.3055 0 15.9674
      vertex 4 0 0
      vertex 28.7137 0 15.7227
    endloop
  endfacet
  facet normal 0 -1 -0
    outer loop
      vertex 27.9232 0 16.2509
      vertex 4 0 0
      vertex 28.3055 0 15.9674
    endloop
  endfacet
  facet normal 0 -1 -0
    outer loop
      vertex 27.5705 0 16.5705
      vertex 4 0 0
      vertex 27.9232 0 16.2509
    endloop
  endfacet
  facet normal 0 -1 -0
    outer loop
      vertex 27.2509 0 16.9232
      vertex 4 0 0
      vertex 27.5705 0 16.5705
    endloop
  endfacet
  facet normal 0 -1 0
    outer loop
      vertex 61.5636 0 25.7223
      vertex 88 0 40
      vertex 61 0 25.75
    endloop
  endfacet
  facet normal 0 -1 0
    outer loop
      vertex 62.1218 0 25.6395
      vertex 88 0 40
      vertex 61.5636 0 25.7223
    endloop
  endfacet
  facet normal 0 -1 0
    outer loop
      vertex 62.6691 0 25.5024
      vertex 88 0 40
      vertex 62.1218 0 25.6395
    endloop
  endfacet
  facet normal 0 -1 0
    outer loop
      vertex 63.2004 0 25.3123
      vertex 88 0 40
      vertex 62.6691 0 25.5024
    endloop
  endfacet
  facet normal 0 -1 0
    outer loop
      vertex 63.7105 0 25.071
      vertex 88 0 40
      vertex 63.2004 0 25.3123
    endloop
  endfacet
  facet normal 0 -1 0
    outer loop
      vertex 64.1945 0 24.7809
      vertex 88 0 40
      vertex 63.7105 0 25.071
    endloop
  endfacet
  facet normal 0 -1 0
    outer loop
      vertex 64.6478 0 24.4448
      vertex 88 0 40
      vertex 64.1945 0 24.7809
    endloop
  endfacet
  facet normal 0 -1 0
    outer loop
      vertex 65.0659 0 24.0659
      vertex 88 0 40
      vertex 64.6478 0 24.4448
    endloop
  endfacet
  facet normal 0 -1 0
    outer loop
      vertex 65.4448 0 23.6478
      vertex 88 0 40
      vertex 65.0659 0 24.0659
    endloop
  endfacet
  facet normal 0 -1 0
    outer loop
      vertex 65.781 0 23.1945
      vertex 88 0 40
      vertex 65.4448 0 23.6478
    endloop
  endfacet
  facet normal 0 -1 0
    outer loop
      vertex 66.071 0 22.7105
      vertex 88 0 40
      vertex 65.781 0 23.1945
    endloop
  endfacet
  facet normal 0 -1 0
    outer loop
      vertex 66.3123 0 22.2004
      vertex 88 0 40
      vertex 66.071 0 22.7105
    endloop
  endfacet
  facet normal 0 -1 0
    outer loop
      vertex 66.5024 0 21.6691
      vertex 88 0 40
      vertex 66.3123 0 22.2004
    endloop
  endfacet
  facet normal 0 -1 0
    outer loop
      vertex 66.6395 0 21.1218
      vertex 88 0 40
      vertex 66.5024 0 21.6691
    endloop
  endfacet
  facet normal 0 -1 0
    outer loop
      vertex 66.7223 0 20.5636
      vertex 88 0 40
      vertex 66.6395 0 21.1218
    endloop
  endfacet
  facet normal 0 -1 0
    outer loop
      vertex 66.75 0 20
      vertex 88 0 40
      vertex 66.7223 0 20.5636
    endloop
  endfacet
  facet normal 0 -1 0
    outer loop
      vertex 88 0 0
      vertex 66.75 0 20
      vertex 66.7223 0 19.4364
    endloop
  endfacet
  facet normal 0 -1 0
    outer loop
      vertex 88 0 0
      vertex 66.7223 0 19.4364
      vertex 66.6395 0 18.8782
    endloop
  endfacet
  facet normal 0 -1 0
    outer loop
      vertex 88 0 0
      vertex 66.6395 0 18.8782
      vertex 66.5024 0 18.3309
    endloop
  endfacet
  facet normal 0 -1 0
    outer loop
      vertex 88 0 0
      vertex 66.5024 0 18.3309
      vertex 66.3123 0 17.7996
    endloop
  endfacet
  facet normal 0 -1 0
    outer loop
      vertex 88 0 0
      vertex 66.3123 0 17.7996
      vertex 66.071 0 17.2895
    endloop
  endfacet
  facet normal 0 -1 0
    outer loop
      vertex 88 0 0
      vertex 66.071 0 17.2895
      vertex 65.781 0 16.8055
    endloop
  endfacet
  facet normal 0 -1 0
    outer loop
      vertex 88 0 0
      vertex 65.781 0 16.8055
      vertex 65.4448 0 16.3522
    endloop
  endfacet
  facet normal 0 -1 0
    outer loop
      vertex 88 0 0
      vertex 65.4448 0 16.3522
      vertex 65.0659 0 15.9341
    endloop
  endfacet
  facet normal 0 -1 0
    outer loop
      vertex 60.4364 0 14.2777
      vertex 88 0 0
      vertex 61 0 14.25
    endloop
  endfacet
  facet normal 0 -1 0
    outer loop
      vertex 61 0 14.25
      vertex 88 0 0
      vertex 61.5636 0 14.2777
    endloop
  endfacet
  facet normal 0 -1 0
    outer loop
      vertex 66.75 0 20
      vertex 88 0 0
      vertex 88 0 40
    endloop
  endfacet
  facet normal 0 -1 0
    outer loop
      vertex 64.6478 0 15.5552
      vertex 88 0 0
      vertex 65.0659 0 15.9341
    endloop
  endfacet
  facet normal 0 -1 0
    outer loop
      vertex 64.1945 0 15.219
      vertex 88 0 0
      vertex 64.6478 0 15.5552
    endloop
  endfacet
  facet normal 0 -1 0
    outer loop
      vertex 63.7105 0 14.929
      vertex 88 0 0
      vertex 64.1945 0 15.219
    endloop
  endfacet
  facet normal 0 -1 0
    outer loop
      vertex 63.2004 0 14.6877
      vertex 88 0 0
      vertex 63.7105 0 14.929
    endloop
  endfacet
  facet normal 0 -1 0
    outer loop
      vertex 62.6691 0 14.4976
      vertex 88 0 0
      vertex 63.2004 0 14.6877
    endloop
  endfacet
  facet normal 0 -1 0
    outer loop
      vertex 62.1218 0 14.3605
      vertex 88 0 0
      vertex 62.6691 0 14.4976
    endloop
  endfacet
  facet normal 0 -1 0
    outer loop
      vertex 61.5636 0 14.2777
      vertex 88 0 0
      vertex 62.1218 0 14.3605
    endloop
  endfacet
  facet normal 0 -1 0
    outer loop
      vertex 31.9462 0 24.7568
      vertex 4 0 40
      vertex 31.4754 0 24.8266
    endloop
  endfacet
  facet normal 0 -1 0
    outer loop
      vertex 59.3309 0 25.5024
      vertex 32.4079 0 24.6412
      vertex 58.7996 0 25.3123
    endloop
  endfacet
  facet normal 0 -1 0
    outer loop
      vertex 32.856 0 24.4808
      vertex 58.7996 0 25.3123
      vertex 32.4079 0 24.6412
    endloop
  endfacet
  facet normal 0 -1 0
    outer loop
      vertex 58.7996 0 25.3123
      vertex 32.856 0 24.4808
      vertex 58.2895 0 25.071
    endloop
  endfacet
  facet normal 0 -1 0
    outer loop
      vertex 33.2863 0 24.2773
      vertex 58.2895 0 25.071
      vertex 32.856 0 24.4808
    endloop
  endfacet
  facet normal 0 -1 0
    outer loop
      vertex 58.2895 0 25.071
      vertex 33.2863 0 24.2773
      vertex 57.8055 0 24.7809
    endloop
  endfacet
  facet normal 0 -1 0
    outer loop
      vertex 33.6945 0 24.0326
      vertex 57.8055 0 24.7809
      vertex 33.2863 0 24.2773
    endloop
  endfacet
  facet normal 0 -1 0
    outer loop
      vertex 57.8055 0 24.7809
      vertex 33.6945 0 24.0326
      vertex 57.3522 0 24.4448
    endloop
  endfacet
  facet normal 0 -1 0
    outer loop
      vertex 34.0768 0 23.7491
      vertex 57.3522 0 24.4448
      vertex 33.6945 0 24.0326
    endloop
  endfacet
  facet normal 0 -1 0
    outer loop
      vertex 57.3522 0 24.4448
      vertex 34.0768 0 23.7491
      vertex 56.9341 0 24.0659
    endloop
  endfacet
  facet normal 0 -1 0
    outer loop
      vertex 34.4295 0 23.4295
      vertex 56.9341 0 24.0659
      vertex 34.0768 0 23.7491
    endloop
  endfacet
  facet normal 0 -1 0
    outer loop
      vertex 56.9341 0 24.0659
      vertex 34.4295 0 23.4295
      vertex 56.5552 0 23.6478
    endloop
  endfacet
  facet normal 0 -1 0
    outer loop
      vertex 34.7491 0 23.0768
      vertex 56.5552 0 23.6478
      vertex 34.4295 0 23.4295
    endloop
  endfacet
  facet normal 0 -1 0
    outer loop
      vertex 56.5552 0 23.6478
      vertex 34.7491 0 23.0768
      vertex 56.219 0 23.1945
    endloop
  endfacet
  facet normal 0 -1 0
    outer loop
      vertex 35.0326 0 22.6945
      vertex 56.219 0 23.1945
      vertex 34.7491 0 23.0768
    endloop
  endfacet
  facet normal 0 -1 0
    outer loop
      vertex 56.219 0 23.1945
      vertex 35.0326 0 22.6945
      vertex 55.929 0 22.7105
    endloop
  endfacet
  facet normal 0 -1 0
    outer loop
      vertex 35.2773 0 22.2863
      vertex 55.929 0 22.7105
      vertex 35.0326 0 22.6945
    endloop
  endfacet
  facet normal 0 -1 0
    outer loop
      vertex 35.2773 0 22.2863
      vertex 55.6877 0 22.2004
      vertex 55.929 0 22.7105
    endloop
  endfacet
  facet normal 0 -1 0
    outer loop
      vertex 35.4808 0 21.856
      vertex 55.6877 0 22.2004
      vertex 35.2773 0 22.2863
    endloop
  endfacet
  facet normal 0 -1 0
    outer loop
      vertex 35.4808 0 21.856
      vertex 55.4976 0 21.6691
      vertex 55.6877 0 22.2004
    endloop
  endfacet
  facet normal 0 -1 0
    outer loop
      vertex 35.6412 0 21.4079
      vertex 55.4976 0 21.6691
      vertex 35.4808 0 21.856
    endloop
  endfacet
  facet normal 0 -1 0
    outer loop
      vertex 35.6412 0 21.4079
      vertex 55.3605 0 21.1218
      vertex 55.4976 0 21.6691
    endloop
  endfacet
  facet normal 0 -1 0
    outer loop
      vertex 35.7568 0 20.9462
      vertex 55.3605 0 21.1218
      vertex 35.6412 0 21.4079
    endloop
  endfacet
  facet normal 0 -1 0
    outer loop
      vertex 35.7568 0 20.9462
      vertex 55.2777 0 20.5636
      vertex 55.3605 0 21.1218
    endloop
  endfacet
  facet normal 0 -1 0
    outer loop
      vertex 35.8266 0 20.4754
      vertex 55.2777 0 20.5636
      vertex 35.7568 0 20.9462
    endloop
  endfacet
  facet normal 0 -1 0
    outer loop
      vertex 35.85 0 20
      vertex 55.2777 0 20.5636
      vertex 35.8266 0 20.4754
    endloop
  endfacet
  facet normal 0 -1 0
    outer loop
      vertex 35.85 0 20
      vertex 55.25 0 20
      vertex 55.2777 0 20.5636
    endloop
  endfacet
  facet normal 0 -1 0
    outer loop
      vertex 35.8266 0 19.5246
      vertex 55.25 0 20
      vertex 35.85 0 20
    endloop
  endfacet
  facet normal 0 -1 0
    outer loop
      vertex 35.8266 0 19.5246
      vertex 55.2777 0 19.4364
      vertex 55.25 0 20
    endloop
  endfacet
  facet normal 0 -1 0
    outer loop
      vertex 35.7568 0 19.0538
      vertex 55.2777 0 19.4364
      vertex 35.8266 0 19.5246
    endloop
  endfacet
  facet normal 0 -1 0
    outer loop
      vertex 35.7568 0 19.0538
      vertex 55.3605 0 18.8782
      vertex 55.2777 0 19.4364
    endloop
  endfacet
  facet normal 0 -1 0
    outer loop
      vertex 35.6412 0 18.5921
      vertex 55.3605 0 18.8782
      vertex 35.7568 0 19.0538
    endloop
  endfacet
  facet normal 0 -1 0
    outer loop
      vertex 35.6412 0 18.5921
      vertex 55.4976 0 18.3309
      vertex 55.3605 0 18.8782
    endloop
  endfacet
  facet normal 0 -1 0
    outer loop
      vertex 35.4808 0 18.144
      vertex 55.4976 0 18.3309
      vertex 35.6412 0 18.5921
    endloop
  endfacet
  facet normal 0 -1 0
    outer loop
      vertex 35.4808 0 18.144
      vertex 55.6877 0 17.7996
      vertex 55.4976 0 18.3309
    endloop
  endfacet
  facet normal 0 -1 0
    outer loop
      vertex 35.2773 0 17.7137
      vertex 55.6877 0 17.7996
      vertex 35.4808 0 18.144
    endloop
  endfacet
  facet normal 0 -1 0
    outer loop
      vertex 55.929 0 17.2895
      vertex 35.2773 0 17.7137
      vertex 35.0326 0 17.3055
    endloop
  endfacet
  facet normal 0 -1 0
    outer loop
      vertex 35.2773 0 17.7137
      vertex 55.929 0 17.2895
      vertex 55.6877 0 17.7996
    endloop
  endfacet
  facet normal 0 -1 0
    outer loop
      vertex 56.219 0 16.8055
      vertex 35.0326 0 17.3055
      vertex 34.7491 0 16.9232
    endloop
  endfacet
  facet normal 0 -1 0
    outer loop
      vertex 35.0326 0 17.3055
      vertex 56.219 0 16.8055
      vertex 55.929 0 17.2895
    endloop
  endfacet
  facet normal 0 -1 0
    outer loop
      vertex 56.5552 0 16.3522
      vertex 34.7491 0 16.9232
      vertex 34.4295 0 16.5705
    endloop
  endfacet
  facet normal 0 -1 0
    outer loop
      vertex 34.7491 0 16.9232
      vertex 56.5552 0 16.3522
      vertex 56.219 0 16.8055
    endloop
  endfacet
  facet normal 0 -1 0
    outer loop
      vertex 56.9341 0 15.9341
      vertex 34.4295 0 16.5705
      vertex 34.0768 0 16.2509
    endloop
  endfacet
  facet normal 0 -1 0
    outer loop
      vertex 57.3522 0 15.5552
      vertex 34.0768 0 16.2509
      vertex 33.6945 0 15.9674
    endloop
  endfacet
  facet normal 0 -1 0
    outer loop
      vertex 34.4295 0 16.5705
      vertex 56.9341 0 15.9341
      vertex 56.5552 0 16.3522
    endloop
  endfacet
  facet normal 0 -1 0
    outer loop
      vertex 57.8055 0 15.219
      vertex 33.6945 0 15.9674
      vertex 33.2863 0 15.7227
    endloop
  endfacet
  facet normal 0 -1 0
    outer loop
      vertex 34.0768 0 16.2509
      vertex 57.3522 0 15.5552
      vertex 56.9341 0 15.9341
    endloop
  endfacet
  facet normal 0 -1 0
    outer loop
      vertex 58.2895 0 14.929
      vertex 33.2863 0 15.7227
      vertex 32.856 0 15.5192
    endloop
  endfacet
  facet normal 0 -1 0
    outer loop
      vertex 58.7996 0 14.6877
      vertex 32.856 0 15.5192
      vertex 32.4079 0 15.3588
    endloop
  endfacet
  facet normal 0 -1 0
    outer loop
      vertex 58.7996 0 14.6877
      vertex 32.4079 0 15.3588
      vertex 31.9462 0 15.2432
    endloop
  endfacet
  facet normal 0 -1 0
    outer loop
      vertex 33.6945 0 15.9674
      vertex 57.8055 0 15.219
      vertex 57.3522 0 15.5552
    endloop
  endfacet
  facet normal 0 -1 0
    outer loop
      vertex 58.7996 0 14.6877
      vertex 31.9462 0 15.2432
      vertex 31.4754 0 15.1734
    endloop
  endfacet
  facet normal 0 -1 0
    outer loop
      vertex 4 0 0
      vertex 31.4754 0 15.1734
      vertex 31 0 15.15
    endloop
  endfacet
  facet normal 0 -1 0
    outer loop
      vertex 33.2863 0 15.7227
      vertex 58.2895 0 14.929
      vertex 57.8055 0 15.219
    endloop
  endfacet
  facet normal 0.998791 0.0491626 0
    outer loop
      vertex 92 72 40
      vertex 91.9807 72.3921 0
      vertex 91.9807 72.3921 40
    endloop
  endfacet
  facet normal 0.998791 0.0491626 0
    outer loop
      vertex 91.9807 72.3921 0
      vertex 92 72 40
      vertex 92 72 0
    endloop
  endfacet
  facet normal -0.803214 0.59569 0
    outer loop
      vertex 0.674121 74.2223 0
      vertex 0.907958 74.5376 40
      vertex 0.907958 74.5376 0
    endloop
  endfacet
  facet normal -0.803214 0.59569 0
    outer loop
      vertex 0.907958 74.5376 40
      vertex 0.674121 74.2223 0
      vertex 0.674121 74.2223 40
    endloop
  endfacet
  facet normal 0.998791 -0.0491664 0
    outer loop
      vertex 91.9807 3.60793 40
      vertex 92 4 0
      vertex 92 4 40
    endloop
  endfacet
  facet normal 0.998791 -0.0491664 0
    outer loop
      vertex 92 4 0
      vertex 91.9807 3.60793 40
      vertex 91.9807 3.60793 0
    endloop
  endfacet
  facet normal -0.989177 0.146729 0
    outer loop
      vertex 0.0192604 72.3921 0
      vertex 0.0768585 72.7804 40
      vertex 0.0768585 72.7804 0
    endloop
  endfacet
  facet normal -0.989177 0.146729 0
    outer loop
      vertex 0.0768585 72.7804 40
      vertex 0.0192604 72.3921 0
      vertex 0.0192604 72.3921 40
    endloop
  endfacet
  facet normal -0.336896 -0.941542 0
    outer loop
      vertex 2.46927 0.304482 0
      vertex 2.83886 0.172238 40
      vertex 2.46927 0.304482 40
    endloop
  endfacet
  facet normal -0.336896 -0.941542 -0
    outer loop
      vertex 2.83886 0.172238 40
      vertex 2.46927 0.304482 0
      vertex 2.83886 0.172238 0
    endloop
  endfacet
  facet normal 0.941497 -0.337022 0
    outer loop
      vertex 91.6955 2.46927 40
      vertex 91.8278 2.83886 0
      vertex 91.8278 2.83886 40
    endloop
  endfacet
  facet normal 0.941497 -0.337022 0
    outer loop
      vertex 91.8278 2.83886 0
      vertex 91.6955 2.46927 40
      vertex 91.6955 2.46927 0
    endloop
  endfacet
  facet normal 0.803137 0.595794 0
    outer loop
      vertex 91.3259 74.2223 40
      vertex 91.092 74.5376 0
      vertex 91.092 74.5376 40
    endloop
  endfacet
  facet normal 0.803137 0.595794 0
    outer loop
      vertex 91.092 74.5376 0
      vertex 91.3259 74.2223 40
      vertex 91.3259 74.2223 0
    endloop
  endfacet
  facet normal 0.242835 0.970068 -0
    outer loop
      vertex 89.1611 75.8278 0
      vertex 88.7804 75.9231 40
      vertex 89.1611 75.8278 40
    endloop
  endfacet
  facet normal 0.242835 0.970068 0
    outer loop
      vertex 88.7804 75.9231 40
      vertex 89.1611 75.8278 0
      vertex 88.7804 75.9231 0
    endloop
  endfacet
  facet normal -0.337022 0.941497 0
    outer loop
      vertex 2.83886 75.8278 0
      vertex 2.46927 75.6955 40
      vertex 2.83886 75.8278 40
    endloop
  endfacet
  facet normal -0.337022 0.941497 0
    outer loop
      vertex 2.46927 75.6955 40
      vertex 2.83886 75.8278 0
      vertex 2.46927 75.6955 0
    endloop
  endfacet
  facet normal 0.9415 0.337014 0
    outer loop
      vertex 91.8278 73.1611 40
      vertex 91.6955 73.5307 0
      vertex 91.6955 73.5307 40
    endloop
  endfacet
  facet normal 0.9415 0.337014 0
    outer loop
      vertex 91.6955 73.5307 0
      vertex 91.8278 73.1611 40
      vertex 91.8278 73.1611 0
    endloop
  endfacet
  facet normal -0.671531 0.740977 0
    outer loop
      vertex 1.46243 75.092 0
      vertex 1.17157 74.8284 40
      vertex 1.46243 75.092 40
    endloop
  endfacet
  facet normal -0.671531 0.740977 0
    outer loop
      vertex 1.17157 74.8284 40
      vertex 1.46243 75.092 0
      vertex 1.17157 74.8284 0
    endloop
  endfacet
  facet normal -0.903993 -0.427548 0
    outer loop
      vertex 0.472315 2.11441 0
      vertex 0.304482 2.46927 40
      vertex 0.304482 2.46927 0
    endloop
  endfacet
  facet normal -0.903993 -0.427548 0
    outer loop
      vertex 0.304482 2.46927 40
      vertex 0.472315 2.11441 0
      vertex 0.472315 2.11441 40
    endloop
  endfacet
  facet normal 0.595794 0.803137 -0
    outer loop
      vertex 90.5376 75.092 0
      vertex 90.2223 75.3259 40
      vertex 90.5376 75.092 40
    endloop
  endfacet
  facet normal 0.595794 0.803137 0
    outer loop
      vertex 90.2223 75.3259 40
      vertex 90.5376 75.092 0
      vertex 90.2223 75.3259 0
    endloop
  endfacet
  facet normal -0.514106 -0.857727 0
    outer loop
      vertex 1.77772 0.674121 0
      vertex 2.11441 0.472315 40
      vertex 1.77772 0.674121 40
    endloop
  endfacet
  facet normal -0.514106 -0.857727 -0
    outer loop
      vertex 2.11441 0.472315 40
      vertex 1.77772 0.674121 0
      vertex 2.11441 0.472315 0
    endloop
  endfacet
  facet normal 0.989176 -0.146737 0
    outer loop
      vertex 91.9231 3.21964 40
      vertex 91.9807 3.60793 0
      vertex 91.9807 3.60793 40
    endloop
  endfacet
  facet normal 0.989176 -0.146737 0
    outer loop
      vertex 91.9807 3.60793 0
      vertex 91.9231 3.21964 40
      vertex 91.9231 3.21964 0
    endloop
  endfacet
  facet normal -0.97002 0.243026 0
    outer loop
      vertex 0.0768585 72.7804 0
      vertex 0.172238 73.1611 40
      vertex 0.172238 73.1611 0
    endloop
  endfacet
  facet normal -0.97002 0.243026 0
    outer loop
      vertex 0.172238 73.1611 40
      vertex 0.0768585 72.7804 0
      vertex 0.0768585 72.7804 40
    endloop
  endfacet
  facet normal 0.904044 0.42744 0
    outer loop
      vertex 91.6955 73.5307 40
      vertex 91.5277 73.8856 0
      vertex 91.5277 73.8856 40
    endloop
  endfacet
  facet normal 0.904044 0.42744 0
    outer loop
      vertex 91.5277 73.8856 0
      vertex 91.6955 73.5307 40
      vertex 91.6955 73.5307 0
    endloop
  endfacet
  facet normal 0.970068 0.242835 0
    outer loop
      vertex 91.9231 72.7804 40
      vertex 91.8278 73.1611 0
      vertex 91.8278 73.1611 40
    endloop
  endfacet
  facet normal 0.970068 0.242835 0
    outer loop
      vertex 91.8278 73.1611 0
      vertex 91.9231 72.7804 40
      vertex 91.9231 72.7804 0
    endloop
  endfacet
  facet normal -0.904011 0.427509 0
    outer loop
      vertex 0.304482 73.5307 0
      vertex 0.472315 73.8856 40
      vertex 0.472315 73.8856 0
    endloop
  endfacet
  facet normal -0.904011 0.427509 0
    outer loop
      vertex 0.472315 73.8856 40
      vertex 0.304482 73.5307 0
      vertex 0.304482 73.5307 40
    endloop
  endfacet
  facet normal 0.514084 0.85774 -0
    outer loop
      vertex 90.2223 75.3259 0
      vertex 89.8856 75.5277 40
      vertex 90.2223 75.3259 40
    endloop
  endfacet
  facet normal 0.514084 0.85774 0
    outer loop
      vertex 89.8856 75.5277 40
      vertex 90.2223 75.3259 0
      vertex 89.8856 75.5277 0
    endloop
  endfacet
  facet normal -0.427548 -0.903993 0
    outer loop
      vertex 2.11441 0.472315 0
      vertex 2.46927 0.304482 40
      vertex 2.11441 0.472315 40
    endloop
  endfacet
  facet normal -0.427548 -0.903993 -0
    outer loop
      vertex 2.46927 0.304482 40
      vertex 2.11441 0.472315 0
      vertex 2.46927 0.304482 0
    endloop
  endfacet
  facet normal -0.803205 -0.595703 0
    outer loop
      vertex 0.907958 1.46243 0
      vertex 0.674121 1.77772 40
      vertex 0.674121 1.77772 0
    endloop
  endfacet
  facet normal -0.803205 -0.595703 0
    outer loop
      vertex 0.674121 1.77772 40
      vertex 0.907958 1.46243 0
      vertex 0.907958 1.46243 40
    endloop
  endfacet
  facet normal 0.049062 -0.998796 0
    outer loop
      vertex 88 0 0
      vertex 88.3921 0.0192604 40
      vertex 88 0 40
    endloop
  endfacet
  facet normal 0.049062 -0.998796 0
    outer loop
      vertex 88.3921 0.0192604 40
      vertex 88 0 0
      vertex 88.3921 0.0192604 0
    endloop
  endfacet
  facet normal -0.941545 0.336888 0
    outer loop
      vertex 0.172238 73.1611 0
      vertex 0.304482 73.5307 40
      vertex 0.304482 73.5307 0
    endloop
  endfacet
  facet normal -0.941545 0.336888 0
    outer loop
      vertex 0.304482 73.5307 40
      vertex 0.172238 73.1611 0
      vertex 0.172238 73.1611 40
    endloop
  endfacet
  facet normal -0.740892 0.671624 0
    outer loop
      vertex 0.907958 74.5376 0
      vertex 1.17157 74.8284 40
      vertex 1.17157 74.8284 0
    endloop
  endfacet
  facet normal -0.740892 0.671624 0
    outer loop
      vertex 1.17157 74.8284 40
      vertex 0.907958 74.5376 0
      vertex 0.907958 74.5376 40
    endloop
  endfacet
  facet normal -0.146732 -0.989176 0
    outer loop
      vertex 3.21964 0.0768585 0
      vertex 3.60793 0.0192604 40
      vertex 3.21964 0.0768585 40
    endloop
  endfacet
  facet normal -0.146732 -0.989176 -0
    outer loop
      vertex 3.60793 0.0192604 40
      vertex 3.21964 0.0768585 0
      vertex 3.60793 0.0192604 0
    endloop
  endfacet
  facet normal 0.243026 -0.97002 0
    outer loop
      vertex 88.7804 0.0768585 0
      vertex 89.1611 0.172238 40
      vertex 88.7804 0.0768585 40
    endloop
  endfacet
  facet normal 0.243026 -0.97002 0
    outer loop
      vertex 89.1611 0.172238 40
      vertex 88.7804 0.0768585 0
      vertex 89.1611 0.172238 0
    endloop
  endfacet
  facet normal -0.941542 -0.336896 0
    outer loop
      vertex 0.304482 2.46927 0
      vertex 0.172238 2.83886 40
      vertex 0.172238 2.83886 0
    endloop
  endfacet
  facet normal -0.941542 -0.336896 0
    outer loop
      vertex 0.172238 2.83886 40
      vertex 0.304482 2.46927 0
      vertex 0.304482 2.46927 40
    endloop
  endfacet
  facet normal 0.427509 -0.904011 0
    outer loop
      vertex 89.5307 0.304482 0
      vertex 89.8856 0.472315 40
      vertex 89.5307 0.304482 40
    endloop
  endfacet
  facet normal 0.427509 -0.904011 0
    outer loop
      vertex 89.8856 0.472315 40
      vertex 89.5307 0.304482 0
      vertex 89.8856 0.472315 0
    endloop
  endfacet
  facet normal -0.242787 0.97008 0
    outer loop
      vertex 3.21964 75.9231 0
      vertex 2.83886 75.8278 40
      vertex 3.21964 75.9231 40
    endloop
  endfacet
  facet normal -0.242787 0.97008 0
    outer loop
      vertex 2.83886 75.8278 40
      vertex 3.21964 75.9231 0
      vertex 2.83886 75.8278 0
    endloop
  endfacet
  facet normal 0.336888 -0.941545 0
    outer loop
      vertex 89.1611 0.172238 0
      vertex 89.5307 0.304482 40
      vertex 89.1611 0.172238 40
    endloop
  endfacet
  facet normal 0.336888 -0.941545 0
    outer loop
      vertex 89.5307 0.304482 40
      vertex 89.1611 0.172238 0
      vertex 89.5307 0.304482 0
    endloop
  endfacet
  facet normal 0.146733 0.989176 -0
    outer loop
      vertex 88.7804 75.9231 0
      vertex 88.3921 75.9807 40
      vertex 88.7804 75.9231 40
    endloop
  endfacet
  facet normal 0.146733 0.989176 0
    outer loop
      vertex 88.3921 75.9807 40
      vertex 88.7804 75.9231 0
      vertex 88.3921 75.9807 0
    endloop
  endfacet
  facet normal 0.0491626 0.998791 -0
    outer loop
      vertex 88.3921 75.9807 0
      vertex 88 76 40
      vertex 88.3921 75.9807 40
    endloop
  endfacet
  facet normal 0.0491626 0.998791 0
    outer loop
      vertex 88 76 40
      vertex 88.3921 75.9807 0
      vertex 88 76 0
    endloop
  endfacet
  facet normal 0 0 -1
    outer loop
      vertex 88 0 0
      vertex 92 4 0
      vertex 91.9807 3.60793 0
    endloop
  endfacet
  facet normal -0 0 -1
    outer loop
      vertex 92 4 0
      vertex 88 0 0
      vertex 92 72 0
    endloop
  endfacet
  facet normal 0 0 -1
    outer loop
      vertex 88 0 0
      vertex 91.9807 3.60793 0
      vertex 91.9231 3.21964 0
    endloop
  endfacet
  facet normal 0 0 -1
    outer loop
      vertex 88 76 0
      vertex 92 72 0
      vertex 88 0 0
    endloop
  endfacet
  facet normal 0 0 -1
    outer loop
      vertex 88 0 0
      vertex 91.9231 3.21964 0
      vertex 91.8278 2.83886 0
    endloop
  endfacet
  facet normal 0 0 -1
    outer loop
      vertex 92 72 0
      vertex 88 76 0
      vertex 91.9807 72.3921 0
    endloop
  endfacet
  facet normal 0 0 -1
    outer loop
      vertex 88 0 0
      vertex 91.8278 2.83886 0
      vertex 91.6955 2.46927 0
    endloop
  endfacet
  facet normal 0 0 -1
    outer loop
      vertex 91.9807 72.3921 0
      vertex 88 76 0
      vertex 91.9231 72.7804 0
    endloop
  endfacet
  facet normal 0 0 -1
    outer loop
      vertex 88 0 0
      vertex 91.6955 2.46927 0
      vertex 91.5277 2.11441 0
    endloop
  endfacet
  facet normal 0 0 -1
    outer loop
      vertex 91.9231 72.7804 0
      vertex 88 76 0
      vertex 91.8278 73.1611 0
    endloop
  endfacet
  facet normal 0 0 -1
    outer loop
      vertex 88 0 0
      vertex 91.5277 2.11441 0
      vertex 91.3259 1.77772 0
    endloop
  endfacet
  facet normal 0 0 -1
    outer loop
      vertex 91.8278 73.1611 0
      vertex 88 76 0
      vertex 91.6955 73.5307 0
    endloop
  endfacet
  facet normal 0 0 -1
    outer loop
      vertex 88 0 0
      vertex 91.3259 1.77772 0
      vertex 91.092 1.46243 0
    endloop
  endfacet
  facet normal 0 0 -1
    outer loop
      vertex 91.6955 73.5307 0
      vertex 88 76 0
      vertex 91.5277 73.8856 0
    endloop
  endfacet
  facet normal 0 0 -1
    outer loop
      vertex 88 0 0
      vertex 91.092 1.46243 0
      vertex 90.8284 1.17157 0
    endloop
  endfacet
  facet normal 0 0 -1
    outer loop
      vertex 91.5277 73.8856 0
      vertex 88 76 0
      vertex 91.3259 74.2223 0
    endloop
  endfacet
  facet normal 0 0 -1
    outer loop
      vertex 88 0 0
      vertex 90.8284 1.17157 0
      vertex 90.5376 0.907958 0
    endloop
  endfacet
  facet normal 0 0 -1
    outer loop
      vertex 91.3259 74.2223 0
      vertex 88 76 0
      vertex 91.092 74.5376 0
    endloop
  endfacet
  facet normal 0 0 -1
    outer loop
      vertex 88 0 0
      vertex 90.5376 0.907958 0
      vertex 90.2223 0.674121 0
    endloop
  endfacet
  facet normal 0 0 -1
    outer loop
      vertex 91.092 74.5376 0
      vertex 88 76 0
      vertex 90.8284 74.8284 0
    endloop
  endfacet
  facet normal 0 0 -1
    outer loop
      vertex 88 0 0
      vertex 90.2223 0.674121 0
      vertex 89.8856 0.472315 0
    endloop
  endfacet
  facet normal 0 0 -1
    outer loop
      vertex 90.8284 74.8284 0
      vertex 88 76 0
      vertex 90.5376 75.092 0
    endloop
  endfacet
  facet normal 0 0 -1
    outer loop
      vertex 88 0 0
      vertex 89.8856 0.472315 0
      vertex 89.5307 0.304482 0
    endloop
  endfacet
  facet normal 0 0 -1
    outer loop
      vertex 90.5376 75.092 0
      vertex 88 76 0
      vertex 90.2223 75.3259 0
    endloop
  endfacet
  facet normal 0 0 -1
    outer loop
      vertex 88 0 0
      vertex 89.5307 0.304482 0
      vertex 89.1611 0.172238 0
    endloop
  endfacet
  facet normal 0 0 -1
    outer loop
      vertex 90.2223 75.3259 0
      vertex 88 76 0
      vertex 89.8856 75.5277 0
    endloop
  endfacet
  facet normal 0 0 -1
    outer loop
      vertex 88 0 0
      vertex 89.1611 0.172238 0
      vertex 88.7804 0.0768585 0
    endloop
  endfacet
  facet normal 0 0 -1
    outer loop
      vertex 89.8856 75.5277 0
      vertex 88 76 0
      vertex 89.5307 75.6955 0
    endloop
  endfacet
  facet normal 0 0 -1
    outer loop
      vertex 88 0 0
      vertex 88.7804 0.0768585 0
      vertex 88.3921 0.0192604 0
    endloop
  endfacet
  facet normal 0 0 -1
    outer loop
      vertex 89.5307 75.6955 0
      vertex 88 76 0
      vertex 89.1611 75.8278 0
    endloop
  endfacet
  facet normal 0 0 -1
    outer loop
      vertex 89.1611 75.8278 0
      vertex 88 76 0
      vertex 88.7804 75.9231 0
    endloop
  endfacet
  facet normal 0 0 -1
    outer loop
      vertex 88.7804 75.9231 0
      vertex 88 76 0
      vertex 88.3921 75.9807 0
    endloop
  endfacet
  facet normal 0 0 -1
    outer loop
      vertex 4 0 0
      vertex 88 76 0
      vertex 88 0 0
    endloop
  endfacet
  facet normal 0 0 -1
    outer loop
      vertex 4 0 0
      vertex 4 76 0
      vertex 88 76 0
    endloop
  endfacet
  facet normal 0 0 -1
    outer loop
      vertex 0 4 0
      vertex 4 0 0
      vertex 3.60793 0.0192604 0
    endloop
  endfacet
  facet normal 0 0 -1
    outer loop
      vertex 4 0 0
      vertex 0 4 0
      vertex 4 76 0
    endloop
  endfacet
  facet normal 0 0 -1
    outer loop
      vertex 0 4 0
      vertex 3.60793 0.0192604 0
      vertex 3.21964 0.0768585 0
    endloop
  endfacet
  facet normal 0 0 -1
    outer loop
      vertex 0 72 0
      vertex 4 76 0
      vertex 0 4 0
    endloop
  endfacet
  facet normal 0 0 -1
    outer loop
      vertex 0 4 0
      vertex 3.21964 0.0768585 0
      vertex 2.83886 0.172238 0
    endloop
  endfacet
  facet normal 0 0 -1
    outer loop
      vertex 4 76 0
      vertex 0 72 0
      vertex 3.60793 75.9807 0
    endloop
  endfacet
  facet normal 0 0 -1
    outer loop
      vertex 0 4 0
      vertex 2.83886 0.172238 0
      vertex 2.46927 0.304482 0
    endloop
  endfacet
  facet normal 0 0 -1
    outer loop
      vertex 3.60793 75.9807 0
      vertex 0 72 0
      vertex 3.21964 75.9231 0
    endloop
  endfacet
  facet normal 0 0 -1
    outer loop
      vertex 0 4 0
      vertex 2.46927 0.304482 0
      vertex 2.11441 0.472315 0
    endloop
  endfacet
  facet normal 0 0 -1
    outer loop
      vertex 3.21964 75.9231 0
      vertex 0 72 0
      vertex 2.83886 75.8278 0
    endloop
  endfacet
  facet normal 0 0 -1
    outer loop
      vertex 0 4 0
      vertex 2.11441 0.472315 0
      vertex 1.77772 0.674121 0
    endloop
  endfacet
  facet normal 0 0 -1
    outer loop
      vertex 2.83886 75.8278 0
      vertex 0 72 0
      vertex 2.46927 75.6955 0
    endloop
  endfacet
  facet normal 0 0 -1
    outer loop
      vertex 0 4 0
      vertex 1.77772 0.674121 0
      vertex 1.46243 0.907958 0
    endloop
  endfacet
  facet normal 0 0 -1
    outer loop
      vertex 2.46927 75.6955 0
      vertex 0 72 0
      vertex 2.11441 75.5277 0
    endloop
  endfacet
  facet normal 0 0 -1
    outer loop
      vertex 0 4 0
      vertex 1.46243 0.907958 0
      vertex 1.17157 1.17157 0
    endloop
  endfacet
  facet normal 0 0 -1
    outer loop
      vertex 2.11441 75.5277 0
      vertex 0 72 0
      vertex 1.77772 75.3259 0
    endloop
  endfacet
  facet normal 0 0 -1
    outer loop
      vertex 0 4 0
      vertex 1.17157 1.17157 0
      vertex 0.907958 1.46243 0
    endloop
  endfacet
  facet normal 0 0 -1
    outer loop
      vertex 1.77772 75.3259 0
      vertex 0 72 0
      vertex 1.46243 75.092 0
    endloop
  endfacet
  facet normal 0 0 -1
    outer loop
      vertex 0 4 0
      vertex 0.907958 1.46243 0
      vertex 0.674121 1.77772 0
    endloop
  endfacet
  facet normal 0 0 -1
    outer loop
      vertex 1.46243 75.092 0
      vertex 0 72 0
      vertex 1.17157 74.8284 0
    endloop
  endfacet
  facet normal 0 0 -1
    outer loop
      vertex 0 4 0
      vertex 0.674121 1.77772 0
      vertex 0.472315 2.11441 0
    endloop
  endfacet
  facet normal 0 0 -1
    outer loop
      vertex 1.17157 74.8284 0
      vertex 0 72 0
      vertex 0.907958 74.5376 0
    endloop
  endfacet
  facet normal 0 0 -1
    outer loop
      vertex 0 4 0
      vertex 0.472315 2.11441 0
      vertex 0.304482 2.46927 0
    endloop
  endfacet
  facet normal 0 0 -1
    outer loop
      vertex 0.907958 74.5376 0
      vertex 0 72 0
      vertex 0.674121 74.2223 0
    endloop
  endfacet
  facet normal 0 0 -1
    outer loop
      vertex 0 4 0
      vertex 0.304482 2.46927 0
      vertex 0.172238 2.83886 0
    endloop
  endfacet
  facet normal 0 0 -1
    outer loop
      vertex 0.674121 74.2223 0
      vertex 0 72 0
      vertex 0.472315 73.8856 0
    endloop
  endfacet
  facet normal 0 0 -1
    outer loop
      vertex 0 4 0
      vertex 0.172238 2.83886 0
      vertex 0.0768585 3.21964 0
    endloop
  endfacet
  facet normal 0 0 -1
    outer loop
      vertex 0.472315 73.8856 0
      vertex 0 72 0
      vertex 0.304482 73.5307 0
    endloop
  endfacet
  facet normal 0 0 -1
    outer loop
      vertex 0 4 0
      vertex 0.0768585 3.21964 0
      vertex 0.0192604 3.60793 0
    endloop
  endfacet
  facet normal 0 0 -1
    outer loop
      vertex 0.304482 73.5307 0
      vertex 0 72 0
      vertex 0.172238 73.1611 0
    endloop
  endfacet
  facet normal 0 0 -1
    outer loop
      vertex 0.172238 73.1611 0
      vertex 0 72 0
      vertex 0.0768585 72.7804 0
    endloop
  endfacet
  facet normal 0 0 -1
    outer loop
      vertex 0.0768585 72.7804 0
      vertex 0 72 0
      vertex 0.0192604 72.3921 0
    endloop
  endfacet
  facet normal -0.0490657 -0.998796 0
    outer loop
      vertex 3.60793 0.0192604 0
      vertex 4 0 40
      vertex 3.60793 0.0192604 40
    endloop
  endfacet
  facet normal -0.0490657 -0.998796 -0
    outer loop
      vertex 4 0 40
      vertex 3.60793 0.0192604 0
      vertex 4 0 0
    endloop
  endfacet
  facet normal 0.740908 0.671607 0
    outer loop
      vertex 91.092 74.5376 40
      vertex 90.8284 74.8284 0
      vertex 90.8284 74.8284 40
    endloop
  endfacet
  facet normal 0.740908 0.671607 0
    outer loop
      vertex 90.8284 74.8284 0
      vertex 91.092 74.5376 40
      vertex 91.092 74.5376 0
    endloop
  endfacet
  facet normal 0.671607 0.740908 -0
    outer loop
      vertex 90.8284 74.8284 0
      vertex 90.5376 75.092 40
      vertex 90.8284 74.8284 40
    endloop
  endfacet
  facet normal 0.671607 0.740908 0
    outer loop
      vertex 90.5376 75.092 40
      vertex 90.8284 74.8284 0
      vertex 90.5376 75.092 0
    endloop
  endfacet
  facet normal 0.857733 -0.514095 0
    outer loop
      vertex 91.3259 1.77772 40
      vertex 91.5277 2.11441 0
      vertex 91.5277 2.11441 40
    endloop
  endfacet
  facet normal 0.857733 -0.514095 0
    outer loop
      vertex 91.5277 2.11441 0
      vertex 91.3259 1.77772 40
      vertex 91.3259 1.77772 0
    endloop
  endfacet
  facet normal 0.904025 -0.42748 0
    outer loop
      vertex 91.5277 2.11441 40
      vertex 91.6955 2.46927 0
      vertex 91.6955 2.46927 40
    endloop
  endfacet
  facet normal 0.904025 -0.42748 0
    outer loop
      vertex 91.6955 2.46927 0
      vertex 91.5277 2.11441 40
      vertex 91.5277 2.11441 0
    endloop
  endfacet
  facet normal -0.242978 -0.970032 0
    outer loop
      vertex 2.83886 0.172238 0
      vertex 3.21964 0.0768585 40
      vertex 2.83886 0.172238 40
    endloop
  endfacet
  facet normal -0.242978 -0.970032 -0
    outer loop
      vertex 3.21964 0.0768585 40
      vertex 2.83886 0.172238 0
      vertex 3.21964 0.0768585 0
    endloop
  endfacet
  facet normal -0.970032 -0.242978 0
    outer loop
      vertex 0.172238 2.83886 0
      vertex 0.0768585 3.21964 40
      vertex 0.0768585 3.21964 0
    endloop
  endfacet
  facet normal -0.970032 -0.242978 0
    outer loop
      vertex 0.0768585 3.21964 40
      vertex 0.172238 2.83886 0
      vertex 0.172238 2.83886 40
    endloop
  endfacet
  facet normal -0.671548 -0.740961 0
    outer loop
      vertex 1.17157 1.17157 0
      vertex 1.46243 0.907958 40
      vertex 1.17157 1.17157 40
    endloop
  endfacet
  facet normal -0.671548 -0.740961 -0
    outer loop
      vertex 1.46243 0.907958 40
      vertex 1.17157 1.17157 0
      vertex 1.46243 0.907958 0
    endloop
  endfacet
  facet normal -0.514095 0.857733 0
    outer loop
      vertex 2.11441 75.5277 0
      vertex 1.77772 75.3259 40
      vertex 2.11441 75.5277 40
    endloop
  endfacet
  facet normal -0.514095 0.857733 0
    outer loop
      vertex 1.77772 75.3259 40
      vertex 2.11441 75.5277 0
      vertex 1.77772 75.3259 0
    endloop
  endfacet
  facet normal -0.857727 -0.514106 0
    outer loop
      vertex 0.674121 1.77772 0
      vertex 0.472315 2.11441 40
      vertex 0.472315 2.11441 0
    endloop
  endfacet
  facet normal -0.857727 -0.514106 0
    outer loop
      vertex 0.472315 2.11441 40
      vertex 0.674121 1.77772 0
      vertex 0.674121 1.77772 40
    endloop
  endfacet
  facet normal 0.514095 -0.857733 0
    outer loop
      vertex 89.8856 0.472315 0
      vertex 90.2223 0.674121 40
      vertex 89.8856 0.472315 40
    endloop
  endfacet
  facet normal 0.514095 -0.857733 0
    outer loop
      vertex 90.2223 0.674121 40
      vertex 89.8856 0.472315 0
      vertex 90.2223 0.674121 0
    endloop
  endfacet
  facet normal 0.337014 0.9415 -0
    outer loop
      vertex 89.5307 75.6955 0
      vertex 89.1611 75.8278 40
      vertex 89.5307 75.6955 40
    endloop
  endfacet
  facet normal 0.337014 0.9415 0
    outer loop
      vertex 89.1611 75.8278 40
      vertex 89.5307 75.6955 0
      vertex 89.1611 75.8278 0
    endloop
  endfacet
  facet normal 0.59569 -0.803214 0
    outer loop
      vertex 90.2223 0.674121 0
      vertex 90.5376 0.907958 40
      vertex 90.2223 0.674121 40
    endloop
  endfacet
  facet normal 0.59569 -0.803214 0
    outer loop
      vertex 90.5376 0.907958 40
      vertex 90.2223 0.674121 0
      vertex 90.5376 0.907958 0
    endloop
  endfacet
  facet normal 0.146729 -0.989177 0
    outer loop
      vertex 88.3921 0.0192604 0
      vertex 88.7804 0.0768585 40
      vertex 88.3921 0.0192604 40
    endloop
  endfacet
  facet normal 0.146729 -0.989177 0
    outer loop
      vertex 88.7804 0.0768585 40
      vertex 88.3921 0.0192604 0
      vertex 88.7804 0.0768585 0
    endloop
  endfacet
  facet normal -0 0 1
    outer loop
      vertex 4 76 40
      vertex 42 73.4 40
      vertex 42 76 40
    endloop
  endfacet
  facet normal 0 0 1
    outer loop
      vertex 4 76 40
      vertex 4 73.4 40
      vertex 42 73.4 40
    endloop
  endfacet
  facet normal 0 0 1
    outer loop
      vertex 4 76 40
      vertex 3.86278 73.3933 40
      vertex 4 73.4 40
    endloop
  endfacet
  facet normal -0 0 1
    outer loop
      vertex 3.60793 75.9807 40
      vertex 3.86278 73.3933 40
      vertex 4 76 40
    endloop
  endfacet
  facet normal 0 0 1
    outer loop
      vertex 3.86278 73.3933 40
      vertex 3.60793 75.9807 40
      vertex 3.72687 73.3731 40
    endloop
  endfacet
  facet normal -0 0 1
    outer loop
      vertex 3.21964 75.9231 40
      vertex 3.72687 73.3731 40
      vertex 3.60793 75.9807 40
    endloop
  endfacet
  facet normal 0 0 1
    outer loop
      vertex 3.72687 73.3731 40
      vertex 3.21964 75.9231 40
      vertex 3.5936 73.3397 40
    endloop
  endfacet
  facet normal -0 0 1
    outer loop
      vertex 2.83886 75.8278 40
      vertex 3.5936 73.3397 40
      vertex 3.21964 75.9231 40
    endloop
  endfacet
  facet normal 0 0 1
    outer loop
      vertex 3.5936 73.3397 40
      vertex 2.83886 75.8278 40
      vertex 3.46424 73.2934 40
    endloop
  endfacet
  facet normal -0 0 1
    outer loop
      vertex 2.46927 75.6955 40
      vertex 3.46424 73.2934 40
      vertex 2.83886 75.8278 40
    endloop
  endfacet
  facet normal 0 0 1
    outer loop
      vertex 3.46424 73.2934 40
      vertex 2.46927 75.6955 40
      vertex 3.34004 73.2347 40
    endloop
  endfacet
  facet normal -0 0 1
    outer loop
      vertex 2.11441 75.5277 40
      vertex 3.34004 73.2347 40
      vertex 2.46927 75.6955 40
    endloop
  endfacet
  facet normal 0 0 1
    outer loop
      vertex 3.34004 73.2347 40
      vertex 2.11441 75.5277 40
      vertex 3.2222 73.1641 40
    endloop
  endfacet
  facet normal -0 0 1
    outer loop
      vertex 1.77772 75.3259 40
      vertex 3.2222 73.1641 40
      vertex 2.11441 75.5277 40
    endloop
  endfacet
  facet normal 0 0 1
    outer loop
      vertex 3.2222 73.1641 40
      vertex 1.77772 75.3259 40
      vertex 3.11185 73.0822 40
    endloop
  endfacet
  facet normal -0 0 1
    outer loop
      vertex 1.46243 75.092 40
      vertex 3.11185 73.0822 40
      vertex 1.77772 75.3259 40
    endloop
  endfacet
  facet normal 0 0 1
    outer loop
      vertex 3.11185 73.0822 40
      vertex 1.46243 75.092 40
      vertex 3.01005 72.99 40
    endloop
  endfacet
  facet normal -0 0 1
    outer loop
      vertex 1.17157 74.8284 40
      vertex 3.01005 72.99 40
      vertex 1.46243 75.092 40
    endloop
  endfacet
  facet normal 0 0 1
    outer loop
      vertex 3.01005 72.99 40
      vertex 1.17157 74.8284 40
      vertex 2.91778 72.8882 40
    endloop
  endfacet
  facet normal -0 0 1
    outer loop
      vertex 0.907958 74.5376 40
      vertex 2.91778 72.8882 40
      vertex 1.17157 74.8284 40
    endloop
  endfacet
  facet normal 0 0 1
    outer loop
      vertex 2.83594 72.7778 40
      vertex 0.674121 74.2223 40
      vertex 2.76531 72.66 40
    endloop
  endfacet
  facet normal -0 0 1
    outer loop
      vertex 0.674121 74.2223 40
      vertex 2.83594 72.7778 40
      vertex 0.907958 74.5376 40
    endloop
  endfacet
  facet normal 0 0 1
    outer loop
      vertex 2.91778 72.8882 40
      vertex 0.907958 74.5376 40
      vertex 2.83594 72.7778 40
    endloop
  endfacet
  facet normal 0 0 1
    outer loop
      vertex 89.4 72 40
      vertex 92 72 40
      vertex 91.9807 72.3921 40
    endloop
  endfacet
  facet normal 0 0 1
    outer loop
      vertex 92 72 40
      vertex 89.4 72 40
      vertex 92 4 40
    endloop
  endfacet
  facet normal 0 0 1
    outer loop
      vertex 89.3933 72.1372 40
      vertex 91.9807 72.3921 40
      vertex 91.9231 72.7804 40
    endloop
  endfacet
  facet normal 0 0 1
    outer loop
      vertex 89.4 4 40
      vertex 92 4 40
      vertex 89.4 72 40
    endloop
  endfacet
  facet normal 0 0 1
    outer loop
      vertex 89.3731 72.2731 40
      vertex 91.9231 72.7804 40
      vertex 91.8278 73.1611 40
    endloop
  endfacet
  facet normal 0 0 1
    outer loop
      vertex 92 4 40
      vertex 89.4 4 40
      vertex 91.9807 3.60793 40
    endloop
  endfacet
  facet normal 0 0 1
    outer loop
      vertex 89.3397 72.4064 40
      vertex 91.8278 73.1611 40
      vertex 91.6955 73.5307 40
    endloop
  endfacet
  facet normal -0 0 1
    outer loop
      vertex 89.3933 3.86278 40
      vertex 91.9807 3.60793 40
      vertex 89.4 4 40
    endloop
  endfacet
  facet normal 0 0 1
    outer loop
      vertex 89.2934 72.5358 40
      vertex 91.6955 73.5307 40
      vertex 91.5277 73.8856 40
    endloop
  endfacet
  facet normal 0 0 1
    outer loop
      vertex 91.9807 3.60793 40
      vertex 89.3933 3.86278 40
      vertex 91.9231 3.21964 40
    endloop
  endfacet
  facet normal 0 0 1
    outer loop
      vertex 89.2347 72.66 40
      vertex 91.5277 73.8856 40
      vertex 91.3259 74.2223 40
    endloop
  endfacet
  facet normal -0 0 1
    outer loop
      vertex 89.3731 3.72687 40
      vertex 91.9231 3.21964 40
      vertex 89.3933 3.86278 40
    endloop
  endfacet
  facet normal 0 0 1
    outer loop
      vertex 89.1641 72.7778 40
      vertex 91.3259 74.2223 40
      vertex 91.092 74.5376 40
    endloop
  endfacet
  facet normal 0 0 1
    outer loop
      vertex 91.9231 3.21964 40
      vertex 89.3731 3.72687 40
      vertex 91.8278 2.83886 40
    endloop
  endfacet
  facet normal 0 0 1
    outer loop
      vertex 89.0822 72.8882 40
      vertex 91.092 74.5376 40
      vertex 90.8284 74.8284 40
    endloop
  endfacet
  facet normal -0 0 1
    outer loop
      vertex 89.3397 3.5936 40
      vertex 91.8278 2.83886 40
      vertex 89.3731 3.72687 40
    endloop
  endfacet
  facet normal 0 0 1
    outer loop
      vertex 88.99 72.99 40
      vertex 90.8284 74.8284 40
      vertex 90.5376 75.092 40
    endloop
  endfacet
  facet normal 0 0 1
    outer loop
      vertex 91.8278 2.83886 40
      vertex 89.3397 3.5936 40
      vertex 91.6955 2.46927 40
    endloop
  endfacet
  facet normal 0 0 1
    outer loop
      vertex 88.8882 73.0822 40
      vertex 90.5376 75.092 40
      vertex 90.2223 75.3259 40
    endloop
  endfacet
  facet normal -0 0 1
    outer loop
      vertex 89.2934 3.46424 40
      vertex 91.6955 2.46927 40
      vertex 89.3397 3.5936 40
    endloop
  endfacet
  facet normal 0 0 1
    outer loop
      vertex 88.7778 73.1641 40
      vertex 90.2223 75.3259 40
      vertex 89.8856 75.5277 40
    endloop
  endfacet
  facet normal 0 0 1
    outer loop
      vertex 91.6955 2.46927 40
      vertex 89.2934 3.46424 40
      vertex 91.5277 2.11441 40
    endloop
  endfacet
  facet normal 0 0 1
    outer loop
      vertex 88.66 73.2347 40
      vertex 89.8856 75.5277 40
      vertex 89.5307 75.6955 40
    endloop
  endfacet
  facet normal -0 0 1
    outer loop
      vertex 89.2347 3.34004 40
      vertex 91.5277 2.11441 40
      vertex 89.2934 3.46424 40
    endloop
  endfacet
  facet normal 0 0 1
    outer loop
      vertex 91.5277 2.11441 40
      vertex 89.2347 3.34004 40
      vertex 91.3259 1.77772 40
    endloop
  endfacet
  facet normal 0 0 1
    outer loop
      vertex 91.9807 72.3921 40
      vertex 89.3933 72.1372 40
      vertex 89.4 72 40
    endloop
  endfacet
  facet normal 0 0 1
    outer loop
      vertex 91.9231 72.7804 40
      vertex 89.3731 72.2731 40
      vertex 89.3933 72.1372 40
    endloop
  endfacet
  facet normal 0 0 1
    outer loop
      vertex 91.8278 73.1611 40
      vertex 89.3397 72.4064 40
      vertex 89.3731 72.2731 40
    endloop
  endfacet
  facet normal 0 0 1
    outer loop
      vertex 91.6955 73.5307 40
      vertex 89.2934 72.5358 40
      vertex 89.3397 72.4064 40
    endloop
  endfacet
  facet normal 0 0 1
    outer loop
      vertex 91.5277 73.8856 40
      vertex 89.2347 72.66 40
      vertex 89.2934 72.5358 40
    endloop
  endfacet
  facet normal 0 0 1
    outer loop
      vertex 91.3259 74.2223 40
      vertex 89.1641 72.7778 40
      vertex 89.2347 72.66 40
    endloop
  endfacet
  facet normal 0 0 1
    outer loop
      vertex 88.5358 73.2934 40
      vertex 89.5307 75.6955 40
      vertex 89.1611 75.8278 40
    endloop
  endfacet
  facet normal 0 0 1
    outer loop
      vertex 91.092 74.5376 40
      vertex 89.0822 72.8882 40
      vertex 89.1641 72.7778 40
    endloop
  endfacet
  facet normal 0 0 1
    outer loop
      vertex 90.8284 74.8284 40
      vertex 88.99 72.99 40
      vertex 89.0822 72.8882 40
    endloop
  endfacet
  facet normal 0 0 1
    outer loop
      vertex 90.5376 75.092 40
      vertex 88.8882 73.0822 40
      vertex 88.99 72.99 40
    endloop
  endfacet
  facet normal 0 0 1
    outer loop
      vertex 88.4064 73.3397 40
      vertex 89.1611 75.8278 40
      vertex 88.7804 75.9231 40
    endloop
  endfacet
  facet normal 0 0 1
    outer loop
      vertex 90.2223 75.3259 40
      vertex 88.7778 73.1641 40
      vertex 88.8882 73.0822 40
    endloop
  endfacet
  facet normal 0 0 1
    outer loop
      vertex 89.8856 75.5277 40
      vertex 88.66 73.2347 40
      vertex 88.7778 73.1641 40
    endloop
  endfacet
  facet normal 0 0 1
    outer loop
      vertex 89.5307 75.6955 40
      vertex 88.5358 73.2934 40
      vertex 88.66 73.2347 40
    endloop
  endfacet
  facet normal 0 0 1
    outer loop
      vertex 89.1611 75.8278 40
      vertex 88.4064 73.3397 40
      vertex 88.5358 73.2934 40
    endloop
  endfacet
  facet normal 0 0 1
    outer loop
      vertex 88.2731 73.3731 40
      vertex 88.7804 75.9231 40
      vertex 88.3921 75.9807 40
    endloop
  endfacet
  facet normal 0 0 1
    outer loop
      vertex 88.7804 75.9231 40
      vertex 88.2731 73.3731 40
      vertex 88.4064 73.3397 40
    endloop
  endfacet
  facet normal 0 0 1
    outer loop
      vertex 88.3921 75.9807 40
      vertex 88.1372 73.3933 40
      vertex 88.2731 73.3731 40
    endloop
  endfacet
  facet normal 0 0 1
    outer loop
      vertex 88 76 40
      vertex 88.1372 73.3933 40
      vertex 88.3921 75.9807 40
    endloop
  endfacet
  facet normal 0 0 1
    outer loop
      vertex 88 76 40
      vertex 88 73.4 40
      vertex 88.1372 73.3933 40
    endloop
  endfacet
  facet normal -0 0 1
    outer loop
      vertex 50 76 40
      vertex 88 73.4 40
      vertex 88 76 40
    endloop
  endfacet
  facet normal 0 0 1
    outer loop
      vertex 88 73.4 40
      vertex 50 76 40
      vertex 50 73.4 40
    endloop
  endfacet
  facet normal -0 0 1
    outer loop
      vertex 89.1641 3.2222 40
      vertex 91.3259 1.77772 40
      vertex 89.2347 3.34004 40
    endloop
  endfacet
  facet normal 0 0 1
    outer loop
      vertex 91.3259 1.77772 40
      vertex 89.1641 3.2222 40
      vertex 91.092 1.46243 40
    endloop
  endfacet
  facet normal -0 0 1
    outer loop
      vertex 89.0822 3.11185 40
      vertex 91.092 1.46243 40
      vertex 89.1641 3.2222 40
    endloop
  endfacet
  facet normal 0 0 1
    outer loop
      vertex 91.092 1.46243 40
      vertex 89.0822 3.11185 40
      vertex 90.8284 1.17157 40
    endloop
  endfacet
  facet normal -0 0 1
    outer loop
      vertex 88.99 3.01005 40
      vertex 90.8284 1.17157 40
      vertex 89.0822 3.11185 40
    endloop
  endfacet
  facet normal 0 0 1
    outer loop
      vertex 90.8284 1.17157 40
      vertex 88.99 3.01005 40
      vertex 90.5376 0.907958 40
    endloop
  endfacet
  facet normal -0 0 1
    outer loop
      vertex 88.8882 2.91778 40
      vertex 90.5376 0.907958 40
      vertex 88.99 3.01005 40
    endloop
  endfacet
  facet normal 0 0 1
    outer loop
      vertex 90.5376 0.907958 40
      vertex 88.8882 2.91778 40
      vertex 90.2223 0.674121 40
    endloop
  endfacet
  facet normal -0 0 1
    outer loop
      vertex 88.7778 2.83594 40
      vertex 90.2223 0.674121 40
      vertex 88.8882 2.91778 40
    endloop
  endfacet
  facet normal 0 0 1
    outer loop
      vertex 90.2223 0.674121 40
      vertex 88.7778 2.83594 40
      vertex 89.8856 0.472315 40
    endloop
  endfacet
  facet normal -0 0 1
    outer loop
      vertex 88.66 2.76531 40
      vertex 89.8856 0.472315 40
      vertex 88.7778 2.83594 40
    endloop
  endfacet
  facet normal 0 0 1
    outer loop
      vertex 89.8856 0.472315 40
      vertex 88.66 2.76531 40
      vertex 89.5307 0.304482 40
    endloop
  endfacet
  facet normal -0 0 1
    outer loop
      vertex 88.5358 2.70657 40
      vertex 89.5307 0.304482 40
      vertex 88.66 2.76531 40
    endloop
  endfacet
  facet normal 0 0 1
    outer loop
      vertex 89.5307 0.304482 40
      vertex 88.5358 2.70657 40
      vertex 89.1611 0.172238 40
    endloop
  endfacet
  facet normal -0 0 1
    outer loop
      vertex 88.4064 2.66028 40
      vertex 89.1611 0.172238 40
      vertex 88.5358 2.70657 40
    endloop
  endfacet
  facet normal 0 0 1
    outer loop
      vertex 89.1611 0.172238 40
      vertex 88.4064 2.66028 40
      vertex 88.7804 0.0768585 40
    endloop
  endfacet
  facet normal -0 0 1
    outer loop
      vertex 88.2731 2.6269 40
      vertex 88.7804 0.0768585 40
      vertex 88.4064 2.66028 40
    endloop
  endfacet
  facet normal 0 0 1
    outer loop
      vertex 88.7804 0.0768585 40
      vertex 88.2731 2.6269 40
      vertex 88.3921 0.0192604 40
    endloop
  endfacet
  facet normal -0 0 1
    outer loop
      vertex 88.1372 2.60674 40
      vertex 88.3921 0.0192604 40
      vertex 88.2731 2.6269 40
    endloop
  endfacet
  facet normal -0 0 1
    outer loop
      vertex 88 2.6 40
      vertex 88.3921 0.0192604 40
      vertex 88.1372 2.60674 40
    endloop
  endfacet
  facet normal 0 0 1
    outer loop
      vertex 88 2.6 40
      vertex 88 0 40
      vertex 88.3921 0.0192604 40
    endloop
  endfacet
  facet normal -0 0 1
    outer loop
      vertex 4 2.6 40
      vertex 88 0 40
      vertex 88 2.6 40
    endloop
  endfacet
  facet normal 0 0 1
    outer loop
      vertex 4 2.6 40
      vertex 4 0 40
      vertex 88 0 40
    endloop
  endfacet
  facet normal 0 0 1
    outer loop
      vertex 3.86278 2.60674 40
      vertex 4 0 40
      vertex 4 2.6 40
    endloop
  endfacet
  facet normal 0 0 1
    outer loop
      vertex 3.60793 0.0192604 40
      vertex 3.86278 2.60674 40
      vertex 3.72687 2.6269 40
    endloop
  endfacet
  facet normal 0 0 1
    outer loop
      vertex 3.86278 2.60674 40
      vertex 3.60793 0.0192604 40
      vertex 4 0 40
    endloop
  endfacet
  facet normal 0 0 1
    outer loop
      vertex 3.21964 0.0768585 40
      vertex 3.72687 2.6269 40
      vertex 3.5936 2.66028 40
    endloop
  endfacet
  facet normal 0 0 1
    outer loop
      vertex 2.83886 0.172238 40
      vertex 3.5936 2.66028 40
      vertex 3.46424 2.70657 40
    endloop
  endfacet
  facet normal 0 0 1
    outer loop
      vertex 2.46927 0.304482 40
      vertex 3.46424 2.70657 40
      vertex 3.34004 2.76531 40
    endloop
  endfacet
  facet normal 0 0 1
    outer loop
      vertex 2.11441 0.472315 40
      vertex 3.34004 2.76531 40
      vertex 3.2222 2.83594 40
    endloop
  endfacet
  facet normal 0 0 1
    outer loop
      vertex 3.72687 2.6269 40
      vertex 3.21964 0.0768585 40
      vertex 3.60793 0.0192604 40
    endloop
  endfacet
  facet normal 0 0 1
    outer loop
      vertex 1.77772 0.674121 40
      vertex 3.2222 2.83594 40
      vertex 3.11185 2.91778 40
    endloop
  endfacet
  facet normal 0 0 1
    outer loop
      vertex 1.46243 0.907958 40
      vertex 3.11185 2.91778 40
      vertex 3.01005 3.01005 40
    endloop
  endfacet
  facet normal 0 0 1
    outer loop
      vertex 1.17157 1.17157 40
      vertex 3.01005 3.01005 40
      vertex 2.91778 3.11185 40
    endloop
  endfacet
  facet normal 0 0 1
    outer loop
      vertex 3.5936 2.66028 40
      vertex 2.83886 0.172238 40
      vertex 3.21964 0.0768585 40
    endloop
  endfacet
  facet normal 0 0 1
    outer loop
      vertex 0.907958 1.46243 40
      vertex 2.91778 3.11185 40
      vertex 2.83594 3.2222 40
    endloop
  endfacet
  facet normal 0 0 1
    outer loop
      vertex 0.674121 1.77772 40
      vertex 2.83594 3.2222 40
      vertex 2.76531 3.34004 40
    endloop
  endfacet
  facet normal 0 0 1
    outer loop
      vertex 0.472315 2.11441 40
      vertex 2.76531 3.34004 40
      vertex 2.70657 3.46424 40
    endloop
  endfacet
  facet normal 0 0 1
    outer loop
      vertex 0.304482 2.46927 40
      vertex 2.70657 3.46424 40
      vertex 2.66028 3.5936 40
    endloop
  endfacet
  facet normal 0 0 1
    outer loop
      vertex 0.172238 2.83886 40
      vertex 2.66028 3.5936 40
      vertex 2.6269 3.72687 40
    endloop
  endfacet
  facet normal 0 0 1
    outer loop
      vertex 0.0768585 3.21964 40
      vertex 2.6269 3.72687 40
      vertex 2.60674 3.86278 40
    endloop
  endfacet
  facet normal 0 0 1
    outer loop
      vertex 3.46424 2.70657 40
      vertex 2.46927 0.304482 40
      vertex 2.83886 0.172238 40
    endloop
  endfacet
  facet normal 0 0 1
    outer loop
      vertex 0.0192604 3.60793 40
      vertex 2.60674 3.86278 40
      vertex 2.6 4 40
    endloop
  endfacet
  facet normal 0 0 1
    outer loop
      vertex 2.6 72 40
      vertex 0 72 40
      vertex 2.6 4 40
    endloop
  endfacet
  facet normal -0 0 1
    outer loop
      vertex 0.472315 73.8856 40
      vertex 2.76531 72.66 40
      vertex 0.674121 74.2223 40
    endloop
  endfacet
  facet normal 0 0 1
    outer loop
      vertex 0 4 40
      vertex 2.6 4 40
      vertex 0 72 40
    endloop
  endfacet
  facet normal 0 0 1
    outer loop
      vertex 2.76531 72.66 40
      vertex 0.472315 73.8856 40
      vertex 2.70657 72.5358 40
    endloop
  endfacet
  facet normal 0 -0 1
    outer loop
      vertex 0.0192604 3.60793 40
      vertex 2.6 4 40
      vertex 0 4 40
    endloop
  endfacet
  facet normal -0 0 1
    outer loop
      vertex 0.304482 73.5307 40
      vertex 2.70657 72.5358 40
      vertex 0.472315 73.8856 40
    endloop
  endfacet
  facet normal 0 0 1
    outer loop
      vertex 3.34004 2.76531 40
      vertex 2.11441 0.472315 40
      vertex 2.46927 0.304482 40
    endloop
  endfacet
  facet normal 0 0 1
    outer loop
      vertex 2.70657 72.5358 40
      vertex 0.304482 73.5307 40
      vertex 2.66028 72.4064 40
    endloop
  endfacet
  facet normal 0 0 1
    outer loop
      vertex 3.2222 2.83594 40
      vertex 1.77772 0.674121 40
      vertex 2.11441 0.472315 40
    endloop
  endfacet
  facet normal -0 0 1
    outer loop
      vertex 0.172238 73.1611 40
      vertex 2.66028 72.4064 40
      vertex 0.304482 73.5307 40
    endloop
  endfacet
  facet normal 0 0 1
    outer loop
      vertex 3.11185 2.91778 40
      vertex 1.46243 0.907958 40
      vertex 1.77772 0.674121 40
    endloop
  endfacet
  facet normal 0 0 1
    outer loop
      vertex 2.66028 72.4064 40
      vertex 0.172238 73.1611 40
      vertex 2.6269 72.2731 40
    endloop
  endfacet
  facet normal 0 0 1
    outer loop
      vertex 3.01005 3.01005 40
      vertex 1.17157 1.17157 40
      vertex 1.46243 0.907958 40
    endloop
  endfacet
  facet normal -0 0 1
    outer loop
      vertex 0.0768585 72.7804 40
      vertex 2.6269 72.2731 40
      vertex 0.172238 73.1611 40
    endloop
  endfacet
  facet normal 0 0 1
    outer loop
      vertex 2.91778 3.11185 40
      vertex 0.907958 1.46243 40
      vertex 1.17157 1.17157 40
    endloop
  endfacet
  facet normal 0 0 1
    outer loop
      vertex 2.6269 72.2731 40
      vertex 0.0768585 72.7804 40
      vertex 2.60674 72.1372 40
    endloop
  endfacet
  facet normal 0 0 1
    outer loop
      vertex 2.83594 3.2222 40
      vertex 0.674121 1.77772 40
      vertex 0.907958 1.46243 40
    endloop
  endfacet
  facet normal -0 0 1
    outer loop
      vertex 0.0192604 72.3921 40
      vertex 2.60674 72.1372 40
      vertex 0.0768585 72.7804 40
    endloop
  endfacet
  facet normal 0 0 1
    outer loop
      vertex 2.76531 3.34004 40
      vertex 0.472315 2.11441 40
      vertex 0.674121 1.77772 40
    endloop
  endfacet
  facet normal 0 0 1
    outer loop
      vertex 2.60674 72.1372 40
      vertex 0.0192604 72.3921 40
      vertex 2.6 72 40
    endloop
  endfacet
  facet normal 0 0 1
    outer loop
      vertex 2.70657 3.46424 40
      vertex 0.304482 2.46927 40
      vertex 0.472315 2.11441 40
    endloop
  endfacet
  facet normal 0 0 1
    outer loop
      vertex 2.6 72 40
      vertex 0.0192604 72.3921 40
      vertex 0 72 40
    endloop
  endfacet
  facet normal 0 0 1
    outer loop
      vertex 2.66028 3.5936 40
      vertex 0.172238 2.83886 40
      vertex 0.304482 2.46927 40
    endloop
  endfacet
  facet normal 0 0 1
    outer loop
      vertex 2.6269 3.72687 40
      vertex 0.0768585 3.21964 40
      vertex 0.172238 2.83886 40
    endloop
  endfacet
  facet normal 0 0 1
    outer loop
      vertex 2.60674 3.86278 40
      vertex 0.0192604 3.60793 40
      vertex 0.0768585 3.21964 40
    endloop
  endfacet
  facet normal -0.740961 -0.671548 0
    outer loop
      vertex 1.17157 1.17157 0
      vertex 0.907958 1.46243 40
      vertex 0.907958 1.46243 0
    endloop
  endfacet
  facet normal -0.740961 -0.671548 0
    outer loop
      vertex 0.907958 1.46243 40
      vertex 1.17157 1.17157 0
      vertex 1.17157 1.17157 40
    endloop
  endfacet
  facet normal -0.146737 0.989176 0
    outer loop
      vertex 3.60793 75.9807 0
      vertex 3.21964 75.9231 40
      vertex 3.60793 75.9807 40
    endloop
  endfacet
  facet normal -0.146737 0.989176 0
    outer loop
      vertex 3.21964 75.9231 40
      vertex 3.60793 75.9807 0
      vertex 3.21964 75.9231 0
    endloop
  endfacet
  facet normal -0.595703 -0.803205 0
    outer loop
      vertex 1.46243 0.907958 0
      vertex 1.77772 0.674121 40
      vertex 1.46243 0.907958 40
    endloop
  endfacet
  facet normal -0.595703 -0.803205 -0
    outer loop
      vertex 1.77772 0.674121 40
      vertex 1.46243 0.907958 0
      vertex 1.77772 0.674121 0
    endloop
  endfacet
  facet normal 0.97008 -0.242787 0
    outer loop
      vertex 91.8278 2.83886 40
      vertex 91.9231 3.21964 0
      vertex 91.9231 3.21964 40
    endloop
  endfacet
  facet normal 0.97008 -0.242787 0
    outer loop
      vertex 91.9231 3.21964 0
      vertex 91.8278 2.83886 40
      vertex 91.8278 2.83886 0
    endloop
  endfacet
  facet normal 0.989177 0.146728 0
    outer loop
      vertex 2.6269 3.72687 40
      vertex 2.60674 3.86278 2.4
      vertex 2.60674 3.86278 40
    endloop
  endfacet
  facet normal 0.989177 0.146728 0
    outer loop
      vertex 2.60674 3.86278 2.4
      vertex 2.6269 3.72687 40
      vertex 2.6269 3.72687 2.4
    endloop
  endfacet
  facet normal 0.998796 0.0490591 0
    outer loop
      vertex 2.60674 3.86278 40
      vertex 2.6 4 2.4
      vertex 2.6 4 40
    endloop
  endfacet
  facet normal 0.998796 0.0490591 0
    outer loop
      vertex 2.6 4 2.4
      vertex 2.60674 3.86278 40
      vertex 2.60674 3.86278 2.4
    endloop
  endfacet
  facet normal -0.741191 0.671295 0
    outer loop
      vertex 88.99 3.01005 2.4
      vertex 89.0822 3.11185 40
      vertex 89.0822 3.11185 2.4
    endloop
  endfacet
  facet normal -0.741191 0.671295 0
    outer loop
      vertex 89.0822 3.11185 40
      vertex 88.99 3.01005 2.4
      vertex 88.99 3.01005 40
    endloop
  endfacet
  facet normal -0.803132 -0.595802 0
    outer loop
      vertex 89.1641 72.7778 2.4
      vertex 89.0822 72.8882 40
      vertex 89.0822 72.8882 2.4
    endloop
  endfacet
  facet normal -0.803132 -0.595802 0
    outer loop
      vertex 89.0822 72.8882 40
      vertex 89.1641 72.7778 2.4
      vertex 89.1641 72.7778 40
    endloop
  endfacet
  facet normal -1 0 0
    outer loop
      vertex 89.4 4 2.4
      vertex 89.4 72 40
      vertex 89.4 72 2.4
    endloop
  endfacet
  facet normal -1 -0 0
    outer loop
      vertex 89.4 72 40
      vertex 89.4 4 2.4
      vertex 89.4 4 40
    endloop
  endfacet
  facet normal 0 -1 0
    outer loop
      vertex 4 73.4 40
      vertex 42 73.4 11
      vertex 42 73.4 40
    endloop
  endfacet
  facet normal 0 -1 -0
    outer loop
      vertex 42 73.4 11
      vertex 4 73.4 2.4
      vertex 50 73.4 11
    endloop
  endfacet
  facet normal 0 -1 0
    outer loop
      vertex 4 73.4 2.4
      vertex 42 73.4 11
      vertex 4 73.4 40
    endloop
  endfacet
  facet normal 0 -1 0
    outer loop
      vertex 50 73.4 11
      vertex 88 73.4 40
      vertex 50 73.4 40
    endloop
  endfacet
  facet normal 0 -1 0
    outer loop
      vertex 50 73.4 11
      vertex 88 73.4 2.4
      vertex 88 73.4 40
    endloop
  endfacet
  facet normal 0 -1 0
    outer loop
      vertex 88 73.4 2.4
      vertex 50 73.4 11
      vertex 4 73.4 2.4
    endloop
  endfacet
  facet normal -0.671574 0.740937 0
    outer loop
      vertex 88.99 3.01005 2.4
      vertex 88.8882 2.91778 40
      vertex 88.99 3.01005 40
    endloop
  endfacet
  facet normal -0.671574 0.740937 0
    outer loop
      vertex 88.8882 2.91778 40
      vertex 88.99 3.01005 2.4
      vertex 88.8882 2.91778 2.4
    endloop
  endfacet
  facet normal 0.903996 -0.427542 0
    outer loop
      vertex 2.70657 72.5358 40
      vertex 2.76531 72.66 2.4
      vertex 2.76531 72.66 40
    endloop
  endfacet
  facet normal 0.903996 -0.427542 0
    outer loop
      vertex 2.76531 72.66 2.4
      vertex 2.70657 72.5358 40
      vertex 2.70657 72.5358 2.4
    endloop
  endfacet
  facet normal 1 -0 0
    outer loop
      vertex 2.6 4 40
      vertex 2.6 72 2.4
      vertex 2.6 72 40
    endloop
  endfacet
  facet normal 1 0 0
    outer loop
      vertex 2.6 72 2.4
      vertex 2.6 4 40
      vertex 2.6 4 2.4
    endloop
  endfacet
  facet normal -0.242912 0.970048 0
    outer loop
      vertex 88.4064 2.66028 2.4
      vertex 88.2731 2.6269 40
      vertex 88.4064 2.66028 40
    endloop
  endfacet
  facet normal -0.242912 0.970048 0
    outer loop
      vertex 88.2731 2.6269 40
      vertex 88.4064 2.66028 2.4
      vertex 88.2731 2.6269 2.4
    endloop
  endfacet
  facet normal 0 1 0
    outer loop
      vertex 4 2.6 40
      vertex 31.4754 2.6 24.8266
      vertex 31 2.6 24.85
    endloop
  endfacet
  facet normal 0 1 0
    outer loop
      vertex 33.2863 2.6 24.2773
      vertex 58.2895 2.6 25.071
      vertex 57.8055 2.6 24.7809
    endloop
  endfacet
  facet normal 0 1 0
    outer loop
      vertex 58.7996 2.6 25.3123
      vertex 31.9462 2.6 24.7568
      vertex 31.4754 2.6 24.8266
    endloop
  endfacet
  facet normal 0 1 0
    outer loop
      vertex 58.7996 2.6 25.3123
      vertex 32.4079 2.6 24.6412
      vertex 31.9462 2.6 24.7568
    endloop
  endfacet
  facet normal 0 1 0
    outer loop
      vertex 58.7996 2.6 25.3123
      vertex 32.856 2.6 24.4808
      vertex 32.4079 2.6 24.6412
    endloop
  endfacet
  facet normal 0 1 0
    outer loop
      vertex 33.6945 2.6 24.0326
      vertex 57.8055 2.6 24.7809
      vertex 57.3522 2.6 24.4448
    endloop
  endfacet
  facet normal 0 1 0
    outer loop
      vertex 58.2895 2.6 25.071
      vertex 33.2863 2.6 24.2773
      vertex 32.856 2.6 24.4808
    endloop
  endfacet
  facet normal 0 1 0
    outer loop
      vertex 34.0768 2.6 23.7491
      vertex 57.3522 2.6 24.4448
      vertex 56.9341 2.6 24.0659
    endloop
  endfacet
  facet normal 0 1 0
    outer loop
      vertex 57.8055 2.6 24.7809
      vertex 33.6945 2.6 24.0326
      vertex 33.2863 2.6 24.2773
    endloop
  endfacet
  facet normal 0 1 0
    outer loop
      vertex 57.3522 2.6 24.4448
      vertex 34.0768 2.6 23.7491
      vertex 33.6945 2.6 24.0326
    endloop
  endfacet
  facet normal 0 1 0
    outer loop
      vertex 34.4295 2.6 23.4295
      vertex 56.9341 2.6 24.0659
      vertex 56.5552 2.6 23.6478
    endloop
  endfacet
  facet normal 0 1 0
    outer loop
      vertex 56.9341 2.6 24.0659
      vertex 34.4295 2.6 23.4295
      vertex 34.0768 2.6 23.7491
    endloop
  endfacet
  facet normal 0 1 0
    outer loop
      vertex 34.7491 2.6 23.0768
      vertex 56.5552 2.6 23.6478
      vertex 56.219 2.6 23.1945
    endloop
  endfacet
  facet normal 0 1 0
    outer loop
      vertex 56.5552 2.6 23.6478
      vertex 34.7491 2.6 23.0768
      vertex 34.4295 2.6 23.4295
    endloop
  endfacet
  facet normal 0 1 0
    outer loop
      vertex 35.0326 2.6 22.6945
      vertex 56.219 2.6 23.1945
      vertex 55.929 2.6 22.7105
    endloop
  endfacet
  facet normal 0 1 0
    outer loop
      vertex 56.219 2.6 23.1945
      vertex 35.0326 2.6 22.6945
      vertex 34.7491 2.6 23.0768
    endloop
  endfacet
  facet normal 0 1 0
    outer loop
      vertex 55.929 2.6 22.7105
      vertex 35.2773 2.6 22.2863
      vertex 35.0326 2.6 22.6945
    endloop
  endfacet
  facet normal 0 1 -0
    outer loop
      vertex 55.6877 2.6 22.2004
      vertex 35.2773 2.6 22.2863
      vertex 55.929 2.6 22.7105
    endloop
  endfacet
  facet normal 0 1 0
    outer loop
      vertex 55.6877 2.6 22.2004
      vertex 35.4808 2.6 21.856
      vertex 35.2773 2.6 22.2863
    endloop
  endfacet
  facet normal 0 1 -0
    outer loop
      vertex 55.4976 2.6 21.6691
      vertex 35.4808 2.6 21.856
      vertex 55.6877 2.6 22.2004
    endloop
  endfacet
  facet normal 0 1 0
    outer loop
      vertex 55.4976 2.6 21.6691
      vertex 35.6412 2.6 21.4079
      vertex 35.4808 2.6 21.856
    endloop
  endfacet
  facet normal 0 1 -0
    outer loop
      vertex 55.3605 2.6 21.1218
      vertex 35.6412 2.6 21.4079
      vertex 55.4976 2.6 21.6691
    endloop
  endfacet
  facet normal 0 1 0
    outer loop
      vertex 55.3605 2.6 21.1218
      vertex 35.7568 2.6 20.9462
      vertex 35.6412 2.6 21.4079
    endloop
  endfacet
  facet normal 0 1 -0
    outer loop
      vertex 55.2777 2.6 20.5636
      vertex 35.7568 2.6 20.9462
      vertex 55.3605 2.6 21.1218
    endloop
  endfacet
  facet normal 0 1 0
    outer loop
      vertex 55.2777 2.6 20.5636
      vertex 35.8266 2.6 20.4754
      vertex 35.7568 2.6 20.9462
    endloop
  endfacet
  facet normal 0 1 -0
    outer loop
      vertex 55.25 2.6 20
      vertex 35.8266 2.6 20.4754
      vertex 55.2777 2.6 20.5636
    endloop
  endfacet
  facet normal 0 1 0
    outer loop
      vertex 55.25 2.6 20
      vertex 35.85 2.6 20
      vertex 35.8266 2.6 20.4754
    endloop
  endfacet
  facet normal 0 1 0
    outer loop
      vertex 55.25 2.6 20
      vertex 35.8266 2.6 19.5246
      vertex 35.85 2.6 20
    endloop
  endfacet
  facet normal 0 1 0
    outer loop
      vertex 55.2777 2.6 19.4364
      vertex 35.8266 2.6 19.5246
      vertex 55.25 2.6 20
    endloop
  endfacet
  facet normal 0 1 0
    outer loop
      vertex 55.2777 2.6 19.4364
      vertex 35.7568 2.6 19.0538
      vertex 35.8266 2.6 19.5246
    endloop
  endfacet
  facet normal 0 1 0
    outer loop
      vertex 55.3605 2.6 18.8782
      vertex 35.7568 2.6 19.0538
      vertex 55.2777 2.6 19.4364
    endloop
  endfacet
  facet normal 0 1 0
    outer loop
      vertex 55.3605 2.6 18.8782
      vertex 35.6412 2.6 18.5921
      vertex 35.7568 2.6 19.0538
    endloop
  endfacet
  facet normal 0 1 0
    outer loop
      vertex 55.4976 2.6 18.3309
      vertex 35.6412 2.6 18.5921
      vertex 55.3605 2.6 18.8782
    endloop
  endfacet
  facet normal 0 1 0
    outer loop
      vertex 55.4976 2.6 18.3309
      vertex 35.4808 2.6 18.144
      vertex 35.6412 2.6 18.5921
    endloop
  endfacet
  facet normal 0 1 0
    outer loop
      vertex 55.6877 2.6 17.7996
      vertex 35.4808 2.6 18.144
      vertex 55.4976 2.6 18.3309
    endloop
  endfacet
  facet normal 0 1 0
    outer loop
      vertex 55.6877 2.6 17.7996
      vertex 35.2773 2.6 17.7137
      vertex 35.4808 2.6 18.144
    endloop
  endfacet
  facet normal 0 1 0
    outer loop
      vertex 55.929 2.6 17.2895
      vertex 35.2773 2.6 17.7137
      vertex 55.6877 2.6 17.7996
    endloop
  endfacet
  facet normal 0 1 0
    outer loop
      vertex 35.2773 2.6 17.7137
      vertex 55.929 2.6 17.2895
      vertex 35.0326 2.6 17.3055
    endloop
  endfacet
  facet normal 0 1 0
    outer loop
      vertex 56.219 2.6 16.8055
      vertex 35.0326 2.6 17.3055
      vertex 55.929 2.6 17.2895
    endloop
  endfacet
  facet normal 0 1 0
    outer loop
      vertex 35.0326 2.6 17.3055
      vertex 56.219 2.6 16.8055
      vertex 34.7491 2.6 16.9232
    endloop
  endfacet
  facet normal 0 1 0
    outer loop
      vertex 56.5552 2.6 16.3522
      vertex 34.7491 2.6 16.9232
      vertex 56.219 2.6 16.8055
    endloop
  endfacet
  facet normal 0 1 0
    outer loop
      vertex 34.7491 2.6 16.9232
      vertex 56.5552 2.6 16.3522
      vertex 34.4295 2.6 16.5705
    endloop
  endfacet
  facet normal 0 1 0
    outer loop
      vertex 56.9341 2.6 15.9341
      vertex 34.4295 2.6 16.5705
      vertex 56.5552 2.6 16.3522
    endloop
  endfacet
  facet normal 0 1 0
    outer loop
      vertex 34.4295 2.6 16.5705
      vertex 56.9341 2.6 15.9341
      vertex 34.0768 2.6 16.2509
    endloop
  endfacet
  facet normal 0 1 0
    outer loop
      vertex 57.3522 2.6 15.5552
      vertex 34.0768 2.6 16.2509
      vertex 56.9341 2.6 15.9341
    endloop
  endfacet
  facet normal 0 1 0
    outer loop
      vertex 34.0768 2.6 16.2509
      vertex 57.3522 2.6 15.5552
      vertex 33.6945 2.6 15.9674
    endloop
  endfacet
  facet normal 0 1 0
    outer loop
      vertex 57.8055 2.6 15.219
      vertex 33.6945 2.6 15.9674
      vertex 57.3522 2.6 15.5552
    endloop
  endfacet
  facet normal 0 1 0
    outer loop
      vertex 33.6945 2.6 15.9674
      vertex 57.8055 2.6 15.219
      vertex 33.2863 2.6 15.7227
    endloop
  endfacet
  facet normal 0 1 0
    outer loop
      vertex 58.2895 2.6 14.929
      vertex 33.2863 2.6 15.7227
      vertex 57.8055 2.6 15.219
    endloop
  endfacet
  facet normal 0 1 0
    outer loop
      vertex 33.2863 2.6 15.7227
      vertex 58.2895 2.6 14.929
      vertex 32.856 2.6 15.5192
    endloop
  endfacet
  facet normal 0 1 0
    outer loop
      vertex 58.7996 2.6 14.6877
      vertex 32.856 2.6 15.5192
      vertex 58.2895 2.6 14.929
    endloop
  endfacet
  facet normal 0 1 0
    outer loop
      vertex 32.856 2.6 15.5192
      vertex 58.7996 2.6 14.6877
      vertex 32.4079 2.6 15.3588
    endloop
  endfacet
  facet normal 0 1 0
    outer loop
      vertex 59.3309 2.6 14.4976
      vertex 32.4079 2.6 15.3588
      vertex 58.7996 2.6 14.6877
    endloop
  endfacet
  facet normal 0 1 0
    outer loop
      vertex 32.4079 2.6 15.3588
      vertex 59.3309 2.6 14.4976
      vertex 31.9462 2.6 15.2432
    endloop
  endfacet
  facet normal 0 1 0
    outer loop
      vertex 60.4364 2.6 25.7223
      vertex 88 2.6 40
      vertex 61 2.6 25.75
    endloop
  endfacet
  facet normal 0 1 0
    outer loop
      vertex 88 2.6 40
      vertex 61.5636 2.6 25.7223
      vertex 61 2.6 25.75
    endloop
  endfacet
  facet normal 0 1 0
    outer loop
      vertex 88 2.6 40
      vertex 62.1218 2.6 25.6395
      vertex 61.5636 2.6 25.7223
    endloop
  endfacet
  facet normal 0 1 0
    outer loop
      vertex 88 2.6 40
      vertex 62.6691 2.6 25.5024
      vertex 62.1218 2.6 25.6395
    endloop
  endfacet
  facet normal 0 1 0
    outer loop
      vertex 88 2.6 40
      vertex 63.2004 2.6 25.3123
      vertex 62.6691 2.6 25.5024
    endloop
  endfacet
  facet normal 0 1 0
    outer loop
      vertex 88 2.6 40
      vertex 63.7105 2.6 25.071
      vertex 63.2004 2.6 25.3123
    endloop
  endfacet
  facet normal 0 1 0
    outer loop
      vertex 88 2.6 40
      vertex 64.1945 2.6 24.7809
      vertex 63.7105 2.6 25.071
    endloop
  endfacet
  facet normal 0 1 0
    outer loop
      vertex 88 2.6 40
      vertex 64.6478 2.6 24.4448
      vertex 64.1945 2.6 24.7809
    endloop
  endfacet
  facet normal 0 1 0
    outer loop
      vertex 88 2.6 40
      vertex 65.0659 2.6 24.0659
      vertex 64.6478 2.6 24.4448
    endloop
  endfacet
  facet normal 0 1 0
    outer loop
      vertex 88 2.6 40
      vertex 65.4448 2.6 23.6478
      vertex 65.0659 2.6 24.0659
    endloop
  endfacet
  facet normal 0 1 0
    outer loop
      vertex 88 2.6 40
      vertex 65.781 2.6 23.1945
      vertex 65.4448 2.6 23.6478
    endloop
  endfacet
  facet normal 0 1 0
    outer loop
      vertex 88 2.6 40
      vertex 66.071 2.6 22.7105
      vertex 65.781 2.6 23.1945
    endloop
  endfacet
  facet normal 0 1 0
    outer loop
      vertex 88 2.6 40
      vertex 66.3123 2.6 22.2004
      vertex 66.071 2.6 22.7105
    endloop
  endfacet
  facet normal 0 1 0
    outer loop
      vertex 88 2.6 40
      vertex 66.5024 2.6 21.6691
      vertex 66.3123 2.6 22.2004
    endloop
  endfacet
  facet normal 0 1 0
    outer loop
      vertex 88 2.6 40
      vertex 66.6395 2.6 21.1218
      vertex 66.5024 2.6 21.6691
    endloop
  endfacet
  facet normal 0 1 0
    outer loop
      vertex 88 2.6 40
      vertex 66.7223 2.6 20.5636
      vertex 66.6395 2.6 21.1218
    endloop
  endfacet
  facet normal 0 1 0
    outer loop
      vertex 88 2.6 40
      vertex 66.75 2.6 20
      vertex 66.7223 2.6 20.5636
    endloop
  endfacet
  facet normal 0 1 -0
    outer loop
      vertex 88 2.6 2.4
      vertex 66.75 2.6 20
      vertex 88 2.6 40
    endloop
  endfacet
  facet normal 0 1 0
    outer loop
      vertex 66.75 2.6 20
      vertex 88 2.6 2.4
      vertex 66.7223 2.6 19.4364
    endloop
  endfacet
  facet normal 0 1 0
    outer loop
      vertex 66.7223 2.6 19.4364
      vertex 88 2.6 2.4
      vertex 66.6395 2.6 18.8782
    endloop
  endfacet
  facet normal 0 1 0
    outer loop
      vertex 66.6395 2.6 18.8782
      vertex 88 2.6 2.4
      vertex 66.5024 2.6 18.3309
    endloop
  endfacet
  facet normal 0 1 0
    outer loop
      vertex 66.5024 2.6 18.3309
      vertex 88 2.6 2.4
      vertex 66.3123 2.6 17.7996
    endloop
  endfacet
  facet normal 0 1 0
    outer loop
      vertex 66.3123 2.6 17.7996
      vertex 88 2.6 2.4
      vertex 66.071 2.6 17.2895
    endloop
  endfacet
  facet normal 0 1 0
    outer loop
      vertex 66.071 2.6 17.2895
      vertex 88 2.6 2.4
      vertex 65.781 2.6 16.8055
    endloop
  endfacet
  facet normal 0 1 0
    outer loop
      vertex 65.781 2.6 16.8055
      vertex 88 2.6 2.4
      vertex 65.4448 2.6 16.3522
    endloop
  endfacet
  facet normal 0 1 0
    outer loop
      vertex 61.5636 2.6 14.2777
      vertex 88 2.6 2.4
      vertex 61 2.6 14.25
    endloop
  endfacet
  facet normal 0 1 0
    outer loop
      vertex 62.1218 2.6 14.3605
      vertex 88 2.6 2.4
      vertex 61.5636 2.6 14.2777
    endloop
  endfacet
  facet normal 0 1 0
    outer loop
      vertex 62.6691 2.6 14.4976
      vertex 88 2.6 2.4
      vertex 62.1218 2.6 14.3605
    endloop
  endfacet
  facet normal 0 1 0
    outer loop
      vertex 63.2004 2.6 14.6877
      vertex 88 2.6 2.4
      vertex 62.6691 2.6 14.4976
    endloop
  endfacet
  facet normal 0 1 0
    outer loop
      vertex 63.7105 2.6 14.929
      vertex 88 2.6 2.4
      vertex 63.2004 2.6 14.6877
    endloop
  endfacet
  facet normal 0 1 0
    outer loop
      vertex 64.1945 2.6 15.219
      vertex 88 2.6 2.4
      vertex 63.7105 2.6 14.929
    endloop
  endfacet
  facet normal 0 1 0
    outer loop
      vertex 64.6478 2.6 15.5552
      vertex 88 2.6 2.4
      vertex 64.1945 2.6 15.219
    endloop
  endfacet
  facet normal 0 1 0
    outer loop
      vertex 65.0659 2.6 15.9341
      vertex 88 2.6 2.4
      vertex 64.6478 2.6 15.5552
    endloop
  endfacet
  facet normal 0 1 0
    outer loop
      vertex 65.4448 2.6 16.3522
      vertex 88 2.6 2.4
      vertex 65.0659 2.6 15.9341
    endloop
  endfacet
  facet normal 0 1 0
    outer loop
      vertex 59.8782 2.6 25.6395
      vertex 88 2.6 40
      vertex 60.4364 2.6 25.7223
    endloop
  endfacet
  facet normal 0 1 0
    outer loop
      vertex 88 2.6 40
      vertex 59.8782 2.6 25.6395
      vertex 4 2.6 40
    endloop
  endfacet
  facet normal 0 1 -0
    outer loop
      vertex 59.3309 2.6 25.5024
      vertex 4 2.6 40
      vertex 59.8782 2.6 25.6395
    endloop
  endfacet
  facet normal 0 1 0
    outer loop
      vertex 31.4754 2.6 24.8266
      vertex 59.3309 2.6 25.5024
      vertex 58.7996 2.6 25.3123
    endloop
  endfacet
  facet normal 0 1 0
    outer loop
      vertex 32.856 2.6 24.4808
      vertex 58.7996 2.6 25.3123
      vertex 58.2895 2.6 25.071
    endloop
  endfacet
  facet normal 0 1 -0
    outer loop
      vertex 31.4754 2.6 24.8266
      vertex 4 2.6 40
      vertex 59.3309 2.6 25.5024
    endloop
  endfacet
  facet normal 0 1 -0
    outer loop
      vertex 30.5246 2.6 24.8266
      vertex 4 2.6 40
      vertex 31 2.6 24.85
    endloop
  endfacet
  facet normal 0 1 -0
    outer loop
      vertex 30.0538 2.6 24.7568
      vertex 4 2.6 40
      vertex 30.5246 2.6 24.8266
    endloop
  endfacet
  facet normal 0 1 -0
    outer loop
      vertex 29.5921 2.6 24.6412
      vertex 4 2.6 40
      vertex 30.0538 2.6 24.7568
    endloop
  endfacet
  facet normal 0 1 -0
    outer loop
      vertex 29.144 2.6 24.4808
      vertex 4 2.6 40
      vertex 29.5921 2.6 24.6412
    endloop
  endfacet
  facet normal 0 1 -0
    outer loop
      vertex 28.7137 2.6 24.2773
      vertex 4 2.6 40
      vertex 29.144 2.6 24.4808
    endloop
  endfacet
  facet normal 0 1 -0
    outer loop
      vertex 28.3055 2.6 24.0326
      vertex 4 2.6 40
      vertex 28.7137 2.6 24.2773
    endloop
  endfacet
  facet normal 0 1 -0
    outer loop
      vertex 27.9232 2.6 23.7491
      vertex 4 2.6 40
      vertex 28.3055 2.6 24.0326
    endloop
  endfacet
  facet normal 0 1 -0
    outer loop
      vertex 27.5705 2.6 23.4295
      vertex 4 2.6 40
      vertex 27.9232 2.6 23.7491
    endloop
  endfacet
  facet normal 0 1 -0
    outer loop
      vertex 27.2509 2.6 23.0768
      vertex 4 2.6 40
      vertex 27.5705 2.6 23.4295
    endloop
  endfacet
  facet normal 0 1 -0
    outer loop
      vertex 26.9674 2.6 22.6945
      vertex 4 2.6 40
      vertex 27.2509 2.6 23.0768
    endloop
  endfacet
  facet normal 0 1 -0
    outer loop
      vertex 26.7227 2.6 22.2863
      vertex 4 2.6 40
      vertex 26.9674 2.6 22.6945
    endloop
  endfacet
  facet normal 0 1 -0
    outer loop
      vertex 26.5192 2.6 21.856
      vertex 4 2.6 40
      vertex 26.7227 2.6 22.2863
    endloop
  endfacet
  facet normal 0 1 -0
    outer loop
      vertex 26.3588 2.6 21.4079
      vertex 4 2.6 40
      vertex 26.5192 2.6 21.856
    endloop
  endfacet
  facet normal 0 1 -0
    outer loop
      vertex 26.2432 2.6 20.9462
      vertex 4 2.6 40
      vertex 26.3588 2.6 21.4079
    endloop
  endfacet
  facet normal 0 1 -0
    outer loop
      vertex 26.1734 2.6 20.4754
      vertex 4 2.6 40
      vertex 26.2432 2.6 20.9462
    endloop
  endfacet
  facet normal 0 1 -0
    outer loop
      vertex 26.15 2.6 20
      vertex 4 2.6 40
      vertex 26.1734 2.6 20.4754
    endloop
  endfacet
  facet normal 0 1 0
    outer loop
      vertex 4 2.6 2.4
      vertex 26.15 2.6 20
      vertex 26.1734 2.6 19.5246
    endloop
  endfacet
  facet normal 0 1 0
    outer loop
      vertex 4 2.6 2.4
      vertex 26.1734 2.6 19.5246
      vertex 26.2432 2.6 19.0538
    endloop
  endfacet
  facet normal 0 1 0
    outer loop
      vertex 4 2.6 2.4
      vertex 26.2432 2.6 19.0538
      vertex 26.3588 2.6 18.5921
    endloop
  endfacet
  facet normal 0 1 0
    outer loop
      vertex 4 2.6 2.4
      vertex 26.3588 2.6 18.5921
      vertex 26.5192 2.6 18.144
    endloop
  endfacet
  facet normal 0 1 0
    outer loop
      vertex 4 2.6 2.4
      vertex 26.5192 2.6 18.144
      vertex 26.7227 2.6 17.7137
    endloop
  endfacet
  facet normal 0 1 0
    outer loop
      vertex 4 2.6 2.4
      vertex 26.7227 2.6 17.7137
      vertex 26.9674 2.6 17.3055
    endloop
  endfacet
  facet normal 0 1 0
    outer loop
      vertex 4 2.6 2.4
      vertex 26.9674 2.6 17.3055
      vertex 27.2509 2.6 16.9232
    endloop
  endfacet
  facet normal 0 1 0
    outer loop
      vertex 4 2.6 2.4
      vertex 27.2509 2.6 16.9232
      vertex 27.5705 2.6 16.5705
    endloop
  endfacet
  facet normal 0 1 0
    outer loop
      vertex 59.8782 2.6 14.3605
      vertex 31.9462 2.6 15.2432
      vertex 59.3309 2.6 14.4976
    endloop
  endfacet
  facet normal 0 1 0
    outer loop
      vertex 4 2.6 2.4
      vertex 31.9462 2.6 15.2432
      vertex 59.8782 2.6 14.3605
    endloop
  endfacet
  facet normal 0 1 0
    outer loop
      vertex 31.9462 2.6 15.2432
      vertex 4 2.6 2.4
      vertex 31.4754 2.6 15.1734
    endloop
  endfacet
  facet normal 0 1 0
    outer loop
      vertex 88 2.6 2.4
      vertex 59.8782 2.6 14.3605
      vertex 60.4364 2.6 14.2777
    endloop
  endfacet
  facet normal 0 1 0
    outer loop
      vertex 88 2.6 2.4
      vertex 60.4364 2.6 14.2777
      vertex 61 2.6 14.25
    endloop
  endfacet
  facet normal 0 1 0
    outer loop
      vertex 59.8782 2.6 14.3605
      vertex 88 2.6 2.4
      vertex 4 2.6 2.4
    endloop
  endfacet
  facet normal 0 1 0
    outer loop
      vertex 31.4754 2.6 15.1734
      vertex 4 2.6 2.4
      vertex 31 2.6 15.15
    endloop
  endfacet
  facet normal 0 1 0
    outer loop
      vertex 31 2.6 15.15
      vertex 4 2.6 2.4
      vertex 30.5246 2.6 15.1734
    endloop
  endfacet
  facet normal 0 1 0
    outer loop
      vertex 26.15 2.6 20
      vertex 4 2.6 2.4
      vertex 4 2.6 40
    endloop
  endfacet
  facet normal 0 1 0
    outer loop
      vertex 27.9232 2.6 16.2509
      vertex 4 2.6 2.4
      vertex 27.5705 2.6 16.5705
    endloop
  endfacet
  facet normal 0 1 0
    outer loop
      vertex 28.3055 2.6 15.9674
      vertex 4 2.6 2.4
      vertex 27.9232 2.6 16.2509
    endloop
  endfacet
  facet normal 0 1 0
    outer loop
      vertex 28.7137 2.6 15.7227
      vertex 4 2.6 2.4
      vertex 28.3055 2.6 15.9674
    endloop
  endfacet
  facet normal 0 1 0
    outer loop
      vertex 29.144 2.6 15.5192
      vertex 4 2.6 2.4
      vertex 28.7137 2.6 15.7227
    endloop
  endfacet
  facet normal 0 1 0
    outer loop
      vertex 29.5921 2.6 15.3588
      vertex 4 2.6 2.4
      vertex 29.144 2.6 15.5192
    endloop
  endfacet
  facet normal 0 1 0
    outer loop
      vertex 30.0538 2.6 15.2432
      vertex 4 2.6 2.4
      vertex 29.5921 2.6 15.3588
    endloop
  endfacet
  facet normal 0 1 0
    outer loop
      vertex 30.5246 2.6 15.1734
      vertex 4 2.6 2.4
      vertex 30.0538 2.6 15.2432
    endloop
  endfacet
  facet normal -0.59552 0.803341 0
    outer loop
      vertex 88.8882 2.91778 2.4
      vertex 88.7778 2.83594 40
      vertex 88.8882 2.91778 40
    endloop
  endfacet
  facet normal -0.59552 0.803341 0
    outer loop
      vertex 88.7778 2.83594 40
      vertex 88.8882 2.91778 2.4
      vertex 88.7778 2.83594 2.4
    endloop
  endfacet
  facet normal -0.970014 -0.243049 0
    outer loop
      vertex 89.3731 72.2731 2.4
      vertex 89.3397 72.4064 40
      vertex 89.3397 72.4064 2.4
    endloop
  endfacet
  facet normal -0.970014 -0.243049 0
    outer loop
      vertex 89.3397 72.4064 40
      vertex 89.3731 72.2731 2.4
      vertex 89.3731 72.2731 40
    endloop
  endfacet
  facet normal 0.242964 0.970035 -0
    outer loop
      vertex 3.72687 2.6269 2.4
      vertex 3.5936 2.66028 40
      vertex 3.72687 2.6269 40
    endloop
  endfacet
  facet normal 0.242964 0.970035 0
    outer loop
      vertex 3.5936 2.66028 40
      vertex 3.72687 2.6269 2.4
      vertex 3.5936 2.66028 2.4
    endloop
  endfacet
  facet normal -0.803003 0.595976 0
    outer loop
      vertex 89.0822 3.11185 2.4
      vertex 89.1641 3.2222 40
      vertex 89.1641 3.2222 2.4
    endloop
  endfacet
  facet normal -0.803003 0.595976 0
    outer loop
      vertex 89.1641 3.2222 40
      vertex 89.0822 3.11185 2.4
      vertex 89.0822 3.11185 40
    endloop
  endfacet
  facet normal -0.336825 0.941567 0
    outer loop
      vertex 88.5358 2.70657 2.4
      vertex 88.4064 2.66028 40
      vertex 88.5358 2.70657 40
    endloop
  endfacet
  facet normal -0.336825 0.941567 0
    outer loop
      vertex 88.4064 2.66028 40
      vertex 88.5358 2.70657 2.4
      vertex 88.4064 2.66028 2.4
    endloop
  endfacet
  facet normal -0.514067 -0.85775 0
    outer loop
      vertex 88.66 73.2347 2.4
      vertex 88.7778 73.1641 40
      vertex 88.66 73.2347 40
    endloop
  endfacet
  facet normal -0.514067 -0.85775 -0
    outer loop
      vertex 88.7778 73.1641 40
      vertex 88.66 73.2347 2.4
      vertex 88.7778 73.1641 2.4
    endloop
  endfacet
  facet normal -0.741191 -0.671295 0
    outer loop
      vertex 89.0822 72.8882 2.4
      vertex 88.99 72.99 40
      vertex 88.99 72.99 2.4
    endloop
  endfacet
  facet normal -0.741191 -0.671295 0
    outer loop
      vertex 88.99 72.99 40
      vertex 89.0822 72.8882 2.4
      vertex 89.0822 72.8882 40
    endloop
  endfacet
  facet normal 0.671295 -0.741191 0
    outer loop
      vertex 3.01005 72.99 2.4
      vertex 3.11185 73.0822 40
      vertex 3.01005 72.99 40
    endloop
  endfacet
  facet normal 0.671295 -0.741191 0
    outer loop
      vertex 3.11185 73.0822 40
      vertex 3.01005 72.99 2.4
      vertex 3.11185 73.0822 2.4
    endloop
  endfacet
  facet normal -0.243049 -0.970014 0
    outer loop
      vertex 88.2731 73.3731 2.4
      vertex 88.4064 73.3397 40
      vertex 88.2731 73.3731 40
    endloop
  endfacet
  facet normal -0.243049 -0.970014 -0
    outer loop
      vertex 88.4064 73.3397 40
      vertex 88.2731 73.3731 2.4
      vertex 88.4064 73.3397 2.4
    endloop
  endfacet
  facet normal -0.0487757 -0.99881 0
    outer loop
      vertex 88 73.4 2.4
      vertex 88.1372 73.3933 40
      vertex 88 73.4 40
    endloop
  endfacet
  facet normal -0.0487757 -0.99881 -0
    outer loop
      vertex 88.1372 73.3933 40
      vertex 88 73.4 2.4
      vertex 88.1372 73.3933 2.4
    endloop
  endfacet
  facet normal -0.99881 -0.0487757 0
    outer loop
      vertex 89.4 72 2.4
      vertex 89.3933 72.1372 40
      vertex 89.3933 72.1372 2.4
    endloop
  endfacet
  facet normal -0.99881 -0.0487757 0
    outer loop
      vertex 89.3933 72.1372 40
      vertex 89.4 72 2.4
      vertex 89.4 72 40
    endloop
  endfacet
  facet normal 0.740937 -0.671574 0
    outer loop
      vertex 2.91778 72.8882 40
      vertex 3.01005 72.99 2.4
      vertex 3.01005 72.99 40
    endloop
  endfacet
  facet normal 0.740937 -0.671574 0
    outer loop
      vertex 3.01005 72.99 2.4
      vertex 2.91778 72.8882 40
      vertex 2.91778 72.8882 2.4
    endloop
  endfacet
  facet normal 0.427304 -0.904108 0
    outer loop
      vertex 3.34004 73.2347 2.4
      vertex 3.46424 73.2934 40
      vertex 3.34004 73.2347 40
    endloop
  endfacet
  facet normal 0.427304 -0.904108 0
    outer loop
      vertex 3.46424 73.2934 40
      vertex 3.34004 73.2347 2.4
      vertex 3.46424 73.2934 2.4
    endloop
  endfacet
  facet normal -0.904108 -0.427304 0
    outer loop
      vertex 89.2934 72.5358 2.4
      vertex 89.2347 72.66 40
      vertex 89.2347 72.66 2.4
    endloop
  endfacet
  facet normal -0.904108 -0.427304 0
    outer loop
      vertex 89.2347 72.66 40
      vertex 89.2934 72.5358 2.4
      vertex 89.2934 72.5358 40
    endloop
  endfacet
  facet normal -0.595802 -0.803132 0
    outer loop
      vertex 88.7778 73.1641 2.4
      vertex 88.8882 73.0822 40
      vertex 88.7778 73.1641 40
    endloop
  endfacet
  facet normal -0.595802 -0.803132 -0
    outer loop
      vertex 88.8882 73.0822 40
      vertex 88.7778 73.1641 2.4
      vertex 88.8882 73.0822 2.4
    endloop
  endfacet
  facet normal -0.427542 0.903996 0
    outer loop
      vertex 88.66 2.76531 2.4
      vertex 88.5358 2.70657 40
      vertex 88.66 2.76531 40
    endloop
  endfacet
  facet normal -0.427542 0.903996 0
    outer loop
      vertex 88.5358 2.70657 40
      vertex 88.66 2.76531 2.4
      vertex 88.5358 2.70657 2.4
    endloop
  endfacet
  facet normal -0.336889 -0.941544 0
    outer loop
      vertex 88.4064 73.3397 2.4
      vertex 88.5358 73.2934 40
      vertex 88.4064 73.3397 40
    endloop
  endfacet
  facet normal -0.336889 -0.941544 -0
    outer loop
      vertex 88.5358 73.2934 40
      vertex 88.4064 73.3397 2.4
      vertex 88.5358 73.2934 2.4
    endloop
  endfacet
  facet normal 0.336982 -0.941511 0
    outer loop
      vertex 3.46424 73.2934 2.4
      vertex 3.5936 73.3397 40
      vertex 3.46424 73.2934 40
    endloop
  endfacet
  facet normal 0.336982 -0.941511 0
    outer loop
      vertex 3.5936 73.3397 40
      vertex 3.46424 73.2934 2.4
      vertex 3.5936 73.3397 2.4
    endloop
  endfacet
  facet normal -0.989133 -0.147023 0
    outer loop
      vertex 89.3933 72.1372 2.4
      vertex 89.3731 72.2731 40
      vertex 89.3731 72.2731 2.4
    endloop
  endfacet
  facet normal -0.989133 -0.147023 0
    outer loop
      vertex 89.3731 72.2731 40
      vertex 89.3933 72.1372 2.4
      vertex 89.3933 72.1372 40
    endloop
  endfacet
  facet normal -0.941544 -0.336889 0
    outer loop
      vertex 89.3397 72.4064 2.4
      vertex 89.2934 72.5358 40
      vertex 89.2934 72.5358 2.4
    endloop
  endfacet
  facet normal -0.941544 -0.336889 0
    outer loop
      vertex 89.2934 72.5358 40
      vertex 89.3397 72.4064 2.4
      vertex 89.3397 72.4064 40
    endloop
  endfacet
  facet normal 0.803341 -0.59552 0
    outer loop
      vertex 2.83594 72.7778 40
      vertex 2.91778 72.8882 2.4
      vertex 2.91778 72.8882 40
    endloop
  endfacet
  facet normal 0.803341 -0.59552 0
    outer loop
      vertex 2.91778 72.8882 2.4
      vertex 2.83594 72.7778 40
      vertex 2.83594 72.7778 2.4
    endloop
  endfacet
  facet normal -0.85775 -0.514067 0
    outer loop
      vertex 89.2347 72.66 2.4
      vertex 89.1641 72.7778 40
      vertex 89.1641 72.7778 2.4
    endloop
  endfacet
  facet normal -0.85775 -0.514067 0
    outer loop
      vertex 89.1641 72.7778 40
      vertex 89.2347 72.66 2.4
      vertex 89.2347 72.66 40
    endloop
  endfacet
  facet normal 0.998796 -0.0490662 0
    outer loop
      vertex 2.6 72 40
      vertex 2.60674 72.1372 2.4
      vertex 2.60674 72.1372 40
    endloop
  endfacet
  facet normal 0.998796 -0.0490662 0
    outer loop
      vertex 2.60674 72.1372 2.4
      vertex 2.6 72 40
      vertex 2.6 72 2.4
    endloop
  endfacet
  facet normal 0.857653 -0.514228 0
    outer loop
      vertex 2.76531 72.66 40
      vertex 2.83594 72.7778 2.4
      vertex 2.83594 72.7778 40
    endloop
  endfacet
  facet normal 0.857653 -0.514228 0
    outer loop
      vertex 2.83594 72.7778 2.4
      vertex 2.76531 72.66 40
      vertex 2.76531 72.66 2.4
    endloop
  endfacet
  facet normal -0.970001 0.243101 0
    outer loop
      vertex 89.3397 3.5936 2.4
      vertex 89.3731 3.72687 40
      vertex 89.3731 3.72687 2.4
    endloop
  endfacet
  facet normal -0.970001 0.243101 0
    outer loop
      vertex 89.3731 3.72687 40
      vertex 89.3397 3.5936 2.4
      vertex 89.3397 3.5936 40
    endloop
  endfacet
  facet normal 0.5141 0.85773 -0
    outer loop
      vertex 3.34004 2.76531 2.4
      vertex 3.2222 2.83594 40
      vertex 3.34004 2.76531 40
    endloop
  endfacet
  facet normal 0.5141 0.85773 0
    outer loop
      vertex 3.2222 2.83594 40
      vertex 3.34004 2.76531 2.4
      vertex 3.2222 2.83594 2.4
    endloop
  endfacet
  facet normal 0.989175 -0.146739 0
    outer loop
      vertex 2.60674 72.1372 40
      vertex 2.6269 72.2731 2.4
      vertex 2.6269 72.2731 40
    endloop
  endfacet
  facet normal 0.989175 -0.146739 0
    outer loop
      vertex 2.6269 72.2731 2.4
      vertex 2.60674 72.1372 40
      vertex 2.60674 72.1372 2.4
    endloop
  endfacet
  facet normal -0.671295 -0.741191 0
    outer loop
      vertex 88.8882 73.0822 2.4
      vertex 88.99 72.99 40
      vertex 88.8882 73.0822 40
    endloop
  endfacet
  facet normal -0.671295 -0.741191 -0
    outer loop
      vertex 88.99 72.99 40
      vertex 88.8882 73.0822 2.4
      vertex 88.99 72.99 2.4
    endloop
  endfacet
  facet normal -0.857827 0.513939 0
    outer loop
      vertex 89.1641 3.2222 2.4
      vertex 89.2347 3.34004 40
      vertex 89.2347 3.34004 2.4
    endloop
  endfacet
  facet normal -0.857827 0.513939 0
    outer loop
      vertex 89.2347 3.34004 40
      vertex 89.1641 3.2222 2.4
      vertex 89.1641 3.2222 40
    endloop
  endfacet
  facet normal 0.513939 -0.857827 0
    outer loop
      vertex 3.2222 73.1641 2.4
      vertex 3.34004 73.2347 40
      vertex 3.2222 73.1641 40
    endloop
  endfacet
  facet normal 0.513939 -0.857827 0
    outer loop
      vertex 3.34004 73.2347 40
      vertex 3.2222 73.1641 2.4
      vertex 3.34004 73.2347 2.4
    endloop
  endfacet
  facet normal 0.595976 -0.803003 0
    outer loop
      vertex 3.11185 73.0822 2.4
      vertex 3.2222 73.1641 40
      vertex 3.11185 73.0822 40
    endloop
  endfacet
  facet normal 0.595976 -0.803003 0
    outer loop
      vertex 3.2222 73.1641 40
      vertex 3.11185 73.0822 2.4
      vertex 3.2222 73.1641 2.4
    endloop
  endfacet
  facet normal -0.427304 -0.904108 0
    outer loop
      vertex 88.5358 73.2934 2.4
      vertex 88.66 73.2347 40
      vertex 88.5358 73.2934 40
    endloop
  endfacet
  facet normal -0.427304 -0.904108 -0
    outer loop
      vertex 88.66 73.2347 40
      vertex 88.5358 73.2934 2.4
      vertex 88.66 73.2347 2.4
    endloop
  endfacet
  facet normal -0.989135 0.147013 0
    outer loop
      vertex 89.3731 3.72687 2.4
      vertex 89.3933 3.86278 40
      vertex 89.3933 3.86278 2.4
    endloop
  endfacet
  facet normal -0.989135 0.147013 0
    outer loop
      vertex 89.3933 3.86278 40
      vertex 89.3731 3.72687 2.4
      vertex 89.3731 3.72687 40
    endloop
  endfacet
  facet normal 0.970048 -0.242912 0
    outer loop
      vertex 2.6269 72.2731 40
      vertex 2.66028 72.4064 2.4
      vertex 2.66028 72.4064 40
    endloop
  endfacet
  facet normal 0.970048 -0.242912 0
    outer loop
      vertex 2.66028 72.4064 2.4
      vertex 2.6269 72.2731 40
      vertex 2.6269 72.2731 2.4
    endloop
  endfacet
  facet normal -0.147023 -0.989133 0
    outer loop
      vertex 88.1372 73.3933 2.4
      vertex 88.2731 73.3731 40
      vertex 88.1372 73.3933 40
    endloop
  endfacet
  facet normal -0.147023 -0.989133 -0
    outer loop
      vertex 88.2731 73.3731 40
      vertex 88.1372 73.3933 2.4
      vertex 88.2731 73.3731 2.4
    endloop
  endfacet
  facet normal 0 0 1
    outer loop
      vertex 16 68 2.4
      vertex 13.3062 65.6937 2.4
      vertex 16 61 2.4
    endloop
  endfacet
  facet normal 0 0 1
    outer loop
      vertex 16 35 2.4
      vertex 13.4783 9.44108 2.4
      vertex 13.5 9 2.4
    endloop
  endfacet
  facet normal -0 0 1
    outer loop
      vertex 13.1575 65.2779 2.4
      vertex 16 61 2.4
      vertex 13.3062 65.6937 2.4
    endloop
  endfacet
  facet normal 0 0 1
    outer loop
      vertex 16 35 2.4
      vertex 13.4135 9.87791 2.4
      vertex 13.4783 9.44108 2.4
    endloop
  endfacet
  facet normal -0 0 1
    outer loop
      vertex 12.9686 64.8787 2.4
      vertex 16 61 2.4
      vertex 13.1575 65.2779 2.4
    endloop
  endfacet
  facet normal 0 0 1
    outer loop
      vertex 16 35 2.4
      vertex 13.3062 10.3063 2.4
      vertex 13.4135 9.87791 2.4
    endloop
  endfacet
  facet normal -0 0 1
    outer loop
      vertex 12.7416 64.4999 2.4
      vertex 16 61 2.4
      vertex 12.9686 64.8787 2.4
    endloop
  endfacet
  facet normal 0 0 1
    outer loop
      vertex 16 35 2.4
      vertex 13.1575 10.7221 2.4
      vertex 13.3062 10.3063 2.4
    endloop
  endfacet
  facet normal -0 0 1
    outer loop
      vertex 12.4785 64.1452 2.4
      vertex 16 61 2.4
      vertex 12.7416 64.4999 2.4
    endloop
  endfacet
  facet normal 0 0 1
    outer loop
      vertex 16 35 2.4
      vertex 12.9686 11.1213 2.4
      vertex 13.1575 10.7221 2.4
    endloop
  endfacet
  facet normal -0 0 1
    outer loop
      vertex 12.182 63.818 2.4
      vertex 16 61 2.4
      vertex 12.4785 64.1452 2.4
    endloop
  endfacet
  facet normal 0 0 1
    outer loop
      vertex 16 35 2.4
      vertex 12.7416 11.5001 2.4
      vertex 12.9686 11.1213 2.4
    endloop
  endfacet
  facet normal -0 0 1
    outer loop
      vertex 11.8548 63.5215 2.4
      vertex 16 61 2.4
      vertex 12.182 63.818 2.4
    endloop
  endfacet
  facet normal 0 0 1
    outer loop
      vertex 16 35 2.4
      vertex 12.4785 11.8548 2.4
      vertex 12.7416 11.5001 2.4
    endloop
  endfacet
  facet normal -0 0 1
    outer loop
      vertex 11.5001 63.2584 2.4
      vertex 16 61 2.4
      vertex 11.8548 63.5215 2.4
    endloop
  endfacet
  facet normal 0 0 1
    outer loop
      vertex 16 35 2.4
      vertex 12.182 12.182 2.4
      vertex 12.4785 11.8548 2.4
    endloop
  endfacet
  facet normal -0 0 1
    outer loop
      vertex 11.1213 63.0314 2.4
      vertex 16 61 2.4
      vertex 11.5001 63.2584 2.4
    endloop
  endfacet
  facet normal 0 0 1
    outer loop
      vertex 16 35 2.4
      vertex 11.8548 12.4785 2.4
      vertex 12.182 12.182 2.4
    endloop
  endfacet
  facet normal -0 0 1
    outer loop
      vertex 10.7221 62.8425 2.4
      vertex 16 61 2.4
      vertex 11.1213 63.0314 2.4
    endloop
  endfacet
  facet normal 0 0 1
    outer loop
      vertex 16 35 2.4
      vertex 11.5001 12.7416 2.4
      vertex 11.8548 12.4785 2.4
    endloop
  endfacet
  facet normal -0 0 1
    outer loop
      vertex 10.3063 62.6938 2.4
      vertex 16 61 2.4
      vertex 10.7221 62.8425 2.4
    endloop
  endfacet
  facet normal 0 0 1
    outer loop
      vertex 16 35 2.4
      vertex 11.1213 12.9686 2.4
      vertex 11.5001 12.7416 2.4
    endloop
  endfacet
  facet normal -0 0 1
    outer loop
      vertex 9.87791 62.5865 2.4
      vertex 16 61 2.4
      vertex 10.3063 62.6938 2.4
    endloop
  endfacet
  facet normal 0 0 1
    outer loop
      vertex 16 35 2.4
      vertex 10.7221 13.1575 2.4
      vertex 11.1213 12.9686 2.4
    endloop
  endfacet
  facet normal -0 0 1
    outer loop
      vertex 9.44108 62.5217 2.4
      vertex 16 61 2.4
      vertex 9.87791 62.5865 2.4
    endloop
  endfacet
  facet normal 0 0 1
    outer loop
      vertex 16 35 2.4
      vertex 10.3063 13.3062 2.4
      vertex 10.7221 13.1575 2.4
    endloop
  endfacet
  facet normal -0 0 1
    outer loop
      vertex 9 62.5 2.4
      vertex 16 61 2.4
      vertex 9.44108 62.5217 2.4
    endloop
  endfacet
  facet normal 0 0 1
    outer loop
      vertex 16 35 2.4
      vertex 9.87791 13.4135 2.4
      vertex 10.3063 13.3062 2.4
    endloop
  endfacet
  facet normal 0 0 1
    outer loop
      vertex 16 61 2.4
      vertex 9 62.5 2.4
      vertex 16 35 2.4
    endloop
  endfacet
  facet normal 0 0 1
    outer loop
      vertex 16 35 2.4
      vertex 9.44108 13.4783 2.4
      vertex 9.87791 13.4135 2.4
    endloop
  endfacet
  facet normal 0 0 1
    outer loop
      vertex 8.55892 62.5217 2.4
      vertex 16 35 2.4
      vertex 9 62.5 2.4
    endloop
  endfacet
  facet normal 0 0 1
    outer loop
      vertex 16 35 2.4
      vertex 9 13.5 2.4
      vertex 9.44108 13.4783 2.4
    endloop
  endfacet
  facet normal 0 0 1
    outer loop
      vertex 8.12209 62.5865 2.4
      vertex 16 35 2.4
      vertex 8.55892 62.5217 2.4
    endloop
  endfacet
  facet normal 0 0 1
    outer loop
      vertex 16 35 2.4
      vertex 8.55892 13.4783 2.4
      vertex 9 13.5 2.4
    endloop
  endfacet
  facet normal 0 0 1
    outer loop
      vertex 7.69372 62.6938 2.4
      vertex 16 35 2.4
      vertex 8.12209 62.5865 2.4
    endloop
  endfacet
  facet normal 0 0 1
    outer loop
      vertex 16 35 2.4
      vertex 8.12209 13.4135 2.4
      vertex 8.55892 13.4783 2.4
    endloop
  endfacet
  facet normal 0 0 1
    outer loop
      vertex 7.27793 62.8425 2.4
      vertex 16 35 2.4
      vertex 7.69372 62.6938 2.4
    endloop
  endfacet
  facet normal 0 0 1
    outer loop
      vertex 16 35 2.4
      vertex 7.69372 13.3062 2.4
      vertex 8.12209 13.4135 2.4
    endloop
  endfacet
  facet normal 0 0 1
    outer loop
      vertex 6.87872 63.0314 2.4
      vertex 16 35 2.4
      vertex 7.27793 62.8425 2.4
    endloop
  endfacet
  facet normal 0 0 1
    outer loop
      vertex 16 35 2.4
      vertex 7.27793 13.1575 2.4
      vertex 7.69372 13.3062 2.4
    endloop
  endfacet
  facet normal 0 0 1
    outer loop
      vertex 6.49993 63.2584 2.4
      vertex 16 35 2.4
      vertex 6.87872 63.0314 2.4
    endloop
  endfacet
  facet normal 0 0 1
    outer loop
      vertex 16 35 2.4
      vertex 6.87872 12.9686 2.4
      vertex 7.27793 13.1575 2.4
    endloop
  endfacet
  facet normal 0 0 1
    outer loop
      vertex 6.14523 63.5215 2.4
      vertex 16 35 2.4
      vertex 6.49993 63.2584 2.4
    endloop
  endfacet
  facet normal 0 0 1
    outer loop
      vertex 16 35 2.4
      vertex 6.49993 12.7416 2.4
      vertex 6.87872 12.9686 2.4
    endloop
  endfacet
  facet normal 0 0 1
    outer loop
      vertex 5.81802 63.818 2.4
      vertex 16 35 2.4
      vertex 6.14523 63.5215 2.4
    endloop
  endfacet
  facet normal 0 0 1
    outer loop
      vertex 16 35 2.4
      vertex 6.14523 12.4785 2.4
      vertex 6.49993 12.7416 2.4
    endloop
  endfacet
  facet normal 0 0 1
    outer loop
      vertex 5.81802 12.182 2.4
      vertex 16 35 2.4
      vertex 5.81802 63.818 2.4
    endloop
  endfacet
  facet normal 0 0 1
    outer loop
      vertex 16 35 2.4
      vertex 5.81802 12.182 2.4
      vertex 6.14523 12.4785 2.4
    endloop
  endfacet
  facet normal 0 0 1
    outer loop
      vertex 5.52145 64.1452 2.4
      vertex 5.81802 12.182 2.4
      vertex 5.81802 63.818 2.4
    endloop
  endfacet
  facet normal 0 0 1
    outer loop
      vertex 5.52145 64.1452 2.4
      vertex 5.52145 11.8548 2.4
      vertex 5.81802 12.182 2.4
    endloop
  endfacet
  facet normal 0 0 1
    outer loop
      vertex 5.25839 64.4999 2.4
      vertex 5.52145 11.8548 2.4
      vertex 5.52145 64.1452 2.4
    endloop
  endfacet
  facet normal 0 0 1
    outer loop
      vertex 5.25839 64.4999 2.4
      vertex 5.25839 11.5001 2.4
      vertex 5.52145 11.8548 2.4
    endloop
  endfacet
  facet normal 0 0 1
    outer loop
      vertex 5.03135 64.8787 2.4
      vertex 5.25839 11.5001 2.4
      vertex 5.25839 64.4999 2.4
    endloop
  endfacet
  facet normal 0 0 1
    outer loop
      vertex 5.03135 64.8787 2.4
      vertex 5.03135 11.1213 2.4
      vertex 5.25839 11.5001 2.4
    endloop
  endfacet
  facet normal 0 0 1
    outer loop
      vertex 4.84254 65.2779 2.4
      vertex 5.03135 11.1213 2.4
      vertex 5.03135 64.8787 2.4
    endloop
  endfacet
  facet normal 0 0 1
    outer loop
      vertex 4.84254 65.2779 2.4
      vertex 4.84254 10.7221 2.4
      vertex 5.03135 11.1213 2.4
    endloop
  endfacet
  facet normal 0 0 1
    outer loop
      vertex 4.69377 65.6937 2.4
      vertex 4.84254 10.7221 2.4
      vertex 4.84254 65.2779 2.4
    endloop
  endfacet
  facet normal 0 0 1
    outer loop
      vertex 4.69377 65.6937 2.4
      vertex 4.69377 10.3063 2.4
      vertex 4.84254 10.7221 2.4
    endloop
  endfacet
  facet normal 0 0 1
    outer loop
      vertex 2.6 72 2.4
      vertex 4.69377 65.6937 2.4
      vertex 4.58647 66.1221 2.4
    endloop
  endfacet
  facet normal 0 0 1
    outer loop
      vertex 4.69377 65.6937 2.4
      vertex 2.6 72 2.4
      vertex 4.69377 10.3063 2.4
    endloop
  endfacet
  facet normal 0 0 1
    outer loop
      vertex 2.6 72 2.4
      vertex 4.58647 66.1221 2.4
      vertex 4.52167 66.5589 2.4
    endloop
  endfacet
  facet normal 0 0 1
    outer loop
      vertex 2.6 4 2.4
      vertex 4.69377 10.3063 2.4
      vertex 2.6 72 2.4
    endloop
  endfacet
  facet normal 0 0 1
    outer loop
      vertex 2.6 72 2.4
      vertex 4.52167 66.5589 2.4
      vertex 4.5 67 2.4
    endloop
  endfacet
  facet normal 0 0 1
    outer loop
      vertex 4.69377 10.3063 2.4
      vertex 2.6 4 2.4
      vertex 4.58647 9.87791 2.4
    endloop
  endfacet
  facet normal -0 0 1
    outer loop
      vertex 16 61 2.4
      vertex 23 35 2.4
      vertex 23 61 2.4
    endloop
  endfacet
  facet normal 0 0 1
    outer loop
      vertex 23 35 2.4
      vertex 16 61 2.4
      vertex 16 35 2.4
    endloop
  endfacet
  facet normal -0 0 1
    outer loop
      vertex 69 61 2.4
      vertex 76 35 2.4
      vertex 76 61 2.4
    endloop
  endfacet
  facet normal 0 0 1
    outer loop
      vertex 76 35 2.4
      vertex 69 61 2.4
      vertex 69 35 2.4
    endloop
  endfacet
  facet normal 0 0 1
    outer loop
      vertex 87.3062 65.6937 2.4
      vertex 89.4 72 2.4
      vertex 87.4135 66.1221 2.4
    endloop
  endfacet
  facet normal 0 0 1
    outer loop
      vertex 89.4 4 2.4
      vertex 87.4783 9.44108 2.4
      vertex 87.5 9 2.4
    endloop
  endfacet
  facet normal 0 0 1
    outer loop
      vertex 89.4 72 2.4
      vertex 87.3062 65.6937 2.4
      vertex 89.4 4 2.4
    endloop
  endfacet
  facet normal 0 0 1
    outer loop
      vertex 89.4 4 2.4
      vertex 87.4135 9.87791 2.4
      vertex 87.4783 9.44108 2.4
    endloop
  endfacet
  facet normal -0 0 1
    outer loop
      vertex 87.3062 10.3063 2.4
      vertex 89.4 4 2.4
      vertex 87.3062 65.6937 2.4
    endloop
  endfacet
  facet normal 0 0 1
    outer loop
      vertex 89.4 4 2.4
      vertex 87.3062 10.3063 2.4
      vertex 87.4135 9.87791 2.4
    endloop
  endfacet
  facet normal -0 0 1
    outer loop
      vertex 87.1575 65.2779 2.4
      vertex 87.3062 10.3063 2.4
      vertex 87.3062 65.6937 2.4
    endloop
  endfacet
  facet normal 0 0 1
    outer loop
      vertex 87.1575 65.2779 2.4
      vertex 87.1575 10.7221 2.4
      vertex 87.3062 10.3063 2.4
    endloop
  endfacet
  facet normal -0 0 1
    outer loop
      vertex 86.9686 64.8787 2.4
      vertex 87.1575 10.7221 2.4
      vertex 87.1575 65.2779 2.4
    endloop
  endfacet
  facet normal 0 0 1
    outer loop
      vertex 86.9686 64.8787 2.4
      vertex 86.9686 11.1213 2.4
      vertex 87.1575 10.7221 2.4
    endloop
  endfacet
  facet normal -0 0 1
    outer loop
      vertex 86.7416 64.4999 2.4
      vertex 86.9686 11.1213 2.4
      vertex 86.9686 64.8787 2.4
    endloop
  endfacet
  facet normal 0 0 1
    outer loop
      vertex 86.7416 64.4999 2.4
      vertex 86.7416 11.5001 2.4
      vertex 86.9686 11.1213 2.4
    endloop
  endfacet
  facet normal -0 0 1
    outer loop
      vertex 86.4785 64.1452 2.4
      vertex 86.7416 11.5001 2.4
      vertex 86.7416 64.4999 2.4
    endloop
  endfacet
  facet normal 0 0 1
    outer loop
      vertex 86.4785 64.1452 2.4
      vertex 86.4785 11.8548 2.4
      vertex 86.7416 11.5001 2.4
    endloop
  endfacet
  facet normal -0 0 1
    outer loop
      vertex 86.182 63.818 2.4
      vertex 86.4785 11.8548 2.4
      vertex 86.4785 64.1452 2.4
    endloop
  endfacet
  facet normal 0 0 1
    outer loop
      vertex 86.182 63.818 2.4
      vertex 86.182 12.182 2.4
      vertex 86.4785 11.8548 2.4
    endloop
  endfacet
  facet normal 0 0 1
    outer loop
      vertex 76 35 2.4
      vertex 86.182 63.818 2.4
      vertex 85.8548 63.5215 2.4
    endloop
  endfacet
  facet normal 0 0 1
    outer loop
      vertex 86.182 63.818 2.4
      vertex 76 35 2.4
      vertex 86.182 12.182 2.4
    endloop
  endfacet
  facet normal 0 0 1
    outer loop
      vertex 76 35 2.4
      vertex 85.8548 63.5215 2.4
      vertex 85.5001 63.2584 2.4
    endloop
  endfacet
  facet normal 0 0 1
    outer loop
      vertex 86.182 12.182 2.4
      vertex 76 35 2.4
      vertex 85.8548 12.4785 2.4
    endloop
  endfacet
  facet normal 0 0 1
    outer loop
      vertex 76 35 2.4
      vertex 85.5001 63.2584 2.4
      vertex 85.1213 63.0314 2.4
    endloop
  endfacet
  facet normal 0 0 1
    outer loop
      vertex 85.8548 12.4785 2.4
      vertex 76 35 2.4
      vertex 85.5001 12.7416 2.4
    endloop
  endfacet
  facet normal 0 0 1
    outer loop
      vertex 76 35 2.4
      vertex 85.1213 63.0314 2.4
      vertex 84.7221 62.8425 2.4
    endloop
  endfacet
  facet normal -0 0 1
    outer loop
      vertex 76 28 2.4
      vertex 85.5001 12.7416 2.4
      vertex 76 35 2.4
    endloop
  endfacet
  facet normal 0 0 1
    outer loop
      vertex 76 35 2.4
      vertex 84.7221 62.8425 2.4
      vertex 84.3063 62.6938 2.4
    endloop
  endfacet
  facet normal 0 0 1
    outer loop
      vertex 85.5001 12.7416 2.4
      vertex 76 28 2.4
      vertex 85.1213 12.9686 2.4
    endloop
  endfacet
  facet normal 0 0 1
    outer loop
      vertex 76 35 2.4
      vertex 84.3063 62.6938 2.4
      vertex 83.8779 62.5865 2.4
    endloop
  endfacet
  facet normal 0 0 1
    outer loop
      vertex 85.1213 12.9686 2.4
      vertex 76 28 2.4
      vertex 84.7221 13.1575 2.4
    endloop
  endfacet
  facet normal 0 0 1
    outer loop
      vertex 76 35 2.4
      vertex 83.8779 62.5865 2.4
      vertex 83.4411 62.5217 2.4
    endloop
  endfacet
  facet normal 0 0 1
    outer loop
      vertex 84.7221 13.1575 2.4
      vertex 76 28 2.4
      vertex 84.3063 13.3062 2.4
    endloop
  endfacet
  facet normal 0 0 1
    outer loop
      vertex 76 35 2.4
      vertex 83.4411 62.5217 2.4
      vertex 83 62.5 2.4
    endloop
  endfacet
  facet normal 0 0 1
    outer loop
      vertex 84.3063 13.3062 2.4
      vertex 76 28 2.4
      vertex 83.8779 13.4135 2.4
    endloop
  endfacet
  facet normal 0 0 1
    outer loop
      vertex 76 61 2.4
      vertex 83 62.5 2.4
      vertex 82.5589 62.5217 2.4
    endloop
  endfacet
  facet normal 0 0 1
    outer loop
      vertex 83.8779 13.4135 2.4
      vertex 76 28 2.4
      vertex 83.4411 13.4783 2.4
    endloop
  endfacet
  facet normal 0 0 1
    outer loop
      vertex 76 61 2.4
      vertex 82.5589 62.5217 2.4
      vertex 82.1221 62.5865 2.4
    endloop
  endfacet
  facet normal 0 0 1
    outer loop
      vertex 83.4411 13.4783 2.4
      vertex 76 28 2.4
      vertex 83 13.5 2.4
    endloop
  endfacet
  facet normal 0 0 1
    outer loop
      vertex 76 61 2.4
      vertex 82.1221 62.5865 2.4
      vertex 81.6937 62.6938 2.4
    endloop
  endfacet
  facet normal 0 0 1
    outer loop
      vertex 83 13.5 2.4
      vertex 76 28 2.4
      vertex 82.5589 13.4783 2.4
    endloop
  endfacet
  facet normal 0 0 1
    outer loop
      vertex 76 61 2.4
      vertex 81.6937 62.6938 2.4
      vertex 81.2779 62.8425 2.4
    endloop
  endfacet
  facet normal 0 0 1
    outer loop
      vertex 82.5589 13.4783 2.4
      vertex 76 28 2.4
      vertex 82.1221 13.4135 2.4
    endloop
  endfacet
  facet normal 0 0 1
    outer loop
      vertex 76 61 2.4
      vertex 81.2779 62.8425 2.4
      vertex 80.8787 63.0314 2.4
    endloop
  endfacet
  facet normal 0 0 1
    outer loop
      vertex 82.1221 13.4135 2.4
      vertex 76 28 2.4
      vertex 81.6937 13.3062 2.4
    endloop
  endfacet
  facet normal 0 0 1
    outer loop
      vertex 76 61 2.4
      vertex 80.8787 63.0314 2.4
      vertex 80.4999 63.2584 2.4
    endloop
  endfacet
  facet normal 0 0 1
    outer loop
      vertex 81.6937 13.3062 2.4
      vertex 76 28 2.4
      vertex 81.2779 13.1575 2.4
    endloop
  endfacet
  facet normal 0 0 1
    outer loop
      vertex 76 61 2.4
      vertex 80.4999 63.2584 2.4
      vertex 80.1452 63.5215 2.4
    endloop
  endfacet
  facet normal 0 0 1
    outer loop
      vertex 81.2779 13.1575 2.4
      vertex 76 28 2.4
      vertex 80.8787 12.9686 2.4
    endloop
  endfacet
  facet normal 0 0 1
    outer loop
      vertex 76 61 2.4
      vertex 80.1452 63.5215 2.4
      vertex 79.818 63.818 2.4
    endloop
  endfacet
  facet normal 0 0 1
    outer loop
      vertex 80.8787 12.9686 2.4
      vertex 76 28 2.4
      vertex 80.4999 12.7416 2.4
    endloop
  endfacet
  facet normal 0 0 1
    outer loop
      vertex 76 61 2.4
      vertex 79.818 63.818 2.4
      vertex 79.5215 64.1452 2.4
    endloop
  endfacet
  facet normal 0 0 1
    outer loop
      vertex 80.4999 12.7416 2.4
      vertex 76 28 2.4
      vertex 80.1452 12.4785 2.4
    endloop
  endfacet
  facet normal 0 0 1
    outer loop
      vertex 76 61 2.4
      vertex 79.5215 64.1452 2.4
      vertex 79.2584 64.4999 2.4
    endloop
  endfacet
  facet normal 0 0 1
    outer loop
      vertex 80.1452 12.4785 2.4
      vertex 76 28 2.4
      vertex 79.818 12.182 2.4
    endloop
  endfacet
  facet normal 0 0 1
    outer loop
      vertex 76 61 2.4
      vertex 79.2584 64.4999 2.4
      vertex 79.0314 64.8787 2.4
    endloop
  endfacet
  facet normal -0 0 1
    outer loop
      vertex 69 28 2.4
      vertex 79.818 12.182 2.4
      vertex 76 28 2.4
    endloop
  endfacet
  facet normal 0 0 1
    outer loop
      vertex 76 61 2.4
      vertex 79.0314 64.8787 2.4
      vertex 78.8425 65.2779 2.4
    endloop
  endfacet
  facet normal 0 0 1
    outer loop
      vertex 79.818 12.182 2.4
      vertex 69 28 2.4
      vertex 79.5215 11.8548 2.4
    endloop
  endfacet
  facet normal 0 0 1
    outer loop
      vertex 76 61 2.4
      vertex 78.8425 65.2779 2.4
      vertex 78.6938 65.6937 2.4
    endloop
  endfacet
  facet normal 0 0 1
    outer loop
      vertex 79.5215 11.8548 2.4
      vertex 69 28 2.4
      vertex 79.2584 11.5001 2.4
    endloop
  endfacet
  facet normal 0 0 1
    outer loop
      vertex 76 68 2.4
      vertex 78.6938 65.6937 2.4
      vertex 78.5865 66.1221 2.4
    endloop
  endfacet
  facet normal 0 0 1
    outer loop
      vertex 79.2584 11.5001 2.4
      vertex 69 28 2.4
      vertex 79.0314 11.1213 2.4
    endloop
  endfacet
  facet normal 0 0 1
    outer loop
      vertex 76 68 2.4
      vertex 78.5865 66.1221 2.4
      vertex 78.5217 66.5589 2.4
    endloop
  endfacet
  facet normal 0 0 1
    outer loop
      vertex 79.0314 11.1213 2.4
      vertex 69 28 2.4
      vertex 78.8425 10.7221 2.4
    endloop
  endfacet
  facet normal 0 0 1
    outer loop
      vertex 76 68 2.4
      vertex 78.5217 66.5589 2.4
      vertex 78.5 67 2.4
    endloop
  endfacet
  facet normal 0 0 1
    outer loop
      vertex 78.8425 10.7221 2.4
      vertex 69 28 2.4
      vertex 78.6938 10.3063 2.4
    endloop
  endfacet
  facet normal 0 0 1
    outer loop
      vertex 88 73.4 2.4
      vertex 89.4 72 2.4
      vertex 89.3933 72.1372 2.4
    endloop
  endfacet
  facet normal 0 0 1
    outer loop
      vertex 87.4783 66.5589 2.4
      vertex 89.4 72 2.4
      vertex 87.5 67 2.4
    endloop
  endfacet
  facet normal 0 0 1
    outer loop
      vertex 88 73.4 2.4
      vertex 89.3933 72.1372 2.4
      vertex 89.3731 72.2731 2.4
    endloop
  endfacet
  facet normal 0 0 1
    outer loop
      vertex 87.4135 66.1221 2.4
      vertex 89.4 72 2.4
      vertex 87.4783 66.5589 2.4
    endloop
  endfacet
  facet normal 0 0 1
    outer loop
      vertex 88 73.4 2.4
      vertex 89.3731 72.2731 2.4
      vertex 89.3397 72.4064 2.4
    endloop
  endfacet
  facet normal -0 0 1
    outer loop
      vertex 87.4783 8.55892 2.4
      vertex 89.4 4 2.4
      vertex 87.5 9 2.4
    endloop
  endfacet
  facet normal 0 0 1
    outer loop
      vertex 88 73.4 2.4
      vertex 89.3397 72.4064 2.4
      vertex 89.2934 72.5358 2.4
    endloop
  endfacet
  facet normal -0 0 1
    outer loop
      vertex 87.4135 8.12209 2.4
      vertex 89.4 4 2.4
      vertex 87.4783 8.55892 2.4
    endloop
  endfacet
  facet normal 0 0 1
    outer loop
      vertex 88 73.4 2.4
      vertex 89.2934 72.5358 2.4
      vertex 89.2347 72.66 2.4
    endloop
  endfacet
  facet normal -0 0 1
    outer loop
      vertex 87.3062 7.69372 2.4
      vertex 89.4 4 2.4
      vertex 87.4135 8.12209 2.4
    endloop
  endfacet
  facet normal 0 0 1
    outer loop
      vertex 88 73.4 2.4
      vertex 89.2347 72.66 2.4
      vertex 89.1641 72.7778 2.4
    endloop
  endfacet
  facet normal -0 0 1
    outer loop
      vertex 87.1575 7.27793 2.4
      vertex 89.4 4 2.4
      vertex 87.3062 7.69372 2.4
    endloop
  endfacet
  facet normal 0 0 1
    outer loop
      vertex 88 73.4 2.4
      vertex 89.1641 72.7778 2.4
      vertex 89.0822 72.8882 2.4
    endloop
  endfacet
  facet normal -0 0 1
    outer loop
      vertex 86.9686 6.87872 2.4
      vertex 89.4 4 2.4
      vertex 87.1575 7.27793 2.4
    endloop
  endfacet
  facet normal 0 0 1
    outer loop
      vertex 88 73.4 2.4
      vertex 89.0822 72.8882 2.4
      vertex 88.99 72.99 2.4
    endloop
  endfacet
  facet normal -0 0 1
    outer loop
      vertex 86.7416 6.49993 2.4
      vertex 89.4 4 2.4
      vertex 86.9686 6.87872 2.4
    endloop
  endfacet
  facet normal 0 0 1
    outer loop
      vertex 88 73.4 2.4
      vertex 88.99 72.99 2.4
      vertex 88.8882 73.0822 2.4
    endloop
  endfacet
  facet normal -0 0 1
    outer loop
      vertex 86.4785 6.14523 2.4
      vertex 89.4 4 2.4
      vertex 86.7416 6.49993 2.4
    endloop
  endfacet
  facet normal 0 0 1
    outer loop
      vertex 88 73.4 2.4
      vertex 88.8882 73.0822 2.4
      vertex 88.7778 73.1641 2.4
    endloop
  endfacet
  facet normal -0 0 1
    outer loop
      vertex 86.182 5.81802 2.4
      vertex 89.4 4 2.4
      vertex 86.4785 6.14523 2.4
    endloop
  endfacet
  facet normal 0 0 1
    outer loop
      vertex 88 73.4 2.4
      vertex 88.7778 73.1641 2.4
      vertex 88.66 73.2347 2.4
    endloop
  endfacet
  facet normal 0 -0 1
    outer loop
      vertex 88 2.6 2.4
      vertex 89.4 4 2.4
      vertex 86.182 5.81802 2.4
    endloop
  endfacet
  facet normal 0 0 1
    outer loop
      vertex 88 73.4 2.4
      vertex 88.66 73.2347 2.4
      vertex 88.5358 73.2934 2.4
    endloop
  endfacet
  facet normal 0 0 1
    outer loop
      vertex 89.4 4 2.4
      vertex 88 2.6 2.4
      vertex 89.3933 3.86278 2.4
    endloop
  endfacet
  facet normal 0 0 1
    outer loop
      vertex 88 73.4 2.4
      vertex 88.5358 73.2934 2.4
      vertex 88.4064 73.3397 2.4
    endloop
  endfacet
  facet normal 0 0 1
    outer loop
      vertex 89.3933 3.86278 2.4
      vertex 88 2.6 2.4
      vertex 89.3731 3.72687 2.4
    endloop
  endfacet
  facet normal 0 0 1
    outer loop
      vertex 88 73.4 2.4
      vertex 88.4064 73.3397 2.4
      vertex 88.2731 73.3731 2.4
    endloop
  endfacet
  facet normal 0 0 1
    outer loop
      vertex 89.3731 3.72687 2.4
      vertex 88 2.6 2.4
      vertex 89.3397 3.5936 2.4
    endloop
  endfacet
  facet normal 0 0 1
    outer loop
      vertex 88 73.4 2.4
      vertex 88.2731 73.3731 2.4
      vertex 88.1372 73.3933 2.4
    endloop
  endfacet
  facet normal 0 0 1
    outer loop
      vertex 89.3397 3.5936 2.4
      vertex 88 2.6 2.4
      vertex 89.2934 3.46424 2.4
    endloop
  endfacet
  facet normal 0 0 1
    outer loop
      vertex 89.4 72 2.4
      vertex 88 73.4 2.4
      vertex 86.182 70.182 2.4
    endloop
  endfacet
  facet normal 0 0 1
    outer loop
      vertex 89.2934 3.46424 2.4
      vertex 88 2.6 2.4
      vertex 89.2347 3.34004 2.4
    endloop
  endfacet
  facet normal 0 0 1
    outer loop
      vertex 89.2347 3.34004 2.4
      vertex 88 2.6 2.4
      vertex 89.1641 3.2222 2.4
    endloop
  endfacet
  facet normal 0 0 1
    outer loop
      vertex 89.4 72 2.4
      vertex 87.4783 67.4411 2.4
      vertex 87.5 67 2.4
    endloop
  endfacet
  facet normal 0 0 1
    outer loop
      vertex 89.4 72 2.4
      vertex 87.4135 67.8779 2.4
      vertex 87.4783 67.4411 2.4
    endloop
  endfacet
  facet normal 0 0 1
    outer loop
      vertex 89.4 72 2.4
      vertex 87.3062 68.3063 2.4
      vertex 87.4135 67.8779 2.4
    endloop
  endfacet
  facet normal 0 0 1
    outer loop
      vertex 89.4 72 2.4
      vertex 87.1575 68.7221 2.4
      vertex 87.3062 68.3063 2.4
    endloop
  endfacet
  facet normal 0 0 1
    outer loop
      vertex 89.4 72 2.4
      vertex 86.9686 69.1213 2.4
      vertex 87.1575 68.7221 2.4
    endloop
  endfacet
  facet normal 0 0 1
    outer loop
      vertex 89.4 72 2.4
      vertex 86.7416 69.5001 2.4
      vertex 86.9686 69.1213 2.4
    endloop
  endfacet
  facet normal 0 0 1
    outer loop
      vertex 89.4 72 2.4
      vertex 86.4785 69.8548 2.4
      vertex 86.7416 69.5001 2.4
    endloop
  endfacet
  facet normal 0 0 1
    outer loop
      vertex 89.4 72 2.4
      vertex 86.182 70.182 2.4
      vertex 86.4785 69.8548 2.4
    endloop
  endfacet
  facet normal 0 0 1
    outer loop
      vertex 88 73.4 2.4
      vertex 85.8548 70.4785 2.4
      vertex 86.182 70.182 2.4
    endloop
  endfacet
  facet normal 0 0 1
    outer loop
      vertex 88 73.4 2.4
      vertex 85.5001 70.7416 2.4
      vertex 85.8548 70.4785 2.4
    endloop
  endfacet
  facet normal 0 0 1
    outer loop
      vertex 88 73.4 2.4
      vertex 85.1213 70.9686 2.4
      vertex 85.5001 70.7416 2.4
    endloop
  endfacet
  facet normal 0 0 1
    outer loop
      vertex 88 73.4 2.4
      vertex 84.7221 71.1575 2.4
      vertex 85.1213 70.9686 2.4
    endloop
  endfacet
  facet normal 0 0 1
    outer loop
      vertex 88 73.4 2.4
      vertex 84.3063 71.3062 2.4
      vertex 84.7221 71.1575 2.4
    endloop
  endfacet
  facet normal 0 0 1
    outer loop
      vertex 88 73.4 2.4
      vertex 83.8779 71.4135 2.4
      vertex 84.3063 71.3062 2.4
    endloop
  endfacet
  facet normal 0 0 1
    outer loop
      vertex 88 73.4 2.4
      vertex 83.4411 71.4783 2.4
      vertex 83.8779 71.4135 2.4
    endloop
  endfacet
  facet normal 0 0 1
    outer loop
      vertex 88 73.4 2.4
      vertex 83 71.5 2.4
      vertex 83.4411 71.4783 2.4
    endloop
  endfacet
  facet normal 0 0 1
    outer loop
      vertex 88 73.4 2.4
      vertex 82.5589 71.4783 2.4
      vertex 83 71.5 2.4
    endloop
  endfacet
  facet normal 0 0 1
    outer loop
      vertex 88 73.4 2.4
      vertex 82.1221 71.4135 2.4
      vertex 82.5589 71.4783 2.4
    endloop
  endfacet
  facet normal 0 0 1
    outer loop
      vertex 88 73.4 2.4
      vertex 81.6937 71.3062 2.4
      vertex 82.1221 71.4135 2.4
    endloop
  endfacet
  facet normal 0 0 1
    outer loop
      vertex 78.6938 65.6937 2.4
      vertex 76 68 2.4
      vertex 76 61 2.4
    endloop
  endfacet
  facet normal 0 0 1
    outer loop
      vertex 78.5217 67.4411 2.4
      vertex 76 68 2.4
      vertex 78.5 67 2.4
    endloop
  endfacet
  facet normal 0 0 1
    outer loop
      vertex 78.5865 67.8779 2.4
      vertex 76 68 2.4
      vertex 78.5217 67.4411 2.4
    endloop
  endfacet
  facet normal 0 0 1
    outer loop
      vertex 78.6938 68.3063 2.4
      vertex 76 68 2.4
      vertex 78.5865 67.8779 2.4
    endloop
  endfacet
  facet normal 0 0 1
    outer loop
      vertex 78.8425 68.7221 2.4
      vertex 76 68 2.4
      vertex 78.6938 68.3063 2.4
    endloop
  endfacet
  facet normal 0 0 1
    outer loop
      vertex 79.0314 69.1213 2.4
      vertex 76 68 2.4
      vertex 78.8425 68.7221 2.4
    endloop
  endfacet
  facet normal 0 0 1
    outer loop
      vertex 79.2584 69.5001 2.4
      vertex 76 68 2.4
      vertex 79.0314 69.1213 2.4
    endloop
  endfacet
  facet normal 0 0 1
    outer loop
      vertex 79.5215 69.8548 2.4
      vertex 76 68 2.4
      vertex 79.2584 69.5001 2.4
    endloop
  endfacet
  facet normal 0 0 1
    outer loop
      vertex 79.818 70.182 2.4
      vertex 76 68 2.4
      vertex 79.5215 69.8548 2.4
    endloop
  endfacet
  facet normal 0 0 1
    outer loop
      vertex 80.1452 70.4785 2.4
      vertex 76 68 2.4
      vertex 79.818 70.182 2.4
    endloop
  endfacet
  facet normal 0 0 1
    outer loop
      vertex 69 68 2.4
      vertex 80.1452 70.4785 2.4
      vertex 80.4999 70.7416 2.4
    endloop
  endfacet
  facet normal 0 0 1
    outer loop
      vertex 80.1452 70.4785 2.4
      vertex 69 68 2.4
      vertex 76 68 2.4
    endloop
  endfacet
  facet normal 0 0 1
    outer loop
      vertex 80.8787 70.9686 2.4
      vertex 69 68 2.4
      vertex 80.4999 70.7416 2.4
    endloop
  endfacet
  facet normal 0 0 1
    outer loop
      vertex 81.2779 71.1575 2.4
      vertex 69 68 2.4
      vertex 80.8787 70.9686 2.4
    endloop
  endfacet
  facet normal 0 0 1
    outer loop
      vertex 81.6937 71.3062 2.4
      vertex 69 68 2.4
      vertex 81.2779 71.1575 2.4
    endloop
  endfacet
  facet normal 0 0 1
    outer loop
      vertex 10.3063 71.3062 2.4
      vertex 81.6937 71.3062 2.4
      vertex 88 73.4 2.4
    endloop
  endfacet
  facet normal 0 0 1
    outer loop
      vertex 23 61 2.4
      vertex 69 61 2.4
      vertex 69 68 2.4
    endloop
  endfacet
  facet normal 0 0 1
    outer loop
      vertex 69 61 2.4
      vertex 23 61 2.4
      vertex 69 35 2.4
    endloop
  endfacet
  facet normal 0 0 1
    outer loop
      vertex 23 61 2.4
      vertex 69 68 2.4
      vertex 23 68 2.4
    endloop
  endfacet
  facet normal 0 0 1
    outer loop
      vertex 81.6937 71.3062 2.4
      vertex 23 68 2.4
      vertex 69 68 2.4
    endloop
  endfacet
  facet normal 0 0 1
    outer loop
      vertex 81.6937 71.3062 2.4
      vertex 10.3063 71.3062 2.4
      vertex 23 68 2.4
    endloop
  endfacet
  facet normal 0 0 1
    outer loop
      vertex 13.4783 66.5589 2.4
      vertex 16 68 2.4
      vertex 13.5 67 2.4
    endloop
  endfacet
  facet normal 0 0 1
    outer loop
      vertex 13.4135 66.1221 2.4
      vertex 16 68 2.4
      vertex 13.4783 66.5589 2.4
    endloop
  endfacet
  facet normal 0 0 1
    outer loop
      vertex 13.3062 65.6937 2.4
      vertex 16 68 2.4
      vertex 13.4135 66.1221 2.4
    endloop
  endfacet
  facet normal 0 0 1
    outer loop
      vertex 16 68 2.4
      vertex 13.4783 67.4411 2.4
      vertex 13.5 67 2.4
    endloop
  endfacet
  facet normal 0 0 1
    outer loop
      vertex 16 68 2.4
      vertex 13.4135 67.8779 2.4
      vertex 13.4783 67.4411 2.4
    endloop
  endfacet
  facet normal -0 -0 1
    outer loop
      vertex 11.8548 70.4785 2.4
      vertex 23 68 2.4
      vertex 11.5001 70.7416 2.4
    endloop
  endfacet
  facet normal 0 0 1
    outer loop
      vertex 16 68 2.4
      vertex 13.3062 68.3063 2.4
      vertex 13.4135 67.8779 2.4
    endloop
  endfacet
  facet normal 0 0 1
    outer loop
      vertex 16 68 2.4
      vertex 13.1575 68.7221 2.4
      vertex 13.3062 68.3063 2.4
    endloop
  endfacet
  facet normal 0 0 1
    outer loop
      vertex 16 68 2.4
      vertex 12.9686 69.1213 2.4
      vertex 13.1575 68.7221 2.4
    endloop
  endfacet
  facet normal 0 0 1
    outer loop
      vertex 16 68 2.4
      vertex 12.7416 69.5001 2.4
      vertex 12.9686 69.1213 2.4
    endloop
  endfacet
  facet normal 0 0 1
    outer loop
      vertex 16 68 2.4
      vertex 12.4785 69.8548 2.4
      vertex 12.7416 69.5001 2.4
    endloop
  endfacet
  facet normal 0 0 1
    outer loop
      vertex 16 68 2.4
      vertex 12.182 70.182 2.4
      vertex 12.4785 69.8548 2.4
    endloop
  endfacet
  facet normal 0 0 1
    outer loop
      vertex 16 68 2.4
      vertex 11.8548 70.4785 2.4
      vertex 12.182 70.182 2.4
    endloop
  endfacet
  facet normal 0 0 1
    outer loop
      vertex 23 68 2.4
      vertex 11.8548 70.4785 2.4
      vertex 16 68 2.4
    endloop
  endfacet
  facet normal 0 0 1
    outer loop
      vertex 23 68 2.4
      vertex 11.1213 70.9686 2.4
      vertex 11.5001 70.7416 2.4
    endloop
  endfacet
  facet normal 0 0 1
    outer loop
      vertex 23 68 2.4
      vertex 10.7221 71.1575 2.4
      vertex 11.1213 70.9686 2.4
    endloop
  endfacet
  facet normal 0 0 1
    outer loop
      vertex 23 68 2.4
      vertex 10.3063 71.3062 2.4
      vertex 10.7221 71.1575 2.4
    endloop
  endfacet
  facet normal -0 0 1
    outer loop
      vertex 4 73.4 2.4
      vertex 10.3063 71.3062 2.4
      vertex 88 73.4 2.4
    endloop
  endfacet
  facet normal 0 0 1
    outer loop
      vertex 10.3063 71.3062 2.4
      vertex 4 73.4 2.4
      vertex 9.87791 71.4135 2.4
    endloop
  endfacet
  facet normal 0 0 1
    outer loop
      vertex 9.87791 71.4135 2.4
      vertex 4 73.4 2.4
      vertex 9.44108 71.4783 2.4
    endloop
  endfacet
  facet normal 0 0 1
    outer loop
      vertex 4.52167 67.4411 2.4
      vertex 2.6 72 2.4
      vertex 4.5 67 2.4
    endloop
  endfacet
  facet normal 0 0 1
    outer loop
      vertex 4.58647 67.8779 2.4
      vertex 2.6 72 2.4
      vertex 4.52167 67.4411 2.4
    endloop
  endfacet
  facet normal 0 0 1
    outer loop
      vertex 4.69377 68.3063 2.4
      vertex 2.6 72 2.4
      vertex 4.58647 67.8779 2.4
    endloop
  endfacet
  facet normal 0 0 1
    outer loop
      vertex 4.84254 68.7221 2.4
      vertex 2.6 72 2.4
      vertex 4.69377 68.3063 2.4
    endloop
  endfacet
  facet normal 0 0 1
    outer loop
      vertex 5.03135 69.1213 2.4
      vertex 2.6 72 2.4
      vertex 4.84254 68.7221 2.4
    endloop
  endfacet
  facet normal 0 0 1
    outer loop
      vertex 5.25839 69.5001 2.4
      vertex 2.6 72 2.4
      vertex 5.03135 69.1213 2.4
    endloop
  endfacet
  facet normal 0 0 1
    outer loop
      vertex 5.52145 69.8548 2.4
      vertex 2.6 72 2.4
      vertex 5.25839 69.5001 2.4
    endloop
  endfacet
  facet normal 0 0 1
    outer loop
      vertex 5.81802 70.182 2.4
      vertex 2.6 72 2.4
      vertex 5.52145 69.8548 2.4
    endloop
  endfacet
  facet normal -0 0 1
    outer loop
      vertex 2.6 72 2.4
      vertex 5.81802 70.182 2.4
      vertex 4 73.4 2.4
    endloop
  endfacet
  facet normal 0 0 1
    outer loop
      vertex 6.14523 70.4785 2.4
      vertex 4 73.4 2.4
      vertex 5.81802 70.182 2.4
    endloop
  endfacet
  facet normal 0 0 1
    outer loop
      vertex 6.49993 70.7416 2.4
      vertex 4 73.4 2.4
      vertex 6.14523 70.4785 2.4
    endloop
  endfacet
  facet normal 0 0 1
    outer loop
      vertex 6.87872 70.9686 2.4
      vertex 4 73.4 2.4
      vertex 6.49993 70.7416 2.4
    endloop
  endfacet
  facet normal 0 0 1
    outer loop
      vertex 7.27793 71.1575 2.4
      vertex 4 73.4 2.4
      vertex 6.87872 70.9686 2.4
    endloop
  endfacet
  facet normal 0 0 1
    outer loop
      vertex 7.69372 71.3062 2.4
      vertex 4 73.4 2.4
      vertex 7.27793 71.1575 2.4
    endloop
  endfacet
  facet normal 0 0 1
    outer loop
      vertex 8.12209 71.4135 2.4
      vertex 4 73.4 2.4
      vertex 7.69372 71.3062 2.4
    endloop
  endfacet
  facet normal 0 0 1
    outer loop
      vertex 8.55892 71.4783 2.4
      vertex 4 73.4 2.4
      vertex 8.12209 71.4135 2.4
    endloop
  endfacet
  facet normal 0 0 1
    outer loop
      vertex 9 71.5 2.4
      vertex 4 73.4 2.4
      vertex 8.55892 71.4783 2.4
    endloop
  endfacet
  facet normal 0 0 1
    outer loop
      vertex 9.44108 71.4783 2.4
      vertex 4 73.4 2.4
      vertex 9 71.5 2.4
    endloop
  endfacet
  facet normal 0 0 1
    outer loop
      vertex 89.1641 3.2222 2.4
      vertex 88 2.6 2.4
      vertex 89.0822 3.11185 2.4
    endloop
  endfacet
  facet normal 0 0 1
    outer loop
      vertex 89.0822 3.11185 2.4
      vertex 88 2.6 2.4
      vertex 88.99 3.01005 2.4
    endloop
  endfacet
  facet normal 0 0 1
    outer loop
      vertex 88.8882 2.91778 2.4
      vertex 88 2.6 2.4
      vertex 88.7778 2.83594 2.4
    endloop
  endfacet
  facet normal 0 0 1
    outer loop
      vertex 88.7778 2.83594 2.4
      vertex 88 2.6 2.4
      vertex 88.66 2.76531 2.4
    endloop
  endfacet
  facet normal 0 0 1
    outer loop
      vertex 88.66 2.76531 2.4
      vertex 88 2.6 2.4
      vertex 88.5358 2.70657 2.4
    endloop
  endfacet
  facet normal 0 0 1
    outer loop
      vertex 88.5358 2.70657 2.4
      vertex 88 2.6 2.4
      vertex 88.4064 2.66028 2.4
    endloop
  endfacet
  facet normal 0 0 1
    outer loop
      vertex 88.4064 2.66028 2.4
      vertex 88 2.6 2.4
      vertex 88.2731 2.6269 2.4
    endloop
  endfacet
  facet normal 0 0 1
    outer loop
      vertex 88.2731 2.6269 2.4
      vertex 88 2.6 2.4
      vertex 88.1372 2.60674 2.4
    endloop
  endfacet
  facet normal 0 0 1
    outer loop
      vertex 88.99 3.01005 2.4
      vertex 88 2.6 2.4
      vertex 88.8882 2.91778 2.4
    endloop
  endfacet
  facet normal -0 0 1
    outer loop
      vertex 85.8548 5.52145 2.4
      vertex 88 2.6 2.4
      vertex 86.182 5.81802 2.4
    endloop
  endfacet
  facet normal -0 0 1
    outer loop
      vertex 85.5001 5.25839 2.4
      vertex 88 2.6 2.4
      vertex 85.8548 5.52145 2.4
    endloop
  endfacet
  facet normal -0 0 1
    outer loop
      vertex 85.1213 5.03135 2.4
      vertex 88 2.6 2.4
      vertex 85.5001 5.25839 2.4
    endloop
  endfacet
  facet normal -0 0 1
    outer loop
      vertex 84.7221 4.84254 2.4
      vertex 88 2.6 2.4
      vertex 85.1213 5.03135 2.4
    endloop
  endfacet
  facet normal -0 0 1
    outer loop
      vertex 84.3063 4.69377 2.4
      vertex 88 2.6 2.4
      vertex 84.7221 4.84254 2.4
    endloop
  endfacet
  facet normal -0 0 1
    outer loop
      vertex 83.8779 4.58647 2.4
      vertex 88 2.6 2.4
      vertex 84.3063 4.69377 2.4
    endloop
  endfacet
  facet normal -0 0 1
    outer loop
      vertex 83.4411 4.52167 2.4
      vertex 88 2.6 2.4
      vertex 83.8779 4.58647 2.4
    endloop
  endfacet
  facet normal -0 0 1
    outer loop
      vertex 83 4.5 2.4
      vertex 88 2.6 2.4
      vertex 83.4411 4.52167 2.4
    endloop
  endfacet
  facet normal 0 0 1
    outer loop
      vertex 82.5589 4.52167 2.4
      vertex 88 2.6 2.4
      vertex 83 4.5 2.4
    endloop
  endfacet
  facet normal 0 0 1
    outer loop
      vertex 82.1221 4.58647 2.4
      vertex 88 2.6 2.4
      vertex 82.5589 4.52167 2.4
    endloop
  endfacet
  facet normal 0 0 1
    outer loop
      vertex 81.6937 4.69377 2.4
      vertex 88 2.6 2.4
      vertex 82.1221 4.58647 2.4
    endloop
  endfacet
  facet normal 0 0 1
    outer loop
      vertex 83 62.5 2.4
      vertex 76 61 2.4
      vertex 76 35 2.4
    endloop
  endfacet
  facet normal 0 0 1
    outer loop
      vertex 78.6938 10.3063 2.4
      vertex 69 28 2.4
      vertex 78.5865 9.87791 2.4
    endloop
  endfacet
  facet normal 0 0 1
    outer loop
      vertex 78.5865 9.87791 2.4
      vertex 69 28 2.4
      vertex 78.5217 9.44108 2.4
    endloop
  endfacet
  facet normal 0 0 1
    outer loop
      vertex 78.5217 9.44108 2.4
      vertex 69 28 2.4
      vertex 78.5 9 2.4
    endloop
  endfacet
  facet normal 0 0 1
    outer loop
      vertex 78.5 9 2.4
      vertex 69 28 2.4
      vertex 78.5217 8.55892 2.4
    endloop
  endfacet
  facet normal 0 0 1
    outer loop
      vertex 13.4783 8.55892 2.4
      vertex 78.5217 8.55892 2.4
      vertex 69 28 2.4
    endloop
  endfacet
  facet normal 0 0 1
    outer loop
      vertex 78.5217 8.55892 2.4
      vertex 13.4783 8.55892 2.4
      vertex 78.5865 8.12209 2.4
    endloop
  endfacet
  facet normal 0 0 1
    outer loop
      vertex 13.4135 8.12209 2.4
      vertex 78.5865 8.12209 2.4
      vertex 13.4783 8.55892 2.4
    endloop
  endfacet
  facet normal 0 0 1
    outer loop
      vertex 78.5865 8.12209 2.4
      vertex 13.4135 8.12209 2.4
      vertex 78.6938 7.69372 2.4
    endloop
  endfacet
  facet normal 0 0 1
    outer loop
      vertex 23 35 2.4
      vertex 69 35 2.4
      vertex 23 61 2.4
    endloop
  endfacet
  facet normal 0 0 1
    outer loop
      vertex 69 35 2.4
      vertex 23 35 2.4
      vertex 69 28 2.4
    endloop
  endfacet
  facet normal 0 0 1
    outer loop
      vertex 23 28 2.4
      vertex 69 28 2.4
      vertex 23 35 2.4
    endloop
  endfacet
  facet normal 0 0 1
    outer loop
      vertex 13.4783 8.55892 2.4
      vertex 69 28 2.4
      vertex 23 28 2.4
    endloop
  endfacet
  facet normal 0 0 1
    outer loop
      vertex 13.3062 7.69372 2.4
      vertex 78.6938 7.69372 2.4
      vertex 13.4135 8.12209 2.4
    endloop
  endfacet
  facet normal 0 0 1
    outer loop
      vertex 78.6938 7.69372 2.4
      vertex 13.3062 7.69372 2.4
      vertex 78.8425 7.27793 2.4
    endloop
  endfacet
  facet normal 0 0 1
    outer loop
      vertex 13.1575 7.27793 2.4
      vertex 78.8425 7.27793 2.4
      vertex 13.3062 7.69372 2.4
    endloop
  endfacet
  facet normal 0 0 1
    outer loop
      vertex 78.8425 7.27793 2.4
      vertex 13.1575 7.27793 2.4
      vertex 79.0314 6.87872 2.4
    endloop
  endfacet
  facet normal 0 0 1
    outer loop
      vertex 12.9686 6.87872 2.4
      vertex 79.0314 6.87872 2.4
      vertex 13.1575 7.27793 2.4
    endloop
  endfacet
  facet normal 0 0 1
    outer loop
      vertex 79.0314 6.87872 2.4
      vertex 12.9686 6.87872 2.4
      vertex 79.2584 6.49993 2.4
    endloop
  endfacet
  facet normal 0 0 1
    outer loop
      vertex 12.7416 6.49993 2.4
      vertex 79.2584 6.49993 2.4
      vertex 12.9686 6.87872 2.4
    endloop
  endfacet
  facet normal 0 0 1
    outer loop
      vertex 13.5 9 2.4
      vertex 23 28 2.4
      vertex 16 28 2.4
    endloop
  endfacet
  facet normal 0 0 1
    outer loop
      vertex 13.4783 8.55892 2.4
      vertex 23 28 2.4
      vertex 13.5 9 2.4
    endloop
  endfacet
  facet normal 0 0 1
    outer loop
      vertex 16 35 2.4
      vertex 13.5 9 2.4
      vertex 16 28 2.4
    endloop
  endfacet
  facet normal 0 0 1
    outer loop
      vertex 79.2584 6.49993 2.4
      vertex 12.7416 6.49993 2.4
      vertex 79.5215 6.14523 2.4
    endloop
  endfacet
  facet normal 0 0 1
    outer loop
      vertex 12.4785 6.14523 2.4
      vertex 79.5215 6.14523 2.4
      vertex 12.7416 6.49993 2.4
    endloop
  endfacet
  facet normal 0 0 1
    outer loop
      vertex 79.5215 6.14523 2.4
      vertex 12.4785 6.14523 2.4
      vertex 79.818 5.81802 2.4
    endloop
  endfacet
  facet normal 0 0 1
    outer loop
      vertex 12.182 5.81802 2.4
      vertex 79.818 5.81802 2.4
      vertex 12.4785 6.14523 2.4
    endloop
  endfacet
  facet normal 0 0 1
    outer loop
      vertex 79.818 5.81802 2.4
      vertex 12.182 5.81802 2.4
      vertex 80.1452 5.52145 2.4
    endloop
  endfacet
  facet normal 0 0 1
    outer loop
      vertex 11.8548 5.52145 2.4
      vertex 80.1452 5.52145 2.4
      vertex 12.182 5.81802 2.4
    endloop
  endfacet
  facet normal 0 0 1
    outer loop
      vertex 80.1452 5.52145 2.4
      vertex 11.8548 5.52145 2.4
      vertex 80.4999 5.25839 2.4
    endloop
  endfacet
  facet normal 0 0 1
    outer loop
      vertex 11.5001 5.25839 2.4
      vertex 80.4999 5.25839 2.4
      vertex 11.8548 5.52145 2.4
    endloop
  endfacet
  facet normal 0 0 1
    outer loop
      vertex 80.4999 5.25839 2.4
      vertex 11.5001 5.25839 2.4
      vertex 80.8787 5.03135 2.4
    endloop
  endfacet
  facet normal 0 0 1
    outer loop
      vertex 11.1213 5.03135 2.4
      vertex 80.8787 5.03135 2.4
      vertex 11.5001 5.25839 2.4
    endloop
  endfacet
  facet normal 0 0 1
    outer loop
      vertex 80.8787 5.03135 2.4
      vertex 11.1213 5.03135 2.4
      vertex 81.2779 4.84254 2.4
    endloop
  endfacet
  facet normal 0 0 1
    outer loop
      vertex 10.7221 4.84254 2.4
      vertex 81.2779 4.84254 2.4
      vertex 11.1213 5.03135 2.4
    endloop
  endfacet
  facet normal 0 0 1
    outer loop
      vertex 81.2779 4.84254 2.4
      vertex 10.7221 4.84254 2.4
      vertex 81.6937 4.69377 2.4
    endloop
  endfacet
  facet normal 0 0 1
    outer loop
      vertex 10.3063 4.69377 2.4
      vertex 81.6937 4.69377 2.4
      vertex 10.7221 4.84254 2.4
    endloop
  endfacet
  facet normal 0 0 1
    outer loop
      vertex 81.6937 4.69377 2.4
      vertex 10.3063 4.69377 2.4
      vertex 88 2.6 2.4
    endloop
  endfacet
  facet normal 0 0 1
    outer loop
      vertex 4 2.6 2.4
      vertex 10.3063 4.69377 2.4
      vertex 9.87791 4.58647 2.4
    endloop
  endfacet
  facet normal 0 0 1
    outer loop
      vertex 4 2.6 2.4
      vertex 9.87791 4.58647 2.4
      vertex 9.44108 4.52167 2.4
    endloop
  endfacet
  facet normal 0 0 1
    outer loop
      vertex 4 2.6 2.4
      vertex 9.44108 4.52167 2.4
      vertex 9 4.5 2.4
    endloop
  endfacet
  facet normal 0 0 1
    outer loop
      vertex 10.3063 4.69377 2.4
      vertex 4 2.6 2.4
      vertex 88 2.6 2.4
    endloop
  endfacet
  facet normal 0 0 1
    outer loop
      vertex 8.55892 4.52167 2.4
      vertex 4 2.6 2.4
      vertex 9 4.5 2.4
    endloop
  endfacet
  facet normal 0 0 1
    outer loop
      vertex 8.12209 4.58647 2.4
      vertex 4 2.6 2.4
      vertex 8.55892 4.52167 2.4
    endloop
  endfacet
  facet normal 0 0 1
    outer loop
      vertex 7.69372 4.69377 2.4
      vertex 4 2.6 2.4
      vertex 8.12209 4.58647 2.4
    endloop
  endfacet
  facet normal 0 0 1
    outer loop
      vertex 7.27793 4.84254 2.4
      vertex 4 2.6 2.4
      vertex 7.69372 4.69377 2.4
    endloop
  endfacet
  facet normal 0 0 1
    outer loop
      vertex 6.87872 5.03135 2.4
      vertex 4 2.6 2.4
      vertex 7.27793 4.84254 2.4
    endloop
  endfacet
  facet normal 0 0 1
    outer loop
      vertex 6.49993 5.25839 2.4
      vertex 4 2.6 2.4
      vertex 6.87872 5.03135 2.4
    endloop
  endfacet
  facet normal 0 0 1
    outer loop
      vertex 6.14523 5.52145 2.4
      vertex 4 2.6 2.4
      vertex 6.49993 5.25839 2.4
    endloop
  endfacet
  facet normal 0 0 1
    outer loop
      vertex 5.81802 5.81802 2.4
      vertex 4 2.6 2.4
      vertex 6.14523 5.52145 2.4
    endloop
  endfacet
  facet normal 0 0 1
    outer loop
      vertex 2.6 4 2.4
      vertex 5.81802 5.81802 2.4
      vertex 5.52145 6.14523 2.4
    endloop
  endfacet
  facet normal 0 0 1
    outer loop
      vertex 2.6 4 2.4
      vertex 5.52145 6.14523 2.4
      vertex 5.25839 6.49993 2.4
    endloop
  endfacet
  facet normal 0 0 1
    outer loop
      vertex 2.6 4 2.4
      vertex 5.25839 6.49993 2.4
      vertex 5.03135 6.87872 2.4
    endloop
  endfacet
  facet normal 0 0 1
    outer loop
      vertex 2.6 4 2.4
      vertex 5.03135 6.87872 2.4
      vertex 4.84254 7.27793 2.4
    endloop
  endfacet
  facet normal 0 0 1
    outer loop
      vertex 2.6 4 2.4
      vertex 4.84254 7.27793 2.4
      vertex 4.69377 7.69372 2.4
    endloop
  endfacet
  facet normal 0 0 1
    outer loop
      vertex 2.6 4 2.4
      vertex 4.69377 7.69372 2.4
      vertex 4.58647 8.12209 2.4
    endloop
  endfacet
  facet normal 0 0 1
    outer loop
      vertex 2.6 4 2.4
      vertex 4.58647 8.12209 2.4
      vertex 4.52167 8.55892 2.4
    endloop
  endfacet
  facet normal 0 0 1
    outer loop
      vertex 2.6 4 2.4
      vertex 4.52167 8.55892 2.4
      vertex 4.5 9 2.4
    endloop
  endfacet
  facet normal 0 0 1
    outer loop
      vertex 4.58647 9.87791 2.4
      vertex 2.6 4 2.4
      vertex 4.52167 9.44108 2.4
    endloop
  endfacet
  facet normal 0 0 1
    outer loop
      vertex 2.6 72 2.4
      vertex 4 73.4 2.4
      vertex 3.86278 73.3933 2.4
    endloop
  endfacet
  facet normal 0 0 1
    outer loop
      vertex 4.52167 9.44108 2.4
      vertex 2.6 4 2.4
      vertex 4.5 9 2.4
    endloop
  endfacet
  facet normal 0 0 1
    outer loop
      vertex 2.6 72 2.4
      vertex 3.86278 73.3933 2.4
      vertex 3.72687 73.3731 2.4
    endloop
  endfacet
  facet normal 0 0 1
    outer loop
      vertex 5.81802 5.81802 2.4
      vertex 2.6 4 2.4
      vertex 4 2.6 2.4
    endloop
  endfacet
  facet normal 0 0 1
    outer loop
      vertex 2.6 72 2.4
      vertex 3.72687 73.3731 2.4
      vertex 3.5936 73.3397 2.4
    endloop
  endfacet
  facet normal 0 0 1
    outer loop
      vertex 4 2.6 2.4
      vertex 2.6 4 2.4
      vertex 3.86278 2.60674 2.4
    endloop
  endfacet
  facet normal 0 0 1
    outer loop
      vertex 2.6 72 2.4
      vertex 3.5936 73.3397 2.4
      vertex 3.46424 73.2934 2.4
    endloop
  endfacet
  facet normal 0 0 1
    outer loop
      vertex 3.86278 2.60674 2.4
      vertex 2.6 4 2.4
      vertex 3.72687 2.6269 2.4
    endloop
  endfacet
  facet normal 0 0 1
    outer loop
      vertex 2.6 72 2.4
      vertex 3.46424 73.2934 2.4
      vertex 3.34004 73.2347 2.4
    endloop
  endfacet
  facet normal 0 0 1
    outer loop
      vertex 3.72687 2.6269 2.4
      vertex 2.6 4 2.4
      vertex 3.5936 2.66028 2.4
    endloop
  endfacet
  facet normal 0 0 1
    outer loop
      vertex 2.6 72 2.4
      vertex 3.34004 73.2347 2.4
      vertex 3.2222 73.1641 2.4
    endloop
  endfacet
  facet normal 0 0 1
    outer loop
      vertex 3.5936 2.66028 2.4
      vertex 2.6 4 2.4
      vertex 3.46424 2.70657 2.4
    endloop
  endfacet
  facet normal 0 0 1
    outer loop
      vertex 2.6 72 2.4
      vertex 3.2222 73.1641 2.4
      vertex 3.11185 73.0822 2.4
    endloop
  endfacet
  facet normal 0 0 1
    outer loop
      vertex 3.46424 2.70657 2.4
      vertex 2.6 4 2.4
      vertex 3.34004 2.76531 2.4
    endloop
  endfacet
  facet normal 0 0 1
    outer loop
      vertex 2.6 72 2.4
      vertex 3.11185 73.0822 2.4
      vertex 3.01005 72.99 2.4
    endloop
  endfacet
  facet normal 0 0 1
    outer loop
      vertex 3.34004 2.76531 2.4
      vertex 2.6 4 2.4
      vertex 3.2222 2.83594 2.4
    endloop
  endfacet
  facet normal 0 0 1
    outer loop
      vertex 2.6 72 2.4
      vertex 3.01005 72.99 2.4
      vertex 2.91778 72.8882 2.4
    endloop
  endfacet
  facet normal 0 0 1
    outer loop
      vertex 3.2222 2.83594 2.4
      vertex 2.6 4 2.4
      vertex 3.11185 2.91778 2.4
    endloop
  endfacet
  facet normal 0 0 1
    outer loop
      vertex 2.6 72 2.4
      vertex 2.91778 72.8882 2.4
      vertex 2.83594 72.7778 2.4
    endloop
  endfacet
  facet normal 0 0 1
    outer loop
      vertex 3.11185 2.91778 2.4
      vertex 2.6 4 2.4
      vertex 3.01005 3.01005 2.4
    endloop
  endfacet
  facet normal 0 0 1
    outer loop
      vertex 2.6 72 2.4
      vertex 2.83594 72.7778 2.4
      vertex 2.76531 72.66 2.4
    endloop
  endfacet
  facet normal 0 0 1
    outer loop
      vertex 3.01005 3.01005 2.4
      vertex 2.6 4 2.4
      vertex 2.91778 3.11185 2.4
    endloop
  endfacet
  facet normal 0 0 1
    outer loop
      vertex 2.6 72 2.4
      vertex 2.76531 72.66 2.4
      vertex 2.70657 72.5358 2.4
    endloop
  endfacet
  facet normal 0 0 1
    outer loop
      vertex 2.91778 3.11185 2.4
      vertex 2.6 4 2.4
      vertex 2.83594 3.2222 2.4
    endloop
  endfacet
  facet normal 0 0 1
    outer loop
      vertex 2.6 72 2.4
      vertex 2.70657 72.5358 2.4
      vertex 2.66028 72.4064 2.4
    endloop
  endfacet
  facet normal 0 0 1
    outer loop
      vertex 2.83594 3.2222 2.4
      vertex 2.6 4 2.4
      vertex 2.76531 3.34004 2.4
    endloop
  endfacet
  facet normal 0 0 1
    outer loop
      vertex 2.6 72 2.4
      vertex 2.66028 72.4064 2.4
      vertex 2.6269 72.2731 2.4
    endloop
  endfacet
  facet normal 0 0 1
    outer loop
      vertex 2.76531 3.34004 2.4
      vertex 2.6 4 2.4
      vertex 2.70657 3.46424 2.4
    endloop
  endfacet
  facet normal 0 0 1
    outer loop
      vertex 2.6 72 2.4
      vertex 2.6269 72.2731 2.4
      vertex 2.60674 72.1372 2.4
    endloop
  endfacet
  facet normal 0 0 1
    outer loop
      vertex 2.70657 3.46424 2.4
      vertex 2.6 4 2.4
      vertex 2.66028 3.5936 2.4
    endloop
  endfacet
  facet normal 0 0 1
    outer loop
      vertex 2.66028 3.5936 2.4
      vertex 2.6 4 2.4
      vertex 2.6269 3.72687 2.4
    endloop
  endfacet
  facet normal 0 0 1
    outer loop
      vertex 2.6269 3.72687 2.4
      vertex 2.6 4 2.4
      vertex 2.60674 3.86278 2.4
    endloop
  endfacet
  facet normal 0.0490591 0.998796 -0
    outer loop
      vertex 4 2.6 2.4
      vertex 3.86278 2.60674 40
      vertex 4 2.6 40
    endloop
  endfacet
  facet normal 0.0490591 0.998796 0
    outer loop
      vertex 3.86278 2.60674 40
      vertex 4 2.6 2.4
      vertex 3.86278 2.60674 2.4
    endloop
  endfacet
  facet normal 0.941567 -0.336825 0
    outer loop
      vertex 2.66028 72.4064 40
      vertex 2.70657 72.5358 2.4
      vertex 2.70657 72.5358 40
    endloop
  endfacet
  facet normal 0.941567 -0.336825 0
    outer loop
      vertex 2.70657 72.5358 2.4
      vertex 2.66028 72.4064 40
      vertex 2.66028 72.4064 2.4
    endloop
  endfacet
  facet normal 0.903996 0.427542 0
    outer loop
      vertex 2.76531 3.34004 40
      vertex 2.70657 3.46424 2.4
      vertex 2.70657 3.46424 40
    endloop
  endfacet
  facet normal 0.903996 0.427542 0
    outer loop
      vertex 2.70657 3.46424 2.4
      vertex 2.76531 3.34004 40
      vertex 2.76531 3.34004 2.4
    endloop
  endfacet
  facet normal 0.336917 0.941534 -0
    outer loop
      vertex 3.5936 2.66028 2.4
      vertex 3.46424 2.70657 40
      vertex 3.5936 2.66028 40
    endloop
  endfacet
  facet normal 0.336917 0.941534 0
    outer loop
      vertex 3.46424 2.70657 40
      vertex 3.5936 2.66028 2.4
      vertex 3.46424 2.70657 2.4
    endloop
  endfacet
  facet normal -0.514228 0.857653 0
    outer loop
      vertex 88.7778 2.83594 2.4
      vertex 88.66 2.76531 40
      vertex 88.7778 2.83594 40
    endloop
  endfacet
  facet normal -0.514228 0.857653 0
    outer loop
      vertex 88.66 2.76531 40
      vertex 88.7778 2.83594 2.4
      vertex 88.66 2.76531 2.4
    endloop
  endfacet
  facet normal 0.243101 -0.970001 0
    outer loop
      vertex 3.5936 73.3397 2.4
      vertex 3.72687 73.3731 40
      vertex 3.5936 73.3397 40
    endloop
  endfacet
  facet normal 0.243101 -0.970001 0
    outer loop
      vertex 3.72687 73.3731 40
      vertex 3.5936 73.3397 2.4
      vertex 3.72687 73.3731 2.4
    endloop
  endfacet
  facet normal 0.146728 0.989177 -0
    outer loop
      vertex 3.86278 2.60674 2.4
      vertex 3.72687 2.6269 40
      vertex 3.86278 2.60674 40
    endloop
  endfacet
  facet normal 0.146728 0.989177 0
    outer loop
      vertex 3.72687 2.6269 40
      vertex 3.86278 2.60674 2.4
      vertex 3.72687 2.6269 2.4
    endloop
  endfacet
  facet normal 0.427542 0.903996 -0
    outer loop
      vertex 3.46424 2.70657 2.4
      vertex 3.34004 2.76531 40
      vertex 3.46424 2.70657 40
    endloop
  endfacet
  facet normal 0.427542 0.903996 0
    outer loop
      vertex 3.34004 2.76531 40
      vertex 3.46424 2.70657 2.4
      vertex 3.34004 2.76531 2.4
    endloop
  endfacet
  facet normal 0.803211 0.595694 0
    outer loop
      vertex 2.91778 3.11185 40
      vertex 2.83594 3.2222 2.4
      vertex 2.83594 3.2222 40
    endloop
  endfacet
  facet normal 0.803211 0.595694 0
    outer loop
      vertex 2.83594 3.2222 2.4
      vertex 2.91778 3.11185 40
      vertex 2.91778 3.11185 2.4
    endloop
  endfacet
  facet normal -0.0490662 0.998796 0
    outer loop
      vertex 88.1372 2.60674 2.4
      vertex 88 2.6 40
      vertex 88.1372 2.60674 40
    endloop
  endfacet
  facet normal -0.0490662 0.998796 0
    outer loop
      vertex 88 2.6 40
      vertex 88.1372 2.60674 2.4
      vertex 88 2.6 2.4
    endloop
  endfacet
  facet normal -0.146739 0.989175 0
    outer loop
      vertex 88.2731 2.6269 2.4
      vertex 88.1372 2.60674 40
      vertex 88.2731 2.6269 40
    endloop
  endfacet
  facet normal -0.146739 0.989175 0
    outer loop
      vertex 88.1372 2.60674 40
      vertex 88.2731 2.6269 2.4
      vertex 88.1372 2.60674 2.4
    endloop
  endfacet
  facet normal 0.740937 0.671574 0
    outer loop
      vertex 3.01005 3.01005 40
      vertex 2.91778 3.11185 2.4
      vertex 2.91778 3.11185 40
    endloop
  endfacet
  facet normal 0.740937 0.671574 0
    outer loop
      vertex 2.91778 3.11185 2.4
      vertex 3.01005 3.01005 40
      vertex 3.01005 3.01005 2.4
    endloop
  endfacet
  facet normal -0.941511 0.336982 0
    outer loop
      vertex 89.2934 3.46424 2.4
      vertex 89.3397 3.5936 40
      vertex 89.3397 3.5936 2.4
    endloop
  endfacet
  facet normal -0.941511 0.336982 0
    outer loop
      vertex 89.3397 3.5936 40
      vertex 89.2934 3.46424 2.4
      vertex 89.2934 3.46424 40
    endloop
  endfacet
  facet normal -0.99881 0.0487686 0
    outer loop
      vertex 89.3933 3.86278 2.4
      vertex 89.4 4 40
      vertex 89.4 4 2.4
    endloop
  endfacet
  facet normal -0.99881 0.0487686 0
    outer loop
      vertex 89.4 4 40
      vertex 89.3933 3.86278 2.4
      vertex 89.3933 3.86278 40
    endloop
  endfacet
  facet normal 0.85773 0.5141 0
    outer loop
      vertex 2.83594 3.2222 40
      vertex 2.76531 3.34004 2.4
      vertex 2.76531 3.34004 40
    endloop
  endfacet
  facet normal 0.85773 0.5141 0
    outer loop
      vertex 2.76531 3.34004 2.4
      vertex 2.83594 3.2222 40
      vertex 2.83594 3.2222 2.4
    endloop
  endfacet
  facet normal 0.147013 -0.989135 0
    outer loop
      vertex 3.72687 73.3731 2.4
      vertex 3.86278 73.3933 40
      vertex 3.72687 73.3731 40
    endloop
  endfacet
  facet normal 0.147013 -0.989135 0
    outer loop
      vertex 3.86278 73.3933 40
      vertex 3.72687 73.3731 2.4
      vertex 3.86278 73.3933 2.4
    endloop
  endfacet
  facet normal -0.904108 0.427304 0
    outer loop
      vertex 89.2347 3.34004 2.4
      vertex 89.2934 3.46424 40
      vertex 89.2934 3.46424 2.4
    endloop
  endfacet
  facet normal -0.904108 0.427304 0
    outer loop
      vertex 89.2934 3.46424 40
      vertex 89.2347 3.34004 2.4
      vertex 89.2347 3.34004 40
    endloop
  endfacet
  facet normal 0.0487686 -0.99881 0
    outer loop
      vertex 3.86278 73.3933 2.4
      vertex 4 73.4 40
      vertex 3.86278 73.3933 40
    endloop
  endfacet
  facet normal 0.0487686 -0.99881 0
    outer loop
      vertex 4 73.4 40
      vertex 3.86278 73.3933 2.4
      vertex 4 73.4 2.4
    endloop
  endfacet
  facet normal 0.595694 0.803211 -0
    outer loop
      vertex 3.2222 2.83594 2.4
      vertex 3.11185 2.91778 40
      vertex 3.2222 2.83594 40
    endloop
  endfacet
  facet normal 0.595694 0.803211 0
    outer loop
      vertex 3.11185 2.91778 40
      vertex 3.2222 2.83594 2.4
      vertex 3.11185 2.91778 2.4
    endloop
  endfacet
  facet normal 0.671574 0.740937 -0
    outer loop
      vertex 3.11185 2.91778 2.4
      vertex 3.01005 3.01005 40
      vertex 3.11185 2.91778 40
    endloop
  endfacet
  facet normal 0.671574 0.740937 0
    outer loop
      vertex 3.01005 3.01005 40
      vertex 3.11185 2.91778 2.4
      vertex 3.01005 3.01005 2.4
    endloop
  endfacet
  facet normal 0.941534 0.336917 0
    outer loop
      vertex 2.70657 3.46424 40
      vertex 2.66028 3.5936 2.4
      vertex 2.66028 3.5936 40
    endloop
  endfacet
  facet normal 0.941534 0.336917 0
    outer loop
      vertex 2.66028 3.5936 2.4
      vertex 2.70657 3.46424 40
      vertex 2.70657 3.46424 2.4
    endloop
  endfacet
  facet normal 0.970035 0.242964 0
    outer loop
      vertex 2.66028 3.5936 40
      vertex 2.6269 3.72687 2.4
      vertex 2.6269 3.72687 40
    endloop
  endfacet
  facet normal 0.970035 0.242964 0
    outer loop
      vertex 2.6269 3.72687 2.4
      vertex 2.66028 3.5936 40
      vertex 2.66028 3.5936 2.4
    endloop
  endfacet
  facet normal 0.741015 0.671488 0
    outer loop
      vertex 12.4785 11.8548 39
      vertex 12.182 12.182 2.4
      vertex 12.182 12.182 39
    endloop
  endfacet
  facet normal 0.741015 0.671488 0
    outer loop
      vertex 12.182 12.182 2.4
      vertex 12.4785 11.8548 39
      vertex 12.4785 11.8548 2.4
    endloop
  endfacet
  facet normal 0.989176 0.146736 0
    outer loop
      vertex 13.4783 9.44108 39
      vertex 13.4135 9.87791 2.4
      vertex 13.4135 9.87791 39
    endloop
  endfacet
  facet normal 0.989176 0.146736 0
    outer loop
      vertex 13.4135 9.87791 2.4
      vertex 13.4783 9.44108 39
      vertex 13.4783 9.44108 2.4
    endloop
  endfacet
  facet normal 0.998792 0.049138 0
    outer loop
      vertex 13.5 9 39
      vertex 13.4783 9.44108 2.4
      vertex 13.4783 9.44108 39
    endloop
  endfacet
  facet normal 0.998792 0.049138 0
    outer loop
      vertex 13.4783 9.44108 2.4
      vertex 13.5 9 39
      vertex 13.5 9 2.4
    endloop
  endfacet
  facet normal 0.970035 0.242967 0
    outer loop
      vertex 13.4135 9.87791 39
      vertex 13.3062 10.3063 2.4
      vertex 13.3062 10.3063 39
    endloop
  endfacet
  facet normal 0.970035 0.242967 0
    outer loop
      vertex 13.3062 10.3063 2.4
      vertex 13.4135 9.87791 39
      vertex 13.4135 9.87791 2.4
    endloop
  endfacet
  facet normal 0.336879 -0.941548 0
    outer loop
      vertex 10.3063 4.69377 2.4
      vertex 10.7221 4.84254 39
      vertex 10.3063 4.69377 39
    endloop
  endfacet
  facet normal 0.336879 -0.941548 0
    outer loop
      vertex 10.7221 4.84254 39
      vertex 10.3063 4.69377 2.4
      vertex 10.7221 4.84254 2.4
    endloop
  endfacet
  facet normal 0.671488 0.741015 -0
    outer loop
      vertex 12.182 12.182 2.4
      vertex 11.8548 12.4785 39
      vertex 12.182 12.182 39
    endloop
  endfacet
  facet normal 0.671488 0.741015 0
    outer loop
      vertex 11.8548 12.4785 39
      vertex 12.182 12.182 2.4
      vertex 11.8548 12.4785 2.4
    endloop
  endfacet
  facet normal 0.941598 0.336738 0
    outer loop
      vertex 13.3062 10.3063 39
      vertex 13.1575 10.7221 2.4
      vertex 13.1575 10.7221 39
    endloop
  endfacet
  facet normal 0.941598 0.336738 0
    outer loop
      vertex 13.1575 10.7221 2.4
      vertex 13.3062 10.3063 39
      vertex 13.3062 10.3063 2.4
    endloop
  endfacet
  facet normal 0.0490702 -0.998795 0
    outer loop
      vertex 9 4.5 2.4
      vertex 9.44108 4.52167 39
      vertex 9 4.5 39
    endloop
  endfacet
  facet normal 0.0490702 -0.998795 0
    outer loop
      vertex 9.44108 4.52167 39
      vertex 9 4.5 2.4
      vertex 9.44108 4.52167 2.4
    endloop
  endfacet
  facet normal -0.595694 -0.803211 0
    outer loop
      vertex 6.14523 5.52145 2.4
      vertex 6.49993 5.25839 39
      vertex 6.14523 5.52145 39
    endloop
  endfacet
  facet normal -0.595694 -0.803211 -0
    outer loop
      vertex 6.49993 5.25839 39
      vertex 6.14523 5.52145 2.4
      vertex 6.49993 5.25839 2.4
    endloop
  endfacet
  facet normal -0.242978 -0.970032 0
    outer loop
      vertex 7.69372 4.69377 2.4
      vertex 8.12209 4.58647 39
      vertex 7.69372 4.69377 39
    endloop
  endfacet
  facet normal -0.242978 -0.970032 -0
    outer loop
      vertex 8.12209 4.58647 39
      vertex 7.69372 4.69377 2.4
      vertex 8.12209 4.58647 2.4
    endloop
  endfacet
  facet normal 0.857773 0.514029 0
    outer loop
      vertex 12.9686 11.1213 39
      vertex 12.7416 11.5001 2.4
      vertex 12.7416 11.5001 39
    endloop
  endfacet
  facet normal 0.857773 0.514029 0
    outer loop
      vertex 12.7416 11.5001 2.4
      vertex 12.9686 11.1213 39
      vertex 12.9686 11.1213 2.4
    endloop
  endfacet
  facet normal -0.998795 -0.0490702 0
    outer loop
      vertex 4.52167 8.55892 2.4
      vertex 4.5 9 39
      vertex 4.5 9 2.4
    endloop
  endfacet
  facet normal -0.998795 -0.0490702 0
    outer loop
      vertex 4.5 9 39
      vertex 4.52167 8.55892 2.4
      vertex 4.52167 8.55892 39
    endloop
  endfacet
  facet normal -0.903991 -0.427551 0
    outer loop
      vertex 5.03135 6.87872 2.4
      vertex 4.84254 7.27793 39
      vertex 4.84254 7.27793 2.4
    endloop
  endfacet
  facet normal -0.903991 -0.427551 0
    outer loop
      vertex 4.84254 7.27793 39
      vertex 5.03135 6.87872 2.4
      vertex 5.03135 6.87872 39
    endloop
  endfacet
  facet normal 0.903908 0.427726 0
    outer loop
      vertex 13.1575 10.7221 39
      vertex 12.9686 11.1213 2.4
      vertex 12.9686 11.1213 39
    endloop
  endfacet
  facet normal 0.903908 0.427726 0
    outer loop
      vertex 12.9686 11.1213 2.4
      vertex 13.1575 10.7221 39
      vertex 13.1575 10.7221 2.4
    endloop
  endfacet
  facet normal 0.970032 -0.242978 0
    outer loop
      vertex 13.3062 7.69372 39
      vertex 13.4135 8.12209 2.4
      vertex 13.4135 8.12209 39
    endloop
  endfacet
  facet normal 0.970032 -0.242978 0
    outer loop
      vertex 13.4135 8.12209 2.4
      vertex 13.3062 7.69372 39
      vertex 13.3062 7.69372 2.4
    endloop
  endfacet
  facet normal -0.514039 0.857767 0
    outer loop
      vertex 6.87872 12.9686 2.4
      vertex 6.49993 12.7416 39
      vertex 6.87872 12.9686 39
    endloop
  endfacet
  facet normal -0.514039 0.857767 0
    outer loop
      vertex 6.49993 12.7416 39
      vertex 6.87872 12.9686 2.4
      vertex 6.49993 12.7416 2.4
    endloop
  endfacet
  facet normal -0.970032 -0.242978 0
    outer loop
      vertex 4.69377 7.69372 2.4
      vertex 4.58647 8.12209 39
      vertex 4.58647 8.12209 2.4
    endloop
  endfacet
  facet normal -0.970032 -0.242978 0
    outer loop
      vertex 4.58647 8.12209 39
      vertex 4.69377 7.69372 2.4
      vertex 4.69377 7.69372 39
    endloop
  endfacet
  facet normal 0.242967 0.970035 -0
    outer loop
      vertex 10.3063 13.3062 2.4
      vertex 9.87791 13.4135 39
      vertex 10.3063 13.3062 39
    endloop
  endfacet
  facet normal 0.242967 0.970035 0
    outer loop
      vertex 9.87791 13.4135 39
      vertex 10.3063 13.3062 2.4
      vertex 9.87791 13.4135 2.4
    endloop
  endfacet
  facet normal 0.941596 -0.336745 0
    outer loop
      vertex 13.1575 7.27793 39
      vertex 13.3062 7.69372 2.4
      vertex 13.3062 7.69372 39
    endloop
  endfacet
  facet normal 0.941596 -0.336745 0
    outer loop
      vertex 13.3062 7.69372 2.4
      vertex 13.1575 7.27793 39
      vertex 13.1575 7.27793 2.4
    endloop
  endfacet
  facet normal 0.989176 -0.146736 0
    outer loop
      vertex 13.4135 8.12209 39
      vertex 13.4783 8.55892 2.4
      vertex 13.4783 8.55892 39
    endloop
  endfacet
  facet normal 0.989176 -0.146736 0
    outer loop
      vertex 13.4783 8.55892 2.4
      vertex 13.4135 8.12209 39
      vertex 13.4135 8.12209 2.4
    endloop
  endfacet
  facet normal 0.146736 0.989176 -0
    outer loop
      vertex 9.87791 13.4135 2.4
      vertex 9.44108 13.4783 39
      vertex 9.87791 13.4135 39
    endloop
  endfacet
  facet normal 0.146736 0.989176 0
    outer loop
      vertex 9.44108 13.4783 39
      vertex 9.87791 13.4135 2.4
      vertex 9.44108 13.4783 2.4
    endloop
  endfacet
  facet normal -0.427717 0.903913 0
    outer loop
      vertex 7.27793 13.1575 2.4
      vertex 6.87872 12.9686 39
      vertex 7.27793 13.1575 39
    endloop
  endfacet
  facet normal -0.427717 0.903913 0
    outer loop
      vertex 6.87872 12.9686 39
      vertex 7.27793 13.1575 2.4
      vertex 6.87872 12.9686 2.4
    endloop
  endfacet
  facet normal -0.146736 0.989176 0
    outer loop
      vertex 8.55892 13.4783 2.4
      vertex 8.12209 13.4135 39
      vertex 8.55892 13.4783 39
    endloop
  endfacet
  facet normal -0.146736 0.989176 0
    outer loop
      vertex 8.12209 13.4135 39
      vertex 8.55892 13.4783 2.4
      vertex 8.12209 13.4135 2.4
    endloop
  endfacet
  facet normal 0.42756 -0.903987 0
    outer loop
      vertex 10.7221 4.84254 2.4
      vertex 11.1213 5.03135 39
      vertex 10.7221 4.84254 39
    endloop
  endfacet
  facet normal 0.42756 -0.903987 0
    outer loop
      vertex 11.1213 5.03135 39
      vertex 10.7221 4.84254 2.4
      vertex 11.1213 5.03135 2.4
    endloop
  endfacet
  facet normal -0.671477 0.741025 0
    outer loop
      vertex 6.14523 12.4785 2.4
      vertex 5.81802 12.182 39
      vertex 6.14523 12.4785 39
    endloop
  endfacet
  facet normal -0.671477 0.741025 0
    outer loop
      vertex 5.81802 12.182 39
      vertex 6.14523 12.4785 2.4
      vertex 5.81802 12.182 2.4
    endloop
  endfacet
  facet normal 0.857767 -0.514039 0
    outer loop
      vertex 12.7416 6.49993 39
      vertex 12.9686 6.87872 2.4
      vertex 12.9686 6.87872 39
    endloop
  endfacet
  facet normal 0.857767 -0.514039 0
    outer loop
      vertex 12.9686 6.87872 2.4
      vertex 12.7416 6.49993 39
      vertex 12.7416 6.49993 2.4
    endloop
  endfacet
  facet normal -0.595753 0.803168 0
    outer loop
      vertex 6.49993 12.7416 2.4
      vertex 6.14523 12.4785 39
      vertex 6.49993 12.7416 39
    endloop
  endfacet
  facet normal -0.595753 0.803168 0
    outer loop
      vertex 6.14523 12.4785 39
      vertex 6.49993 12.7416 2.4
      vertex 6.14523 12.4785 2.4
    endloop
  endfacet
  facet normal 0.903913 -0.427717 0
    outer loop
      vertex 12.9686 6.87872 39
      vertex 13.1575 7.27793 2.4
      vertex 13.1575 7.27793 39
    endloop
  endfacet
  facet normal 0.903913 -0.427717 0
    outer loop
      vertex 13.1575 7.27793 2.4
      vertex 12.9686 6.87872 39
      vertex 12.9686 6.87872 2.4
    endloop
  endfacet
  facet normal 0.998792 -0.049138 0
    outer loop
      vertex 13.4783 8.55892 39
      vertex 13.5 9 2.4
      vertex 13.5 9 39
    endloop
  endfacet
  facet normal 0.998792 -0.049138 0
    outer loop
      vertex 13.5 9 2.4
      vertex 13.4783 8.55892 39
      vertex 13.4783 8.55892 2.4
    endloop
  endfacet
  facet normal -0.740936 0.671575 0
    outer loop
      vertex 5.52145 11.8548 2.4
      vertex 5.81802 12.182 39
      vertex 5.81802 12.182 2.4
    endloop
  endfacet
  facet normal -0.740936 0.671575 0
    outer loop
      vertex 5.81802 12.182 39
      vertex 5.52145 11.8548 2.4
      vertex 5.52145 11.8548 39
    endloop
  endfacet
  facet normal -0.941546 -0.336886 0
    outer loop
      vertex 4.84254 7.27793 2.4
      vertex 4.69377 7.69372 39
      vertex 4.69377 7.69372 2.4
    endloop
  endfacet
  facet normal -0.941546 -0.336886 0
    outer loop
      vertex 4.69377 7.69372 39
      vertex 4.84254 7.27793 2.4
      vertex 4.84254 7.27793 39
    endloop
  endfacet
  facet normal 0.514029 0.857773 -0
    outer loop
      vertex 11.5001 12.7416 2.4
      vertex 11.1213 12.9686 39
      vertex 11.5001 12.7416 39
    endloop
  endfacet
  facet normal 0.514029 0.857773 0
    outer loop
      vertex 11.1213 12.9686 39
      vertex 11.5001 12.7416 2.4
      vertex 11.1213 12.9686 2.4
    endloop
  endfacet
  facet normal 0.595753 0.803168 -0
    outer loop
      vertex 11.8548 12.4785 2.4
      vertex 11.5001 12.7416 39
      vertex 11.8548 12.4785 39
    endloop
  endfacet
  facet normal 0.595753 0.803168 0
    outer loop
      vertex 11.5001 12.7416 39
      vertex 11.8548 12.4785 2.4
      vertex 11.5001 12.7416 2.4
    endloop
  endfacet
  facet normal 0.146736 -0.989176 0
    outer loop
      vertex 9.44108 4.52167 2.4
      vertex 9.87791 4.58647 39
      vertex 9.44108 4.52167 39
    endloop
  endfacet
  facet normal 0.146736 -0.989176 0
    outer loop
      vertex 9.87791 4.58647 39
      vertex 9.44108 4.52167 2.4
      vertex 9.87791 4.58647 2.4
    endloop
  endfacet
  facet normal 0.741025 -0.671477 0
    outer loop
      vertex 12.182 5.81802 39
      vertex 12.4785 6.14523 2.4
      vertex 12.4785 6.14523 39
    endloop
  endfacet
  facet normal 0.741025 -0.671477 0
    outer loop
      vertex 12.4785 6.14523 2.4
      vertex 12.182 5.81802 39
      vertex 12.182 5.81802 2.4
    endloop
  endfacet
  facet normal 0.803168 -0.595753 0
    outer loop
      vertex 12.4785 6.14523 39
      vertex 12.7416 6.49993 2.4
      vertex 12.7416 6.49993 39
    endloop
  endfacet
  facet normal 0.803168 -0.595753 0
    outer loop
      vertex 12.7416 6.49993 2.4
      vertex 12.4785 6.14523 39
      vertex 12.4785 6.14523 2.4
    endloop
  endfacet
  facet normal 0.242967 -0.970035 0
    outer loop
      vertex 9.87791 4.58647 2.4
      vertex 10.3063 4.69377 39
      vertex 9.87791 4.58647 39
    endloop
  endfacet
  facet normal 0.242967 -0.970035 0
    outer loop
      vertex 10.3063 4.69377 39
      vertex 9.87791 4.58647 2.4
      vertex 10.3063 4.69377 2.4
    endloop
  endfacet
  facet normal -0.242978 0.970032 0
    outer loop
      vertex 8.12209 13.4135 2.4
      vertex 7.69372 13.3062 39
      vertex 8.12209 13.4135 39
    endloop
  endfacet
  facet normal -0.242978 0.970032 0
    outer loop
      vertex 7.69372 13.3062 39
      vertex 8.12209 13.4135 2.4
      vertex 7.69372 13.3062 2.4
    endloop
  endfacet
  facet normal 0.803168 0.595753 0
    outer loop
      vertex 12.7416 11.5001 39
      vertex 12.4785 11.8548 2.4
      vertex 12.4785 11.8548 39
    endloop
  endfacet
  facet normal 0.803168 0.595753 0
    outer loop
      vertex 12.4785 11.8548 2.4
      vertex 12.7416 11.5001 39
      vertex 12.7416 11.5001 2.4
    endloop
  endfacet
  facet normal 0.049138 0.998792 -0
    outer loop
      vertex 9.44108 13.4783 2.4
      vertex 9 13.5 39
      vertex 9.44108 13.4783 39
    endloop
  endfacet
  facet normal 0.049138 0.998792 0
    outer loop
      vertex 9 13.5 39
      vertex 9.44108 13.4783 2.4
      vertex 9 13.5 2.4
    endloop
  endfacet
  facet normal -0.857733 0.514096 0
    outer loop
      vertex 5.03135 11.1213 2.4
      vertex 5.25839 11.5001 39
      vertex 5.25839 11.5001 2.4
    endloop
  endfacet
  facet normal -0.857733 0.514096 0
    outer loop
      vertex 5.25839 11.5001 39
      vertex 5.03135 11.1213 2.4
      vertex 5.03135 11.1213 39
    endloop
  endfacet
  facet normal 0.427726 0.903908 -0
    outer loop
      vertex 11.1213 12.9686 2.4
      vertex 10.7221 13.1575 39
      vertex 11.1213 12.9686 39
    endloop
  endfacet
  facet normal 0.427726 0.903908 0
    outer loop
      vertex 10.7221 13.1575 39
      vertex 11.1213 12.9686 2.4
      vertex 10.7221 13.1575 2.4
    endloop
  endfacet
  facet normal -0.857727 -0.514106 0
    outer loop
      vertex 5.25839 6.49993 2.4
      vertex 5.03135 6.87872 39
      vertex 5.03135 6.87872 2.4
    endloop
  endfacet
  facet normal -0.857727 -0.514106 0
    outer loop
      vertex 5.03135 6.87872 39
      vertex 5.25839 6.49993 2.4
      vertex 5.25839 6.49993 39
    endloop
  endfacet
  facet normal -0.427551 -0.903991 0
    outer loop
      vertex 6.87872 5.03135 2.4
      vertex 7.27793 4.84254 39
      vertex 6.87872 5.03135 39
    endloop
  endfacet
  facet normal -0.427551 -0.903991 -0
    outer loop
      vertex 7.27793 4.84254 39
      vertex 6.87872 5.03135 2.4
      vertex 7.27793 4.84254 2.4
    endloop
  endfacet
  facet normal -0.740946 -0.671564 0
    outer loop
      vertex 5.81802 5.81802 2.4
      vertex 5.52145 6.14523 39
      vertex 5.52145 6.14523 2.4
    endloop
  endfacet
  facet normal -0.740946 -0.671564 0
    outer loop
      vertex 5.52145 6.14523 39
      vertex 5.81802 5.81802 2.4
      vertex 5.81802 5.81802 39
    endloop
  endfacet
  facet normal -0.336745 0.941596 0
    outer loop
      vertex 7.69372 13.3062 2.4
      vertex 7.27793 13.1575 39
      vertex 7.69372 13.3062 39
    endloop
  endfacet
  facet normal -0.336745 0.941596 0
    outer loop
      vertex 7.27793 13.1575 39
      vertex 7.69372 13.3062 2.4
      vertex 7.27793 13.1575 2.4
    endloop
  endfacet
  facet normal -0.514106 -0.857727 0
    outer loop
      vertex 6.49993 5.25839 2.4
      vertex 6.87872 5.03135 39
      vertex 6.49993 5.25839 39
    endloop
  endfacet
  facet normal -0.514106 -0.857727 -0
    outer loop
      vertex 6.87872 5.03135 39
      vertex 6.49993 5.25839 2.4
      vertex 6.87872 5.03135 2.4
    endloop
  endfacet
  facet normal 0.595694 -0.803211 0
    outer loop
      vertex 11.5001 5.25839 2.4
      vertex 11.8548 5.52145 39
      vertex 11.5001 5.25839 39
    endloop
  endfacet
  facet normal 0.595694 -0.803211 0
    outer loop
      vertex 11.8548 5.52145 39
      vertex 11.5001 5.25839 2.4
      vertex 11.8548 5.52145 2.4
    endloop
  endfacet
  facet normal -0.049138 0.998792 0
    outer loop
      vertex 9 13.5 2.4
      vertex 8.55892 13.4783 39
      vertex 9 13.5 39
    endloop
  endfacet
  facet normal -0.049138 0.998792 0
    outer loop
      vertex 8.55892 13.4783 39
      vertex 9 13.5 2.4
      vertex 8.55892 13.4783 2.4
    endloop
  endfacet
  facet normal -0.941548 0.336879 0
    outer loop
      vertex 4.69377 10.3063 2.4
      vertex 4.84254 10.7221 39
      vertex 4.84254 10.7221 2.4
    endloop
  endfacet
  facet normal -0.941548 0.336879 0
    outer loop
      vertex 4.84254 10.7221 39
      vertex 4.69377 10.3063 2.4
      vertex 4.69377 10.3063 39
    endloop
  endfacet
  facet normal -0.989176 -0.146736 0
    outer loop
      vertex 4.58647 8.12209 2.4
      vertex 4.52167 8.55892 39
      vertex 4.52167 8.55892 2.4
    endloop
  endfacet
  facet normal -0.989176 -0.146736 0
    outer loop
      vertex 4.52167 8.55892 39
      vertex 4.58647 8.12209 2.4
      vertex 4.58647 8.12209 39
    endloop
  endfacet
  facet normal 0.336738 0.941598 -0
    outer loop
      vertex 10.7221 13.1575 2.4
      vertex 10.3063 13.3062 39
      vertex 10.7221 13.1575 39
    endloop
  endfacet
  facet normal 0.336738 0.941598 0
    outer loop
      vertex 10.3063 13.3062 39
      vertex 10.7221 13.1575 2.4
      vertex 10.3063 13.3062 2.4
    endloop
  endfacet
  facet normal -0.803211 -0.595694 0
    outer loop
      vertex 5.52145 6.14523 2.4
      vertex 5.25839 6.49993 39
      vertex 5.25839 6.49993 2.4
    endloop
  endfacet
  facet normal -0.803211 -0.595694 0
    outer loop
      vertex 5.25839 6.49993 39
      vertex 5.52145 6.14523 2.4
      vertex 5.52145 6.14523 39
    endloop
  endfacet
  facet normal -0.970035 0.242967 0
    outer loop
      vertex 4.58647 9.87791 2.4
      vertex 4.69377 10.3063 39
      vertex 4.69377 10.3063 2.4
    endloop
  endfacet
  facet normal -0.970035 0.242967 0
    outer loop
      vertex 4.69377 10.3063 39
      vertex 4.58647 9.87791 2.4
      vertex 4.58647 9.87791 39
    endloop
  endfacet
  facet normal -0.903987 0.42756 0
    outer loop
      vertex 4.84254 10.7221 2.4
      vertex 5.03135 11.1213 39
      vertex 5.03135 11.1213 2.4
    endloop
  endfacet
  facet normal -0.903987 0.42756 0
    outer loop
      vertex 5.03135 11.1213 39
      vertex 4.84254 10.7221 2.4
      vertex 4.84254 10.7221 39
    endloop
  endfacet
  facet normal 0.514096 -0.857733 0
    outer loop
      vertex 11.1213 5.03135 2.4
      vertex 11.5001 5.25839 39
      vertex 11.1213 5.03135 39
    endloop
  endfacet
  facet normal 0.514096 -0.857733 0
    outer loop
      vertex 11.5001 5.25839 39
      vertex 11.1213 5.03135 2.4
      vertex 11.5001 5.25839 2.4
    endloop
  endfacet
  facet normal -0.671564 -0.740946 0
    outer loop
      vertex 5.81802 5.81802 2.4
      vertex 6.14523 5.52145 39
      vertex 5.81802 5.81802 39
    endloop
  endfacet
  facet normal -0.671564 -0.740946 -0
    outer loop
      vertex 6.14523 5.52145 39
      vertex 5.81802 5.81802 2.4
      vertex 6.14523 5.52145 2.4
    endloop
  endfacet
  facet normal -0.803211 0.595694 0
    outer loop
      vertex 5.25839 11.5001 2.4
      vertex 5.52145 11.8548 39
      vertex 5.52145 11.8548 2.4
    endloop
  endfacet
  facet normal -0.803211 0.595694 0
    outer loop
      vertex 5.52145 11.8548 39
      vertex 5.25839 11.5001 2.4
      vertex 5.25839 11.5001 39
    endloop
  endfacet
  facet normal -0.0490702 -0.998795 0
    outer loop
      vertex 8.55892 4.52167 2.4
      vertex 9 4.5 39
      vertex 8.55892 4.52167 39
    endloop
  endfacet
  facet normal -0.0490702 -0.998795 -0
    outer loop
      vertex 9 4.5 39
      vertex 8.55892 4.52167 2.4
      vertex 9 4.5 2.4
    endloop
  endfacet
  facet normal -0.146736 -0.989176 0
    outer loop
      vertex 8.12209 4.58647 2.4
      vertex 8.55892 4.52167 39
      vertex 8.12209 4.58647 39
    endloop
  endfacet
  facet normal -0.146736 -0.989176 -0
    outer loop
      vertex 8.55892 4.52167 39
      vertex 8.12209 4.58647 2.4
      vertex 8.55892 4.52167 2.4
    endloop
  endfacet
  facet normal -0.989176 0.146736 0
    outer loop
      vertex 4.52167 9.44108 2.4
      vertex 4.58647 9.87791 39
      vertex 4.58647 9.87791 2.4
    endloop
  endfacet
  facet normal -0.989176 0.146736 0
    outer loop
      vertex 4.58647 9.87791 39
      vertex 4.52167 9.44108 2.4
      vertex 4.52167 9.44108 39
    endloop
  endfacet
  facet normal -0.998795 0.0490702 0
    outer loop
      vertex 4.5 9 2.4
      vertex 4.52167 9.44108 39
      vertex 4.52167 9.44108 2.4
    endloop
  endfacet
  facet normal -0.998795 0.0490702 0
    outer loop
      vertex 4.52167 9.44108 39
      vertex 4.5 9 2.4
      vertex 4.5 9 39
    endloop
  endfacet
  facet normal -0.336886 -0.941546 0
    outer loop
      vertex 7.27793 4.84254 2.4
      vertex 7.69372 4.69377 39
      vertex 7.27793 4.84254 39
    endloop
  endfacet
  facet normal -0.336886 -0.941546 -0
    outer loop
      vertex 7.69372 4.69377 39
      vertex 7.27793 4.84254 2.4
      vertex 7.69372 4.69377 2.4
    endloop
  endfacet
  facet normal 0.671575 -0.740936 0
    outer loop
      vertex 11.8548 5.52145 2.4
      vertex 12.182 5.81802 39
      vertex 11.8548 5.52145 39
    endloop
  endfacet
  facet normal 0.671575 -0.740936 0
    outer loop
      vertex 12.182 5.81802 39
      vertex 11.8548 5.52145 2.4
      vertex 12.182 5.81802 2.4
    endloop
  endfacet
  facet normal 0 0 1
    outer loop
      vertex 11.1 9 39
      vertex 13.5 9 39
      vertex 13.4783 9.44108 39
    endloop
  endfacet
  facet normal 0 0 1
    outer loop
      vertex 11.0899 9.20584 39
      vertex 13.4783 9.44108 39
      vertex 13.4135 9.87791 39
    endloop
  endfacet
  facet normal 0 0 1
    outer loop
      vertex 13.5 9 39
      vertex 11.1 9 39
      vertex 13.4783 8.55892 39
    endloop
  endfacet
  facet normal 0 0 1
    outer loop
      vertex 11.0596 9.40969 39
      vertex 13.4135 9.87791 39
      vertex 13.3062 10.3063 39
    endloop
  endfacet
  facet normal -0 0 1
    outer loop
      vertex 11.0899 8.79416 39
      vertex 13.4783 8.55892 39
      vertex 11.1 9 39
    endloop
  endfacet
  facet normal 0 0 1
    outer loop
      vertex 11.0096 9.6096 39
      vertex 13.3062 10.3063 39
      vertex 13.1575 10.7221 39
    endloop
  endfacet
  facet normal 0 0 1
    outer loop
      vertex 13.4783 8.55892 39
      vertex 11.0899 8.79416 39
      vertex 13.4135 8.12209 39
    endloop
  endfacet
  facet normal 0 0 1
    outer loop
      vertex 10.9401 9.80363 39
      vertex 13.1575 10.7221 39
      vertex 12.9686 11.1213 39
    endloop
  endfacet
  facet normal -0 0 1
    outer loop
      vertex 11.0596 8.59031 39
      vertex 13.4135 8.12209 39
      vertex 11.0899 8.79416 39
    endloop
  endfacet
  facet normal 0 0 1
    outer loop
      vertex 10.852 9.98993 39
      vertex 12.9686 11.1213 39
      vertex 12.7416 11.5001 39
    endloop
  endfacet
  facet normal 0 0 1
    outer loop
      vertex 13.4135 8.12209 39
      vertex 11.0596 8.59031 39
      vertex 13.3062 7.69372 39
    endloop
  endfacet
  facet normal 0 0 1
    outer loop
      vertex 10.7461 10.1667 39
      vertex 12.7416 11.5001 39
      vertex 12.4785 11.8548 39
    endloop
  endfacet
  facet normal -0 0 1
    outer loop
      vertex 11.0096 8.3904 39
      vertex 13.3062 7.69372 39
      vertex 11.0596 8.59031 39
    endloop
  endfacet
  facet normal 0 0 1
    outer loop
      vertex 10.6233 10.3322 39
      vertex 12.4785 11.8548 39
      vertex 12.182 12.182 39
    endloop
  endfacet
  facet normal 0 0 1
    outer loop
      vertex 13.3062 7.69372 39
      vertex 11.0096 8.3904 39
      vertex 13.1575 7.27793 39
    endloop
  endfacet
  facet normal 0 0 1
    outer loop
      vertex 10.4849 10.4849 39
      vertex 12.182 12.182 39
      vertex 11.8548 12.4785 39
    endloop
  endfacet
  facet normal -0 0 1
    outer loop
      vertex 10.9401 8.19637 39
      vertex 13.1575 7.27793 39
      vertex 11.0096 8.3904 39
    endloop
  endfacet
  facet normal 0 0 1
    outer loop
      vertex 10.3322 10.6233 39
      vertex 11.8548 12.4785 39
      vertex 11.5001 12.7416 39
    endloop
  endfacet
  facet normal 0 0 1
    outer loop
      vertex 13.1575 7.27793 39
      vertex 10.9401 8.19637 39
      vertex 12.9686 6.87872 39
    endloop
  endfacet
  facet normal 0 0 1
    outer loop
      vertex 10.1667 10.7461 39
      vertex 11.5001 12.7416 39
      vertex 11.1213 12.9686 39
    endloop
  endfacet
  facet normal -0 0 1
    outer loop
      vertex 10.852 8.01007 39
      vertex 12.9686 6.87872 39
      vertex 10.9401 8.19637 39
    endloop
  endfacet
  facet normal 0 0 1
    outer loop
      vertex 12.9686 6.87872 39
      vertex 10.852 8.01007 39
      vertex 12.7416 6.49993 39
    endloop
  endfacet
  facet normal 0 0 1
    outer loop
      vertex 13.4783 9.44108 39
      vertex 11.0899 9.20584 39
      vertex 11.1 9 39
    endloop
  endfacet
  facet normal 0 0 1
    outer loop
      vertex 13.4135 9.87791 39
      vertex 11.0596 9.40969 39
      vertex 11.0899 9.20584 39
    endloop
  endfacet
  facet normal 0 0 1
    outer loop
      vertex 13.3062 10.3063 39
      vertex 11.0096 9.6096 39
      vertex 11.0596 9.40969 39
    endloop
  endfacet
  facet normal 0 0 1
    outer loop
      vertex 13.1575 10.7221 39
      vertex 10.9401 9.80363 39
      vertex 11.0096 9.6096 39
    endloop
  endfacet
  facet normal 0 0 1
    outer loop
      vertex 12.9686 11.1213 39
      vertex 10.852 9.98993 39
      vertex 10.9401 9.80363 39
    endloop
  endfacet
  facet normal 0 0 1
    outer loop
      vertex 12.7416 11.5001 39
      vertex 10.7461 10.1667 39
      vertex 10.852 9.98993 39
    endloop
  endfacet
  facet normal 0 0 1
    outer loop
      vertex 9.98993 10.852 39
      vertex 11.1213 12.9686 39
      vertex 10.7221 13.1575 39
    endloop
  endfacet
  facet normal 0 0 1
    outer loop
      vertex 12.4785 11.8548 39
      vertex 10.6233 10.3322 39
      vertex 10.7461 10.1667 39
    endloop
  endfacet
  facet normal 0 0 1
    outer loop
      vertex 12.182 12.182 39
      vertex 10.4849 10.4849 39
      vertex 10.6233 10.3322 39
    endloop
  endfacet
  facet normal 0 0 1
    outer loop
      vertex 11.8548 12.4785 39
      vertex 10.3322 10.6233 39
      vertex 10.4849 10.4849 39
    endloop
  endfacet
  facet normal 0 0 1
    outer loop
      vertex 9.80363 10.9401 39
      vertex 10.7221 13.1575 39
      vertex 10.3063 13.3062 39
    endloop
  endfacet
  facet normal 0 0 1
    outer loop
      vertex 11.5001 12.7416 39
      vertex 10.1667 10.7461 39
      vertex 10.3322 10.6233 39
    endloop
  endfacet
  facet normal 0 0 1
    outer loop
      vertex 11.1213 12.9686 39
      vertex 9.98993 10.852 39
      vertex 10.1667 10.7461 39
    endloop
  endfacet
  facet normal 0 0 1
    outer loop
      vertex 9.6096 11.0096 39
      vertex 10.3063 13.3062 39
      vertex 9.87791 13.4135 39
    endloop
  endfacet
  facet normal 0 0 1
    outer loop
      vertex 10.7221 13.1575 39
      vertex 9.80363 10.9401 39
      vertex 9.98993 10.852 39
    endloop
  endfacet
  facet normal 0 0 1
    outer loop
      vertex 10.3063 13.3062 39
      vertex 9.6096 11.0096 39
      vertex 9.80363 10.9401 39
    endloop
  endfacet
  facet normal 0 0 1
    outer loop
      vertex 9.40969 11.0596 39
      vertex 9.87791 13.4135 39
      vertex 9.44108 13.4783 39
    endloop
  endfacet
  facet normal 0 0 1
    outer loop
      vertex 9.87791 13.4135 39
      vertex 9.40969 11.0596 39
      vertex 9.6096 11.0096 39
    endloop
  endfacet
  facet normal 0 0 1
    outer loop
      vertex 9.44108 13.4783 39
      vertex 9.20584 11.0899 39
      vertex 9.40969 11.0596 39
    endloop
  endfacet
  facet normal 0 0 1
    outer loop
      vertex 9 13.5 39
      vertex 9.20584 11.0899 39
      vertex 9.44108 13.4783 39
    endloop
  endfacet
  facet normal 0 0 1
    outer loop
      vertex 9 13.5 39
      vertex 9 11.1 39
      vertex 9.20584 11.0899 39
    endloop
  endfacet
  facet normal 0 0 1
    outer loop
      vertex 9 13.5 39
      vertex 8.79416 11.0899 39
      vertex 9 11.1 39
    endloop
  endfacet
  facet normal -0 0 1
    outer loop
      vertex 8.55892 13.4783 39
      vertex 8.79416 11.0899 39
      vertex 9 13.5 39
    endloop
  endfacet
  facet normal 0 0 1
    outer loop
      vertex 8.79416 11.0899 39
      vertex 8.55892 13.4783 39
      vertex 8.59031 11.0596 39
    endloop
  endfacet
  facet normal -0 0 1
    outer loop
      vertex 8.12209 13.4135 39
      vertex 8.59031 11.0596 39
      vertex 8.55892 13.4783 39
    endloop
  endfacet
  facet normal 0 0 1
    outer loop
      vertex 8.59031 11.0596 39
      vertex 8.12209 13.4135 39
      vertex 8.3904 11.0096 39
    endloop
  endfacet
  facet normal -0 0 1
    outer loop
      vertex 7.69372 13.3062 39
      vertex 8.3904 11.0096 39
      vertex 8.12209 13.4135 39
    endloop
  endfacet
  facet normal 0 0 1
    outer loop
      vertex 8.3904 11.0096 39
      vertex 7.69372 13.3062 39
      vertex 8.19637 10.9401 39
    endloop
  endfacet
  facet normal -0 0 1
    outer loop
      vertex 7.27793 13.1575 39
      vertex 8.19637 10.9401 39
      vertex 7.69372 13.3062 39
    endloop
  endfacet
  facet normal 0 0 1
    outer loop
      vertex 8.19637 10.9401 39
      vertex 7.27793 13.1575 39
      vertex 8.01007 10.852 39
    endloop
  endfacet
  facet normal -0 0 1
    outer loop
      vertex 6.87872 12.9686 39
      vertex 8.01007 10.852 39
      vertex 7.27793 13.1575 39
    endloop
  endfacet
  facet normal 0 0 1
    outer loop
      vertex 8.01007 10.852 39
      vertex 6.87872 12.9686 39
      vertex 7.8333 10.7461 39
    endloop
  endfacet
  facet normal -0 0 1
    outer loop
      vertex 6.49993 12.7416 39
      vertex 7.8333 10.7461 39
      vertex 6.87872 12.9686 39
    endloop
  endfacet
  facet normal 0 0 1
    outer loop
      vertex 7.8333 10.7461 39
      vertex 6.49993 12.7416 39
      vertex 7.66777 10.6233 39
    endloop
  endfacet
  facet normal -0 0 1
    outer loop
      vertex 6.14523 12.4785 39
      vertex 7.66777 10.6233 39
      vertex 6.49993 12.7416 39
    endloop
  endfacet
  facet normal 0 0 1
    outer loop
      vertex 7.66777 10.6233 39
      vertex 6.14523 12.4785 39
      vertex 7.51508 10.4849 39
    endloop
  endfacet
  facet normal -0 0 1
    outer loop
      vertex 5.81802 12.182 39
      vertex 7.51508 10.4849 39
      vertex 6.14523 12.4785 39
    endloop
  endfacet
  facet normal 0 0 1
    outer loop
      vertex 7.51508 10.4849 39
      vertex 5.81802 12.182 39
      vertex 7.37668 10.3322 39
    endloop
  endfacet
  facet normal -0 0 1
    outer loop
      vertex 5.52145 11.8548 39
      vertex 7.37668 10.3322 39
      vertex 5.81802 12.182 39
    endloop
  endfacet
  facet normal 0 0 1
    outer loop
      vertex 7.37668 10.3322 39
      vertex 5.52145 11.8548 39
      vertex 7.25391 10.1667 39
    endloop
  endfacet
  facet normal 0 0 1
    outer loop
      vertex 7.25391 10.1667 39
      vertex 5.25839 11.5001 39
      vertex 7.14797 9.98993 39
    endloop
  endfacet
  facet normal -0 0 1
    outer loop
      vertex 5.25839 11.5001 39
      vertex 7.25391 10.1667 39
      vertex 5.52145 11.8548 39
    endloop
  endfacet
  facet normal -0 0 1
    outer loop
      vertex 10.7461 7.8333 39
      vertex 12.7416 6.49993 39
      vertex 10.852 8.01007 39
    endloop
  endfacet
  facet normal 0 0 1
    outer loop
      vertex 12.7416 6.49993 39
      vertex 10.7461 7.8333 39
      vertex 12.4785 6.14523 39
    endloop
  endfacet
  facet normal -0 0 1
    outer loop
      vertex 10.6233 7.66777 39
      vertex 12.4785 6.14523 39
      vertex 10.7461 7.8333 39
    endloop
  endfacet
  facet normal 0 0 1
    outer loop
      vertex 12.4785 6.14523 39
      vertex 10.6233 7.66777 39
      vertex 12.182 5.81802 39
    endloop
  endfacet
  facet normal -0 0 1
    outer loop
      vertex 10.4849 7.51508 39
      vertex 12.182 5.81802 39
      vertex 10.6233 7.66777 39
    endloop
  endfacet
  facet normal 0 0 1
    outer loop
      vertex 12.182 5.81802 39
      vertex 10.4849 7.51508 39
      vertex 11.8548 5.52145 39
    endloop
  endfacet
  facet normal -0 0 1
    outer loop
      vertex 10.3322 7.37668 39
      vertex 11.8548 5.52145 39
      vertex 10.4849 7.51508 39
    endloop
  endfacet
  facet normal 0 0 1
    outer loop
      vertex 11.8548 5.52145 39
      vertex 10.3322 7.37668 39
      vertex 11.5001 5.25839 39
    endloop
  endfacet
  facet normal -0 0 1
    outer loop
      vertex 10.1667 7.25391 39
      vertex 11.5001 5.25839 39
      vertex 10.3322 7.37668 39
    endloop
  endfacet
  facet normal 0 0 1
    outer loop
      vertex 11.5001 5.25839 39
      vertex 10.1667 7.25391 39
      vertex 11.1213 5.03135 39
    endloop
  endfacet
  facet normal -0 0 1
    outer loop
      vertex 9.98993 7.14797 39
      vertex 11.1213 5.03135 39
      vertex 10.1667 7.25391 39
    endloop
  endfacet
  facet normal 0 0 1
    outer loop
      vertex 11.1213 5.03135 39
      vertex 9.98993 7.14797 39
      vertex 10.7221 4.84254 39
    endloop
  endfacet
  facet normal -0 0 1
    outer loop
      vertex 9.80363 7.05985 39
      vertex 10.7221 4.84254 39
      vertex 9.98993 7.14797 39
    endloop
  endfacet
  facet normal 0 0 1
    outer loop
      vertex 10.7221 4.84254 39
      vertex 9.80363 7.05985 39
      vertex 10.3063 4.69377 39
    endloop
  endfacet
  facet normal -0 0 1
    outer loop
      vertex 9.6096 6.99043 39
      vertex 10.3063 4.69377 39
      vertex 9.80363 7.05985 39
    endloop
  endfacet
  facet normal 0 0 1
    outer loop
      vertex 10.3063 4.69377 39
      vertex 9.6096 6.99043 39
      vertex 9.87791 4.58647 39
    endloop
  endfacet
  facet normal -0 0 1
    outer loop
      vertex 9.40969 6.94035 39
      vertex 9.87791 4.58647 39
      vertex 9.6096 6.99043 39
    endloop
  endfacet
  facet normal 0 0 1
    outer loop
      vertex 9.87791 4.58647 39
      vertex 9.40969 6.94035 39
      vertex 9.44108 4.52167 39
    endloop
  endfacet
  facet normal -0 0 1
    outer loop
      vertex 9.20584 6.91011 39
      vertex 9.44108 4.52167 39
      vertex 9.40969 6.94035 39
    endloop
  endfacet
  facet normal -0 0 1
    outer loop
      vertex 9 6.9 39
      vertex 9.44108 4.52167 39
      vertex 9.20584 6.91011 39
    endloop
  endfacet
  facet normal 0 0 1
    outer loop
      vertex 9 6.9 39
      vertex 9 4.5 39
      vertex 9.44108 4.52167 39
    endloop
  endfacet
  facet normal 0 0 1
    outer loop
      vertex 8.79416 6.91011 39
      vertex 9 4.5 39
      vertex 9 6.9 39
    endloop
  endfacet
  facet normal 0 0 1
    outer loop
      vertex 8.55892 4.52167 39
      vertex 8.79416 6.91011 39
      vertex 8.59031 6.94035 39
    endloop
  endfacet
  facet normal 0 0 1
    outer loop
      vertex 8.79416 6.91011 39
      vertex 8.55892 4.52167 39
      vertex 9 4.5 39
    endloop
  endfacet
  facet normal 0 0 1
    outer loop
      vertex 8.12209 4.58647 39
      vertex 8.59031 6.94035 39
      vertex 8.3904 6.99043 39
    endloop
  endfacet
  facet normal 0 0 1
    outer loop
      vertex 7.69372 4.69377 39
      vertex 8.3904 6.99043 39
      vertex 8.19637 7.05985 39
    endloop
  endfacet
  facet normal 0 0 1
    outer loop
      vertex 8.59031 6.94035 39
      vertex 8.12209 4.58647 39
      vertex 8.55892 4.52167 39
    endloop
  endfacet
  facet normal 0 0 1
    outer loop
      vertex 7.27793 4.84254 39
      vertex 8.19637 7.05985 39
      vertex 8.01007 7.14797 39
    endloop
  endfacet
  facet normal 0 0 1
    outer loop
      vertex 6.87872 5.03135 39
      vertex 8.01007 7.14797 39
      vertex 7.8333 7.25391 39
    endloop
  endfacet
  facet normal 0 0 1
    outer loop
      vertex 8.3904 6.99043 39
      vertex 7.69372 4.69377 39
      vertex 8.12209 4.58647 39
    endloop
  endfacet
  facet normal 0 0 1
    outer loop
      vertex 6.49993 5.25839 39
      vertex 7.8333 7.25391 39
      vertex 7.66777 7.37668 39
    endloop
  endfacet
  facet normal 0 0 1
    outer loop
      vertex 6.14523 5.52145 39
      vertex 7.66777 7.37668 39
      vertex 7.51508 7.51508 39
    endloop
  endfacet
  facet normal 0 0 1
    outer loop
      vertex 5.81802 5.81802 39
      vertex 7.51508 7.51508 39
      vertex 7.37668 7.66777 39
    endloop
  endfacet
  facet normal 0 0 1
    outer loop
      vertex 8.19637 7.05985 39
      vertex 7.27793 4.84254 39
      vertex 7.69372 4.69377 39
    endloop
  endfacet
  facet normal 0 0 1
    outer loop
      vertex 5.52145 6.14523 39
      vertex 7.37668 7.66777 39
      vertex 7.25391 7.8333 39
    endloop
  endfacet
  facet normal 0 0 1
    outer loop
      vertex 5.25839 6.49993 39
      vertex 7.25391 7.8333 39
      vertex 7.14797 8.01007 39
    endloop
  endfacet
  facet normal 0 0 1
    outer loop
      vertex 5.03135 6.87872 39
      vertex 7.14797 8.01007 39
      vertex 7.05985 8.19637 39
    endloop
  endfacet
  facet normal 0 0 1
    outer loop
      vertex 4.84254 7.27793 39
      vertex 7.05985 8.19637 39
      vertex 6.99043 8.3904 39
    endloop
  endfacet
  facet normal 0 0 1
    outer loop
      vertex 4.69377 7.69372 39
      vertex 6.99043 8.3904 39
      vertex 6.94035 8.59031 39
    endloop
  endfacet
  facet normal 0 0 1
    outer loop
      vertex 4.58647 8.12209 39
      vertex 6.94035 8.59031 39
      vertex 6.91011 8.79416 39
    endloop
  endfacet
  facet normal 0 0 1
    outer loop
      vertex 8.01007 7.14797 39
      vertex 6.87872 5.03135 39
      vertex 7.27793 4.84254 39
    endloop
  endfacet
  facet normal 0 0 1
    outer loop
      vertex 4.52167 8.55892 39
      vertex 6.91011 8.79416 39
      vertex 6.9 9 39
    endloop
  endfacet
  facet normal -0 0 1
    outer loop
      vertex 5.03135 11.1213 39
      vertex 7.14797 9.98993 39
      vertex 5.25839 11.5001 39
    endloop
  endfacet
  facet normal 0 0 1
    outer loop
      vertex 7.14797 9.98993 39
      vertex 5.03135 11.1213 39
      vertex 7.05985 9.80363 39
    endloop
  endfacet
  facet normal 0 0 1
    outer loop
      vertex 7.8333 7.25391 39
      vertex 6.49993 5.25839 39
      vertex 6.87872 5.03135 39
    endloop
  endfacet
  facet normal -0 0 1
    outer loop
      vertex 4.84254 10.7221 39
      vertex 7.05985 9.80363 39
      vertex 5.03135 11.1213 39
    endloop
  endfacet
  facet normal 0 0 1
    outer loop
      vertex 7.66777 7.37668 39
      vertex 6.14523 5.52145 39
      vertex 6.49993 5.25839 39
    endloop
  endfacet
  facet normal 0 0 1
    outer loop
      vertex 7.05985 9.80363 39
      vertex 4.84254 10.7221 39
      vertex 6.99043 9.6096 39
    endloop
  endfacet
  facet normal 0 0 1
    outer loop
      vertex 7.51508 7.51508 39
      vertex 5.81802 5.81802 39
      vertex 6.14523 5.52145 39
    endloop
  endfacet
  facet normal -0 0 1
    outer loop
      vertex 4.69377 10.3063 39
      vertex 6.99043 9.6096 39
      vertex 4.84254 10.7221 39
    endloop
  endfacet
  facet normal 0 0 1
    outer loop
      vertex 7.37668 7.66777 39
      vertex 5.52145 6.14523 39
      vertex 5.81802 5.81802 39
    endloop
  endfacet
  facet normal 0 0 1
    outer loop
      vertex 6.99043 9.6096 39
      vertex 4.69377 10.3063 39
      vertex 6.94035 9.40969 39
    endloop
  endfacet
  facet normal 0 0 1
    outer loop
      vertex 7.25391 7.8333 39
      vertex 5.25839 6.49993 39
      vertex 5.52145 6.14523 39
    endloop
  endfacet
  facet normal -0 0 1
    outer loop
      vertex 4.58647 9.87791 39
      vertex 6.94035 9.40969 39
      vertex 4.69377 10.3063 39
    endloop
  endfacet
  facet normal 0 0 1
    outer loop
      vertex 7.14797 8.01007 39
      vertex 5.03135 6.87872 39
      vertex 5.25839 6.49993 39
    endloop
  endfacet
  facet normal 0 0 1
    outer loop
      vertex 6.94035 9.40969 39
      vertex 4.58647 9.87791 39
      vertex 6.91011 9.20584 39
    endloop
  endfacet
  facet normal 0 0 1
    outer loop
      vertex 7.05985 8.19637 39
      vertex 4.84254 7.27793 39
      vertex 5.03135 6.87872 39
    endloop
  endfacet
  facet normal -0 0 1
    outer loop
      vertex 4.52167 9.44108 39
      vertex 6.91011 9.20584 39
      vertex 4.58647 9.87791 39
    endloop
  endfacet
  facet normal 0 0 1
    outer loop
      vertex 6.99043 8.3904 39
      vertex 4.69377 7.69372 39
      vertex 4.84254 7.27793 39
    endloop
  endfacet
  facet normal 0 0 1
    outer loop
      vertex 6.91011 9.20584 39
      vertex 4.52167 9.44108 39
      vertex 6.9 9 39
    endloop
  endfacet
  facet normal 0 0 1
    outer loop
      vertex 6.94035 8.59031 39
      vertex 4.58647 8.12209 39
      vertex 4.69377 7.69372 39
    endloop
  endfacet
  facet normal 0 0 1
    outer loop
      vertex 4.5 9 39
      vertex 6.9 9 39
      vertex 4.52167 9.44108 39
    endloop
  endfacet
  facet normal 0 0 1
    outer loop
      vertex 6.91011 8.79416 39
      vertex 4.52167 8.55892 39
      vertex 4.58647 8.12209 39
    endloop
  endfacet
  facet normal 0 0 1
    outer loop
      vertex 6.9 9 39
      vertex 4.5 9 39
      vertex 4.52167 8.55892 39
    endloop
  endfacet
  facet normal -0.989133 -0.147023 0
    outer loop
      vertex 11.0899 9.20584 33.5
      vertex 11.0596 9.40969 39
      vertex 11.0596 9.40969 33.5
    endloop
  endfacet
  facet normal -0.989133 -0.147023 0
    outer loop
      vertex 11.0596 9.40969 39
      vertex 11.0899 9.20584 33.5
      vertex 11.0899 9.20584 39
    endloop
  endfacet
  facet normal -0.998798 -0.0490083 0
    outer loop
      vertex 11.1 9 33.5
      vertex 11.0899 9.20584 39
      vertex 11.0899 9.20584 33.5
    endloop
  endfacet
  facet normal -0.998798 -0.0490083 0
    outer loop
      vertex 11.0899 9.20584 39
      vertex 11.1 9 33.5
      vertex 11.1 9 39
    endloop
  endfacet
  facet normal -0.970117 -0.242638 0
    outer loop
      vertex 11.0596 9.40969 33.5
      vertex 11.0096 9.6096 39
      vertex 11.0096 9.6096 33.5
    endloop
  endfacet
  facet normal -0.970117 -0.242638 0
    outer loop
      vertex 11.0096 9.6096 39
      vertex 11.0596 9.40969 33.5
      vertex 11.0596 9.40969 39
    endloop
  endfacet
  facet normal -0.998798 0.0490083 0
    outer loop
      vertex 11.0899 8.79416 33.5
      vertex 11.1 9 39
      vertex 11.1 9 33.5
    endloop
  endfacet
  facet normal -0.998798 0.0490083 0
    outer loop
      vertex 11.1 9 39
      vertex 11.0899 8.79416 33.5
      vertex 11.0899 8.79416 39
    endloop
  endfacet
  facet normal -0.336868 0.941552 0
    outer loop
      vertex 9.80363 7.05985 33.5
      vertex 9.6096 6.99043 39
      vertex 9.80363 7.05985 39
    endloop
  endfacet
  facet normal -0.336868 0.941552 0
    outer loop
      vertex 9.6096 6.99043 39
      vertex 9.80363 7.05985 33.5
      vertex 9.6096 6.99043 33.5
    endloop
  endfacet
  facet normal 0.427582 0.903977 -0
    outer loop
      vertex 8.19637 7.05985 33.5
      vertex 8.01007 7.14797 39
      vertex 8.19637 7.05985 39
    endloop
  endfacet
  facet normal 0.427582 0.903977 0
    outer loop
      vertex 8.01007 7.14797 39
      vertex 8.19637 7.05985 33.5
      vertex 8.01007 7.14797 33.5
    endloop
  endfacet
  facet normal 0.989175 0.146739 0
    outer loop
      vertex 6.94035 8.59031 39
      vertex 6.91011 8.79416 33.5
      vertex 6.91011 8.79416 39
    endloop
  endfacet
  facet normal 0.989175 0.146739 0
    outer loop
      vertex 6.91011 8.79416 33.5
      vertex 6.94035 8.59031 39
      vertex 6.94035 8.59031 33.5
    endloop
  endfacet
  facet normal 0.671585 -0.740927 0
    outer loop
      vertex 7.51508 10.4849 33.5
      vertex 7.66777 10.6233 39
      vertex 7.51508 10.4849 39
    endloop
  endfacet
  facet normal 0.671585 -0.740927 0
    outer loop
      vertex 7.66777 10.6233 39
      vertex 7.51508 10.4849 33.5
      vertex 7.66777 10.6233 33.5
    endloop
  endfacet
  facet normal 0.243004 0.970025 -0
    outer loop
      vertex 8.59031 6.94035 33.5
      vertex 8.3904 6.99043 39
      vertex 8.59031 6.94035 39
    endloop
  endfacet
  facet normal 0.243004 0.970025 0
    outer loop
      vertex 8.3904 6.99043 39
      vertex 8.59031 6.94035 33.5
      vertex 8.3904 6.99043 33.5
    endloop
  endfacet
  facet normal 0.970025 -0.243004 0
    outer loop
      vertex 6.94035 9.40969 39
      vertex 6.99043 9.6096 33.5
      vertex 6.99043 9.6096 39
    endloop
  endfacet
  facet normal 0.970025 -0.243004 0
    outer loop
      vertex 6.99043 9.6096 33.5
      vertex 6.94035 9.40969 39
      vertex 6.94035 9.40969 33.5
    endloop
  endfacet
  facet normal -0.803076 -0.595877 0
    outer loop
      vertex 10.7461 10.1667 33.5
      vertex 10.6233 10.3322 39
      vertex 10.6233 10.3322 33.5
    endloop
  endfacet
  facet normal -0.803076 -0.595877 0
    outer loop
      vertex 10.6233 10.3322 39
      vertex 10.7461 10.1667 33.5
      vertex 10.7461 10.1667 39
    endloop
  endfacet
  facet normal 0.0490083 -0.998798 0
    outer loop
      vertex 8.79416 11.0899 33.5
      vertex 9 11.1 39
      vertex 8.79416 11.0899 39
    endloop
  endfacet
  facet normal 0.0490083 -0.998798 0
    outer loop
      vertex 9 11.1 39
      vertex 8.79416 11.0899 33.5
      vertex 9 11.1 33.5
    endloop
  endfacet
  facet normal 0.740927 0.671585 0
    outer loop
      vertex 7.51508 7.51508 39
      vertex 7.37668 7.66777 33.5
      vertex 7.37668 7.66777 39
    endloop
  endfacet
  facet normal 0.740927 0.671585 0
    outer loop
      vertex 7.37668 7.66777 33.5
      vertex 7.51508 7.51508 39
      vertex 7.51508 7.51508 33.5
    endloop
  endfacet
  facet normal 0.595714 0.803197 -0
    outer loop
      vertex 7.8333 7.25391 33.5
      vertex 7.66777 7.37668 39
      vertex 7.8333 7.25391 39
    endloop
  endfacet
  facet normal 0.595714 0.803197 0
    outer loop
      vertex 7.66777 7.37668 39
      vertex 7.8333 7.25391 33.5
      vertex 7.66777 7.37668 33.5
    endloop
  endfacet
  facet normal 0.51406 0.857754 -0
    outer loop
      vertex 8.01007 7.14797 33.5
      vertex 7.8333 7.25391 39
      vertex 8.01007 7.14797 39
    endloop
  endfacet
  facet normal 0.51406 0.857754 0
    outer loop
      vertex 7.8333 7.25391 39
      vertex 8.01007 7.14797 33.5
      vertex 7.8333 7.25391 33.5
    endloop
  endfacet
  facet normal -0.0490083 -0.998798 0
    outer loop
      vertex 9 11.1 33.5
      vertex 9.20584 11.0899 39
      vertex 9 11.1 39
    endloop
  endfacet
  facet normal -0.0490083 -0.998798 -0
    outer loop
      vertex 9.20584 11.0899 39
      vertex 9 11.1 33.5
      vertex 9.20584 11.0899 33.5
    endloop
  endfacet
  facet normal 0.803197 0.595714 0
    outer loop
      vertex 7.37668 7.66777 39
      vertex 7.25391 7.8333 33.5
      vertex 7.25391 7.8333 39
    endloop
  endfacet
  facet normal 0.803197 0.595714 0
    outer loop
      vertex 7.25391 7.8333 33.5
      vertex 7.37668 7.66777 39
      vertex 7.37668 7.66777 33.5
    endloop
  endfacet
  facet normal -0.989133 0.147023 0
    outer loop
      vertex 11.0596 8.59031 33.5
      vertex 11.0899 8.79416 39
      vertex 11.0899 8.79416 33.5
    endloop
  endfacet
  facet normal -0.989133 0.147023 0
    outer loop
      vertex 11.0899 8.79416 39
      vertex 11.0596 8.59031 33.5
      vertex 11.0596 8.59031 39
    endloop
  endfacet
  facet normal 0.740949 -0.671561 0
    outer loop
      vertex 7.37668 10.3322 39
      vertex 7.51508 10.4849 33.5
      vertex 7.51508 10.4849 39
    endloop
  endfacet
  facet normal 0.740949 -0.671561 0
    outer loop
      vertex 7.51508 10.4849 33.5
      vertex 7.37668 10.3322 39
      vertex 7.37668 10.3322 33.5
    endloop
  endfacet
  facet normal -0.941429 0.337212 0
    outer loop
      vertex 10.9401 8.19637 33.5
      vertex 11.0096 8.3904 39
      vertex 11.0096 8.3904 33.5
    endloop
  endfacet
  facet normal -0.941429 0.337212 0
    outer loop
      vertex 11.0096 8.3904 39
      vertex 10.9401 8.19637 33.5
      vertex 10.9401 8.19637 39
    endloop
  endfacet
  facet normal 0.337212 -0.941429 0
    outer loop
      vertex 8.19637 10.9401 33.5
      vertex 8.3904 11.0096 39
      vertex 8.19637 10.9401 39
    endloop
  endfacet
  facet normal 0.337212 -0.941429 0
    outer loop
      vertex 8.3904 11.0096 39
      vertex 8.19637 10.9401 33.5
      vertex 8.3904 11.0096 33.5
    endloop
  endfacet
  facet normal -0.941429 -0.337212 0
    outer loop
      vertex 11.0096 9.6096 33.5
      vertex 10.9401 9.80363 39
      vertex 10.9401 9.80363 33.5
    endloop
  endfacet
  facet normal -0.941429 -0.337212 0
    outer loop
      vertex 10.9401 9.80363 39
      vertex 11.0096 9.6096 33.5
      vertex 11.0096 9.6096 39
    endloop
  endfacet
  facet normal 0.903977 -0.427582 0
    outer loop
      vertex 7.05985 9.80363 39
      vertex 7.14797 9.98993 33.5
      vertex 7.14797 9.98993 39
    endloop
  endfacet
  facet normal 0.903977 -0.427582 0
    outer loop
      vertex 7.14797 9.98993 33.5
      vertex 7.05985 9.80363 39
      vertex 7.05985 9.80363 33.5
    endloop
  endfacet
  facet normal -0.970117 0.242638 0
    outer loop
      vertex 11.0096 8.3904 33.5
      vertex 11.0596 8.59031 39
      vertex 11.0596 8.59031 33.5
    endloop
  endfacet
  facet normal -0.970117 0.242638 0
    outer loop
      vertex 11.0596 8.59031 39
      vertex 11.0096 8.3904 33.5
      vertex 11.0096 8.3904 39
    endloop
  endfacet
  facet normal -0.0490567 0.998796 0
    outer loop
      vertex 9.20584 6.91011 33.5
      vertex 9 6.9 39
      vertex 9.20584 6.91011 39
    endloop
  endfacet
  facet normal -0.0490567 0.998796 0
    outer loop
      vertex 9 6.9 39
      vertex 9.20584 6.91011 33.5
      vertex 9 6.9 33.5
    endloop
  endfacet
  facet normal -0.904014 -0.427502 0
    outer loop
      vertex 10.9401 9.80363 33.5
      vertex 10.852 9.98993 39
      vertex 10.852 9.98993 33.5
    endloop
  endfacet
  facet normal -0.904014 -0.427502 0
    outer loop
      vertex 10.852 9.98993 39
      vertex 10.9401 9.80363 33.5
      vertex 10.9401 9.80363 39
    endloop
  endfacet
  facet normal 0.941552 0.336868 0
    outer loop
      vertex 7.05985 8.19637 39
      vertex 6.99043 8.3904 33.5
      vertex 6.99043 8.3904 39
    endloop
  endfacet
  facet normal 0.941552 0.336868 0
    outer loop
      vertex 6.99043 8.3904 33.5
      vertex 7.05985 8.19637 39
      vertex 7.05985 8.19637 33.5
    endloop
  endfacet
  facet normal -0.427582 0.903977 0
    outer loop
      vertex 9.98993 7.14797 33.5
      vertex 9.80363 7.05985 39
      vertex 9.98993 7.14797 39
    endloop
  endfacet
  facet normal -0.427582 0.903977 0
    outer loop
      vertex 9.80363 7.05985 39
      vertex 9.98993 7.14797 33.5
      vertex 9.80363 7.05985 33.5
    endloop
  endfacet
  facet normal -0.427502 -0.904014 0
    outer loop
      vertex 9.80363 10.9401 33.5
      vertex 9.98993 10.852 39
      vertex 9.80363 10.9401 39
    endloop
  endfacet
  facet normal -0.427502 -0.904014 -0
    outer loop
      vertex 9.98993 10.852 39
      vertex 9.80363 10.9401 33.5
      vertex 9.98993 10.852 33.5
    endloop
  endfacet
  facet normal 0.427502 -0.904014 0
    outer loop
      vertex 8.01007 10.852 33.5
      vertex 8.19637 10.9401 39
      vertex 8.01007 10.852 39
    endloop
  endfacet
  facet normal 0.427502 -0.904014 0
    outer loop
      vertex 8.19637 10.9401 39
      vertex 8.01007 10.852 33.5
      vertex 8.19637 10.9401 33.5
    endloop
  endfacet
  facet normal -0.595783 0.803145 0
    outer loop
      vertex 10.3322 7.37668 33.5
      vertex 10.1667 7.25391 39
      vertex 10.3322 7.37668 39
    endloop
  endfacet
  facet normal -0.595783 0.803145 0
    outer loop
      vertex 10.1667 7.25391 39
      vertex 10.3322 7.37668 33.5
      vertex 10.1667 7.25391 33.5
    endloop
  endfacet
  facet normal -0.740927 0.671585 0
    outer loop
      vertex 10.4849 7.51508 33.5
      vertex 10.6233 7.66777 39
      vertex 10.6233 7.66777 33.5
    endloop
  endfacet
  facet normal -0.740927 0.671585 0
    outer loop
      vertex 10.6233 7.66777 39
      vertex 10.4849 7.51508 33.5
      vertex 10.4849 7.51508 39
    endloop
  endfacet
  facet normal 0.903977 0.427582 0
    outer loop
      vertex 7.14797 8.01007 39
      vertex 7.05985 8.19637 33.5
      vertex 7.05985 8.19637 39
    endloop
  endfacet
  facet normal 0.903977 0.427582 0
    outer loop
      vertex 7.05985 8.19637 33.5
      vertex 7.14797 8.01007 39
      vertex 7.14797 8.01007 33.5
    endloop
  endfacet
  facet normal -0.146739 0.989175 0
    outer loop
      vertex 9.40969 6.94035 33.5
      vertex 9.20584 6.91011 39
      vertex 9.40969 6.94035 39
    endloop
  endfacet
  facet normal -0.146739 0.989175 0
    outer loop
      vertex 9.20584 6.91011 39
      vertex 9.40969 6.94035 33.5
      vertex 9.20584 6.91011 33.5
    endloop
  endfacet
  facet normal -0.242638 -0.970117 0
    outer loop
      vertex 9.40969 11.0596 33.5
      vertex 9.6096 11.0096 39
      vertex 9.40969 11.0596 39
    endloop
  endfacet
  facet normal -0.242638 -0.970117 -0
    outer loop
      vertex 9.6096 11.0096 39
      vertex 9.40969 11.0596 33.5
      vertex 9.6096 11.0096 33.5
    endloop
  endfacet
  facet normal -0.671561 -0.740949 0
    outer loop
      vertex 10.3322 10.6233 33.5
      vertex 10.4849 10.4849 39
      vertex 10.3322 10.6233 39
    endloop
  endfacet
  facet normal -0.671561 -0.740949 -0
    outer loop
      vertex 10.4849 10.4849 39
      vertex 10.3322 10.6233 33.5
      vertex 10.4849 10.4849 33.5
    endloop
  endfacet
  facet normal 0.989175 -0.146739 0
    outer loop
      vertex 6.91011 9.20584 39
      vertex 6.94035 9.40969 33.5
      vertex 6.94035 9.40969 39
    endloop
  endfacet
  facet normal 0.989175 -0.146739 0
    outer loop
      vertex 6.94035 9.40969 33.5
      vertex 6.91011 9.20584 39
      vertex 6.91011 9.20584 33.5
    endloop
  endfacet
  facet normal -0.595877 -0.803076 0
    outer loop
      vertex 10.1667 10.7461 33.5
      vertex 10.3322 10.6233 39
      vertex 10.1667 10.7461 39
    endloop
  endfacet
  facet normal -0.595877 -0.803076 -0
    outer loop
      vertex 10.3322 10.6233 39
      vertex 10.1667 10.7461 33.5
      vertex 10.3322 10.6233 33.5
    endloop
  endfacet
  facet normal -0.513918 -0.85784 0
    outer loop
      vertex 9.98993 10.852 33.5
      vertex 10.1667 10.7461 39
      vertex 9.98993 10.852 39
    endloop
  endfacet
  facet normal -0.513918 -0.85784 -0
    outer loop
      vertex 10.1667 10.7461 39
      vertex 9.98993 10.852 33.5
      vertex 10.1667 10.7461 33.5
    endloop
  endfacet
  facet normal -0.803127 0.595808 0
    outer loop
      vertex 10.6233 7.66777 33.5
      vertex 10.7461 7.8333 39
      vertex 10.7461 7.8333 33.5
    endloop
  endfacet
  facet normal -0.803127 0.595808 0
    outer loop
      vertex 10.7461 7.8333 39
      vertex 10.6233 7.66777 33.5
      vertex 10.6233 7.66777 39
    endloop
  endfacet
  facet normal -0.337212 -0.941429 0
    outer loop
      vertex 9.6096 11.0096 33.5
      vertex 9.80363 10.9401 39
      vertex 9.6096 11.0096 39
    endloop
  endfacet
  facet normal -0.337212 -0.941429 -0
    outer loop
      vertex 9.80363 10.9401 39
      vertex 9.6096 11.0096 33.5
      vertex 9.80363 10.9401 33.5
    endloop
  endfacet
  facet normal -0.243004 0.970025 0
    outer loop
      vertex 9.6096 6.99043 33.5
      vertex 9.40969 6.94035 39
      vertex 9.6096 6.99043 39
    endloop
  endfacet
  facet normal -0.243004 0.970025 0
    outer loop
      vertex 9.40969 6.94035 39
      vertex 9.6096 6.99043 33.5
      vertex 9.40969 6.94035 33.5
    endloop
  endfacet
  facet normal -0.740949 -0.671561 0
    outer loop
      vertex 10.6233 10.3322 33.5
      vertex 10.4849 10.4849 39
      vertex 10.4849 10.4849 33.5
    endloop
  endfacet
  facet normal -0.740949 -0.671561 0
    outer loop
      vertex 10.4849 10.4849 39
      vertex 10.6233 10.3322 33.5
      vertex 10.6233 10.3322 39
    endloop
  endfacet
  facet normal -0.85784 -0.513918 0
    outer loop
      vertex 10.852 9.98993 33.5
      vertex 10.7461 10.1667 39
      vertex 10.7461 10.1667 33.5
    endloop
  endfacet
  facet normal -0.85784 -0.513918 0
    outer loop
      vertex 10.7461 10.1667 39
      vertex 10.852 9.98993 33.5
      vertex 10.852 9.98993 39
    endloop
  endfacet
  facet normal 0.671585 0.740927 -0
    outer loop
      vertex 7.66777 7.37668 33.5
      vertex 7.51508 7.51508 39
      vertex 7.66777 7.37668 39
    endloop
  endfacet
  facet normal 0.671585 0.740927 0
    outer loop
      vertex 7.51508 7.51508 39
      vertex 7.66777 7.37668 33.5
      vertex 7.51508 7.51508 33.5
    endloop
  endfacet
  facet normal 0.513918 -0.85784 0
    outer loop
      vertex 7.8333 10.7461 33.5
      vertex 8.01007 10.852 39
      vertex 7.8333 10.7461 39
    endloop
  endfacet
  facet normal 0.513918 -0.85784 0
    outer loop
      vertex 8.01007 10.852 39
      vertex 7.8333 10.7461 33.5
      vertex 8.01007 10.852 33.5
    endloop
  endfacet
  facet normal 0.242638 -0.970117 0
    outer loop
      vertex 8.3904 11.0096 33.5
      vertex 8.59031 11.0596 39
      vertex 8.3904 11.0096 39
    endloop
  endfacet
  facet normal 0.242638 -0.970117 0
    outer loop
      vertex 8.59031 11.0596 39
      vertex 8.3904 11.0096 33.5
      vertex 8.59031 11.0596 33.5
    endloop
  endfacet
  facet normal 0 0 1
    outer loop
      vertex 11.0899 9.20584 33.5
      vertex 11.0899 8.79416 33.5
      vertex 11.1 9 33.5
    endloop
  endfacet
  facet normal 0 0 1
    outer loop
      vertex 11.0596 9.40969 33.5
      vertex 11.0899 8.79416 33.5
      vertex 11.0899 9.20584 33.5
    endloop
  endfacet
  facet normal 0 0 1
    outer loop
      vertex 11.0596 9.40969 33.5
      vertex 11.0596 8.59031 33.5
      vertex 11.0899 8.79416 33.5
    endloop
  endfacet
  facet normal 0 0 1
    outer loop
      vertex 11.0096 9.6096 33.5
      vertex 11.0596 8.59031 33.5
      vertex 11.0596 9.40969 33.5
    endloop
  endfacet
  facet normal 0 0 1
    outer loop
      vertex 11.0096 9.6096 33.5
      vertex 11.0096 8.3904 33.5
      vertex 11.0596 8.59031 33.5
    endloop
  endfacet
  facet normal 0 0 1
    outer loop
      vertex 10.9401 9.80363 33.5
      vertex 11.0096 8.3904 33.5
      vertex 11.0096 9.6096 33.5
    endloop
  endfacet
  facet normal 0 0 1
    outer loop
      vertex 10.9401 9.80363 33.5
      vertex 10.9401 8.19637 33.5
      vertex 11.0096 8.3904 33.5
    endloop
  endfacet
  facet normal 0 0 1
    outer loop
      vertex 10.852 9.98993 33.5
      vertex 10.9401 8.19637 33.5
      vertex 10.9401 9.80363 33.5
    endloop
  endfacet
  facet normal 0 0 1
    outer loop
      vertex 10.852 9.98993 33.5
      vertex 10.852 8.01007 33.5
      vertex 10.9401 8.19637 33.5
    endloop
  endfacet
  facet normal 0 0 1
    outer loop
      vertex 10.7461 10.1667 33.5
      vertex 10.852 8.01007 33.5
      vertex 10.852 9.98993 33.5
    endloop
  endfacet
  facet normal 0 0 1
    outer loop
      vertex 10.7461 10.1667 33.5
      vertex 10.7461 7.8333 33.5
      vertex 10.852 8.01007 33.5
    endloop
  endfacet
  facet normal 0 0 1
    outer loop
      vertex 10.6233 10.3322 33.5
      vertex 10.7461 7.8333 33.5
      vertex 10.7461 10.1667 33.5
    endloop
  endfacet
  facet normal 0 0 1
    outer loop
      vertex 10.6233 10.3322 33.5
      vertex 10.6233 7.66777 33.5
      vertex 10.7461 7.8333 33.5
    endloop
  endfacet
  facet normal 0 0 1
    outer loop
      vertex 10.4849 10.4849 33.5
      vertex 10.6233 7.66777 33.5
      vertex 10.6233 10.3322 33.5
    endloop
  endfacet
  facet normal 0 0 1
    outer loop
      vertex 10.4849 10.4849 33.5
      vertex 10.4849 7.51508 33.5
      vertex 10.6233 7.66777 33.5
    endloop
  endfacet
  facet normal 0 0 1
    outer loop
      vertex 10.3322 10.6233 33.5
      vertex 10.4849 7.51508 33.5
      vertex 10.4849 10.4849 33.5
    endloop
  endfacet
  facet normal 0 0 1
    outer loop
      vertex 10.3322 10.6233 33.5
      vertex 10.3322 7.37668 33.5
      vertex 10.4849 7.51508 33.5
    endloop
  endfacet
  facet normal 0 0 1
    outer loop
      vertex 10.1667 10.7461 33.5
      vertex 10.3322 7.37668 33.5
      vertex 10.3322 10.6233 33.5
    endloop
  endfacet
  facet normal 0 0 1
    outer loop
      vertex 10.1667 10.7461 33.5
      vertex 10.1667 7.25391 33.5
      vertex 10.3322 7.37668 33.5
    endloop
  endfacet
  facet normal 0 0 1
    outer loop
      vertex 9.98993 10.852 33.5
      vertex 10.1667 7.25391 33.5
      vertex 10.1667 10.7461 33.5
    endloop
  endfacet
  facet normal 0 0 1
    outer loop
      vertex 9.98993 10.852 33.5
      vertex 9.98993 7.14797 33.5
      vertex 10.1667 7.25391 33.5
    endloop
  endfacet
  facet normal 0 0 1
    outer loop
      vertex 9.80363 10.9401 33.5
      vertex 9.98993 7.14797 33.5
      vertex 9.98993 10.852 33.5
    endloop
  endfacet
  facet normal 0 0 1
    outer loop
      vertex 9.80363 10.9401 33.5
      vertex 9.80363 7.05985 33.5
      vertex 9.98993 7.14797 33.5
    endloop
  endfacet
  facet normal 0 0 1
    outer loop
      vertex 9.6096 11.0096 33.5
      vertex 9.80363 7.05985 33.5
      vertex 9.80363 10.9401 33.5
    endloop
  endfacet
  facet normal 0 0 1
    outer loop
      vertex 9.6096 11.0096 33.5
      vertex 9.6096 6.99043 33.5
      vertex 9.80363 7.05985 33.5
    endloop
  endfacet
  facet normal 0 0 1
    outer loop
      vertex 9.40969 11.0596 33.5
      vertex 9.6096 6.99043 33.5
      vertex 9.6096 11.0096 33.5
    endloop
  endfacet
  facet normal 0 0 1
    outer loop
      vertex 9.40969 11.0596 33.5
      vertex 9.40969 6.94035 33.5
      vertex 9.6096 6.99043 33.5
    endloop
  endfacet
  facet normal 0 0 1
    outer loop
      vertex 9.20584 11.0899 33.5
      vertex 9.40969 6.94035 33.5
      vertex 9.40969 11.0596 33.5
    endloop
  endfacet
  facet normal 0 0 1
    outer loop
      vertex 9.20584 11.0899 33.5
      vertex 9.20584 6.91011 33.5
      vertex 9.40969 6.94035 33.5
    endloop
  endfacet
  facet normal 0 0 1
    outer loop
      vertex 9 11.1 33.5
      vertex 9.20584 6.91011 33.5
      vertex 9.20584 11.0899 33.5
    endloop
  endfacet
  facet normal 0 0 1
    outer loop
      vertex 9 11.1 33.5
      vertex 9 6.9 33.5
      vertex 9.20584 6.91011 33.5
    endloop
  endfacet
  facet normal -0 0 1
    outer loop
      vertex 8.79416 11.0899 33.5
      vertex 9 6.9 33.5
      vertex 9 11.1 33.5
    endloop
  endfacet
  facet normal 0 0 1
    outer loop
      vertex 8.79416 11.0899 33.5
      vertex 8.79416 6.91011 33.5
      vertex 9 6.9 33.5
    endloop
  endfacet
  facet normal -0 0 1
    outer loop
      vertex 8.59031 11.0596 33.5
      vertex 8.79416 6.91011 33.5
      vertex 8.79416 11.0899 33.5
    endloop
  endfacet
  facet normal 0 0 1
    outer loop
      vertex 8.59031 11.0596 33.5
      vertex 8.59031 6.94035 33.5
      vertex 8.79416 6.91011 33.5
    endloop
  endfacet
  facet normal -0 0 1
    outer loop
      vertex 8.3904 11.0096 33.5
      vertex 8.59031 6.94035 33.5
      vertex 8.59031 11.0596 33.5
    endloop
  endfacet
  facet normal 0 0 1
    outer loop
      vertex 8.3904 11.0096 33.5
      vertex 8.3904 6.99043 33.5
      vertex 8.59031 6.94035 33.5
    endloop
  endfacet
  facet normal -0 0 1
    outer loop
      vertex 8.19637 10.9401 33.5
      vertex 8.3904 6.99043 33.5
      vertex 8.3904 11.0096 33.5
    endloop
  endfacet
  facet normal 0 0 1
    outer loop
      vertex 8.19637 10.9401 33.5
      vertex 8.19637 7.05985 33.5
      vertex 8.3904 6.99043 33.5
    endloop
  endfacet
  facet normal -0 0 1
    outer loop
      vertex 8.01007 10.852 33.5
      vertex 8.19637 7.05985 33.5
      vertex 8.19637 10.9401 33.5
    endloop
  endfacet
  facet normal 0 0 1
    outer loop
      vertex 8.01007 10.852 33.5
      vertex 8.01007 7.14797 33.5
      vertex 8.19637 7.05985 33.5
    endloop
  endfacet
  facet normal -0 0 1
    outer loop
      vertex 7.8333 10.7461 33.5
      vertex 8.01007 7.14797 33.5
      vertex 8.01007 10.852 33.5
    endloop
  endfacet
  facet normal 0 0 1
    outer loop
      vertex 7.8333 10.7461 33.5
      vertex 7.8333 7.25391 33.5
      vertex 8.01007 7.14797 33.5
    endloop
  endfacet
  facet normal -0 0 1
    outer loop
      vertex 7.66777 10.6233 33.5
      vertex 7.8333 7.25391 33.5
      vertex 7.8333 10.7461 33.5
    endloop
  endfacet
  facet normal 0 0 1
    outer loop
      vertex 7.66777 10.6233 33.5
      vertex 7.66777 7.37668 33.5
      vertex 7.8333 7.25391 33.5
    endloop
  endfacet
  facet normal -0 0 1
    outer loop
      vertex 7.51508 10.4849 33.5
      vertex 7.66777 7.37668 33.5
      vertex 7.66777 10.6233 33.5
    endloop
  endfacet
  facet normal 0 0 1
    outer loop
      vertex 7.51508 10.4849 33.5
      vertex 7.51508 7.51508 33.5
      vertex 7.66777 7.37668 33.5
    endloop
  endfacet
  facet normal -0 0 1
    outer loop
      vertex 7.37668 10.3322 33.5
      vertex 7.51508 7.51508 33.5
      vertex 7.51508 10.4849 33.5
    endloop
  endfacet
  facet normal 0 0 1
    outer loop
      vertex 7.37668 10.3322 33.5
      vertex 7.37668 7.66777 33.5
      vertex 7.51508 7.51508 33.5
    endloop
  endfacet
  facet normal -0 0 1
    outer loop
      vertex 7.25391 10.1667 33.5
      vertex 7.37668 7.66777 33.5
      vertex 7.37668 10.3322 33.5
    endloop
  endfacet
  facet normal 0 0 1
    outer loop
      vertex 7.25391 10.1667 33.5
      vertex 7.25391 7.8333 33.5
      vertex 7.37668 7.66777 33.5
    endloop
  endfacet
  facet normal -0 0 1
    outer loop
      vertex 7.14797 9.98993 33.5
      vertex 7.25391 7.8333 33.5
      vertex 7.25391 10.1667 33.5
    endloop
  endfacet
  facet normal 0 0 1
    outer loop
      vertex 7.14797 9.98993 33.5
      vertex 7.14797 8.01007 33.5
      vertex 7.25391 7.8333 33.5
    endloop
  endfacet
  facet normal -0 0 1
    outer loop
      vertex 7.05985 9.80363 33.5
      vertex 7.14797 8.01007 33.5
      vertex 7.14797 9.98993 33.5
    endloop
  endfacet
  facet normal 0 0 1
    outer loop
      vertex 7.05985 9.80363 33.5
      vertex 7.05985 8.19637 33.5
      vertex 7.14797 8.01007 33.5
    endloop
  endfacet
  facet normal -0 0 1
    outer loop
      vertex 6.99043 9.6096 33.5
      vertex 7.05985 8.19637 33.5
      vertex 7.05985 9.80363 33.5
    endloop
  endfacet
  facet normal 0 0 1
    outer loop
      vertex 6.99043 9.6096 33.5
      vertex 6.99043 8.3904 33.5
      vertex 7.05985 8.19637 33.5
    endloop
  endfacet
  facet normal -0 0 1
    outer loop
      vertex 6.94035 9.40969 33.5
      vertex 6.99043 8.3904 33.5
      vertex 6.99043 9.6096 33.5
    endloop
  endfacet
  facet normal 0 0 1
    outer loop
      vertex 6.94035 9.40969 33.5
      vertex 6.94035 8.59031 33.5
      vertex 6.99043 8.3904 33.5
    endloop
  endfacet
  facet normal -0 0 1
    outer loop
      vertex 6.91011 9.20584 33.5
      vertex 6.94035 8.59031 33.5
      vertex 6.94035 9.40969 33.5
    endloop
  endfacet
  facet normal 0 0 1
    outer loop
      vertex 6.91011 9.20584 33.5
      vertex 6.91011 8.79416 33.5
      vertex 6.94035 8.59031 33.5
    endloop
  endfacet
  facet normal 0 -0 1
    outer loop
      vertex 6.91011 8.79416 33.5
      vertex 6.91011 9.20584 33.5
      vertex 6.9 9 33.5
    endloop
  endfacet
  facet normal 0.147023 -0.989133 0
    outer loop
      vertex 8.59031 11.0596 33.5
      vertex 8.79416 11.0899 39
      vertex 8.59031 11.0596 39
    endloop
  endfacet
  facet normal 0.147023 -0.989133 0
    outer loop
      vertex 8.79416 11.0899 39
      vertex 8.59031 11.0596 33.5
      vertex 8.79416 11.0899 33.5
    endloop
  endfacet
  facet normal 0.998796 -0.0490567 0
    outer loop
      vertex 6.9 9 39
      vertex 6.91011 9.20584 33.5
      vertex 6.91011 9.20584 39
    endloop
  endfacet
  facet normal 0.998796 -0.0490567 0
    outer loop
      vertex 6.91011 9.20584 33.5
      vertex 6.9 9 39
      vertex 6.9 9 33.5
    endloop
  endfacet
  facet normal 0.803145 -0.595783 0
    outer loop
      vertex 7.25391 10.1667 39
      vertex 7.37668 10.3322 33.5
      vertex 7.37668 10.3322 39
    endloop
  endfacet
  facet normal 0.803145 -0.595783 0
    outer loop
      vertex 7.37668 10.3322 33.5
      vertex 7.25391 10.1667 39
      vertex 7.25391 10.1667 33.5
    endloop
  endfacet
  facet normal 0.970025 0.243004 0
    outer loop
      vertex 6.99043 8.3904 39
      vertex 6.94035 8.59031 33.5
      vertex 6.94035 8.59031 39
    endloop
  endfacet
  facet normal 0.970025 0.243004 0
    outer loop
      vertex 6.94035 8.59031 33.5
      vertex 6.99043 8.3904 39
      vertex 6.99043 8.3904 33.5
    endloop
  endfacet
  facet normal -0.85784 0.513918 0
    outer loop
      vertex 10.7461 7.8333 33.5
      vertex 10.852 8.01007 39
      vertex 10.852 8.01007 33.5
    endloop
  endfacet
  facet normal -0.85784 0.513918 0
    outer loop
      vertex 10.852 8.01007 39
      vertex 10.7461 7.8333 33.5
      vertex 10.7461 7.8333 39
    endloop
  endfacet
  facet normal -0.904014 0.427502 0
    outer loop
      vertex 10.852 8.01007 33.5
      vertex 10.9401 8.19637 39
      vertex 10.9401 8.19637 33.5
    endloop
  endfacet
  facet normal -0.904014 0.427502 0
    outer loop
      vertex 10.9401 8.19637 39
      vertex 10.852 8.01007 33.5
      vertex 10.852 8.01007 39
    endloop
  endfacet
  facet normal -0.51406 0.857754 0
    outer loop
      vertex 10.1667 7.25391 33.5
      vertex 9.98993 7.14797 39
      vertex 10.1667 7.25391 39
    endloop
  endfacet
  facet normal -0.51406 0.857754 0
    outer loop
      vertex 9.98993 7.14797 39
      vertex 10.1667 7.25391 33.5
      vertex 9.98993 7.14797 33.5
    endloop
  endfacet
  facet normal 0.941552 -0.336868 0
    outer loop
      vertex 6.99043 9.6096 39
      vertex 7.05985 9.80363 33.5
      vertex 7.05985 9.80363 39
    endloop
  endfacet
  facet normal 0.941552 -0.336868 0
    outer loop
      vertex 7.05985 9.80363 33.5
      vertex 6.99043 9.6096 39
      vertex 6.99043 9.6096 33.5
    endloop
  endfacet
  facet normal 0.0490567 0.998796 -0
    outer loop
      vertex 9 6.9 33.5
      vertex 8.79416 6.91011 39
      vertex 9 6.9 39
    endloop
  endfacet
  facet normal 0.0490567 0.998796 0
    outer loop
      vertex 8.79416 6.91011 39
      vertex 9 6.9 33.5
      vertex 8.79416 6.91011 33.5
    endloop
  endfacet
  facet normal 0.146739 0.989175 -0
    outer loop
      vertex 8.79416 6.91011 33.5
      vertex 8.59031 6.94035 39
      vertex 8.79416 6.91011 39
    endloop
  endfacet
  facet normal 0.146739 0.989175 0
    outer loop
      vertex 8.59031 6.94035 39
      vertex 8.79416 6.91011 33.5
      vertex 8.59031 6.94035 33.5
    endloop
  endfacet
  facet normal 0.595808 -0.803127 0
    outer loop
      vertex 7.66777 10.6233 33.5
      vertex 7.8333 10.7461 39
      vertex 7.66777 10.6233 39
    endloop
  endfacet
  facet normal 0.595808 -0.803127 0
    outer loop
      vertex 7.8333 10.7461 39
      vertex 7.66777 10.6233 33.5
      vertex 7.8333 10.7461 33.5
    endloop
  endfacet
  facet normal -0.671561 0.740949 0
    outer loop
      vertex 10.4849 7.51508 33.5
      vertex 10.3322 7.37668 39
      vertex 10.4849 7.51508 39
    endloop
  endfacet
  facet normal -0.671561 0.740949 0
    outer loop
      vertex 10.3322 7.37668 39
      vertex 10.4849 7.51508 33.5
      vertex 10.3322 7.37668 33.5
    endloop
  endfacet
  facet normal 0.336868 0.941552 -0
    outer loop
      vertex 8.3904 6.99043 33.5
      vertex 8.19637 7.05985 39
      vertex 8.3904 6.99043 39
    endloop
  endfacet
  facet normal 0.336868 0.941552 0
    outer loop
      vertex 8.19637 7.05985 39
      vertex 8.3904 6.99043 33.5
      vertex 8.19637 7.05985 33.5
    endloop
  endfacet
  facet normal -0.147023 -0.989133 0
    outer loop
      vertex 9.20584 11.0899 33.5
      vertex 9.40969 11.0596 39
      vertex 9.20584 11.0899 39
    endloop
  endfacet
  facet normal -0.147023 -0.989133 -0
    outer loop
      vertex 9.40969 11.0596 39
      vertex 9.20584 11.0899 33.5
      vertex 9.40969 11.0596 33.5
    endloop
  endfacet
  facet normal 0.857754 -0.51406 0
    outer loop
      vertex 7.14797 9.98993 39
      vertex 7.25391 10.1667 33.5
      vertex 7.25391 10.1667 39
    endloop
  endfacet
  facet normal 0.857754 -0.51406 0
    outer loop
      vertex 7.25391 10.1667 33.5
      vertex 7.14797 9.98993 39
      vertex 7.14797 9.98993 33.5
    endloop
  endfacet
  facet normal 0.998796 0.0490567 0
    outer loop
      vertex 6.91011 8.79416 39
      vertex 6.9 9 33.5
      vertex 6.9 9 39
    endloop
  endfacet
  facet normal 0.998796 0.0490567 0
    outer loop
      vertex 6.9 9 33.5
      vertex 6.91011 8.79416 39
      vertex 6.91011 8.79416 33.5
    endloop
  endfacet
  facet normal 0.857754 0.51406 0
    outer loop
      vertex 7.25391 7.8333 39
      vertex 7.14797 8.01007 33.5
      vertex 7.14797 8.01007 39
    endloop
  endfacet
  facet normal 0.857754 0.51406 0
    outer loop
      vertex 7.14797 8.01007 33.5
      vertex 7.25391 7.8333 39
      vertex 7.25391 7.8333 33.5
    endloop
  endfacet
  facet normal 0.741015 0.671488 0
    outer loop
      vertex 12.4785 69.8548 39
      vertex 12.182 70.182 2.4
      vertex 12.182 70.182 39
    endloop
  endfacet
  facet normal 0.741015 0.671488 0
    outer loop
      vertex 12.182 70.182 2.4
      vertex 12.4785 69.8548 39
      vertex 12.4785 69.8548 2.4
    endloop
  endfacet
  facet normal 0.989174 0.146746 0
    outer loop
      vertex 13.4783 67.4411 39
      vertex 13.4135 67.8779 2.4
      vertex 13.4135 67.8779 39
    endloop
  endfacet
  facet normal 0.989174 0.146746 0
    outer loop
      vertex 13.4135 67.8779 2.4
      vertex 13.4783 67.4411 39
      vertex 13.4783 67.4411 2.4
    endloop
  endfacet
  facet normal 0.998792 0.0491358 0
    outer loop
      vertex 13.5 67 39
      vertex 13.4783 67.4411 2.4
      vertex 13.4783 67.4411 39
    endloop
  endfacet
  facet normal 0.998792 0.0491358 0
    outer loop
      vertex 13.4783 67.4411 2.4
      vertex 13.5 67 39
      vertex 13.5 67 2.4
    endloop
  endfacet
  facet normal 0.970036 0.242962 0
    outer loop
      vertex 13.4135 67.8779 39
      vertex 13.3062 68.3063 2.4
      vertex 13.3062 68.3063 39
    endloop
  endfacet
  facet normal 0.970036 0.242962 0
    outer loop
      vertex 13.3062 68.3063 2.4
      vertex 13.4135 67.8779 39
      vertex 13.4135 67.8779 2.4
    endloop
  endfacet
  facet normal 0.336738 -0.941598 0
    outer loop
      vertex 10.3063 62.6938 2.4
      vertex 10.7221 62.8425 39
      vertex 10.3063 62.6938 39
    endloop
  endfacet
  facet normal 0.336738 -0.941598 0
    outer loop
      vertex 10.7221 62.8425 39
      vertex 10.3063 62.6938 2.4
      vertex 10.7221 62.8425 2.4
    endloop
  endfacet
  facet normal 0.671488 0.741015 -0
    outer loop
      vertex 12.182 70.182 2.4
      vertex 11.8548 70.4785 39
      vertex 12.182 70.182 39
    endloop
  endfacet
  facet normal 0.671488 0.741015 0
    outer loop
      vertex 11.8548 70.4785 39
      vertex 12.182 70.182 2.4
      vertex 11.8548 70.4785 2.4
    endloop
  endfacet
  facet normal 0.941598 0.336738 0
    outer loop
      vertex 13.3062 68.3063 39
      vertex 13.1575 68.7221 2.4
      vertex 13.1575 68.7221 39
    endloop
  endfacet
  facet normal 0.941598 0.336738 0
    outer loop
      vertex 13.1575 68.7221 2.4
      vertex 13.3062 68.3063 39
      vertex 13.3062 68.3063 2.4
    endloop
  endfacet
  facet normal 0.049138 -0.998792 0
    outer loop
      vertex 9 62.5 2.4
      vertex 9.44108 62.5217 39
      vertex 9 62.5 39
    endloop
  endfacet
  facet normal 0.049138 -0.998792 0
    outer loop
      vertex 9.44108 62.5217 39
      vertex 9 62.5 2.4
      vertex 9.44108 62.5217 2.4
    endloop
  endfacet
  facet normal -0.595753 -0.803168 0
    outer loop
      vertex 6.14523 63.5215 2.4
      vertex 6.49993 63.2584 39
      vertex 6.14523 63.5215 39
    endloop
  endfacet
  facet normal -0.595753 -0.803168 -0
    outer loop
      vertex 6.49993 63.2584 39
      vertex 6.14523 63.5215 2.4
      vertex 6.49993 63.2584 2.4
    endloop
  endfacet
  facet normal -0.242978 -0.970032 0
    outer loop
      vertex 7.69372 62.6938 2.4
      vertex 8.12209 62.5865 39
      vertex 7.69372 62.6938 39
    endloop
  endfacet
  facet normal -0.242978 -0.970032 -0
    outer loop
      vertex 8.12209 62.5865 39
      vertex 7.69372 62.6938 2.4
      vertex 8.12209 62.5865 2.4
    endloop
  endfacet
  facet normal 0.857773 0.514029 0
    outer loop
      vertex 12.9686 69.1213 39
      vertex 12.7416 69.5001 2.4
      vertex 12.7416 69.5001 39
    endloop
  endfacet
  facet normal 0.857773 0.514029 0
    outer loop
      vertex 12.7416 69.5001 2.4
      vertex 12.9686 69.1213 39
      vertex 12.9686 69.1213 2.4
    endloop
  endfacet
  facet normal -0.998795 -0.049068 0
    outer loop
      vertex 4.52167 66.5589 2.4
      vertex 4.5 67 39
      vertex 4.5 67 2.4
    endloop
  endfacet
  facet normal -0.998795 -0.049068 0
    outer loop
      vertex 4.5 67 39
      vertex 4.52167 66.5589 2.4
      vertex 4.52167 66.5589 39
    endloop
  endfacet
  facet normal -0.903987 -0.42756 0
    outer loop
      vertex 5.03135 64.8787 2.4
      vertex 4.84254 65.2779 39
      vertex 4.84254 65.2779 2.4
    endloop
  endfacet
  facet normal -0.903987 -0.42756 0
    outer loop
      vertex 4.84254 65.2779 39
      vertex 5.03135 64.8787 2.4
      vertex 5.03135 64.8787 39
    endloop
  endfacet
  facet normal 0.903908 0.427726 0
    outer loop
      vertex 13.1575 68.7221 39
      vertex 12.9686 69.1213 2.4
      vertex 12.9686 69.1213 39
    endloop
  endfacet
  facet normal 0.903908 0.427726 0
    outer loop
      vertex 12.9686 69.1213 2.4
      vertex 13.1575 68.7221 39
      vertex 13.1575 68.7221 2.4
    endloop
  endfacet
  facet normal 0.970036 -0.242962 0
    outer loop
      vertex 13.3062 65.6937 39
      vertex 13.4135 66.1221 2.4
      vertex 13.4135 66.1221 39
    endloop
  endfacet
  facet normal 0.970036 -0.242962 0
    outer loop
      vertex 13.4135 66.1221 2.4
      vertex 13.3062 65.6937 39
      vertex 13.3062 65.6937 2.4
    endloop
  endfacet
  facet normal -0.514039 0.857767 0
    outer loop
      vertex 6.87872 70.9686 2.4
      vertex 6.49993 70.7416 39
      vertex 6.87872 70.9686 39
    endloop
  endfacet
  facet normal -0.514039 0.857767 0
    outer loop
      vertex 6.49993 70.7416 39
      vertex 6.87872 70.9686 2.4
      vertex 6.49993 70.7416 2.4
    endloop
  endfacet
  facet normal -0.970036 -0.242962 0
    outer loop
      vertex 4.69377 65.6937 2.4
      vertex 4.58647 66.1221 39
      vertex 4.58647 66.1221 2.4
    endloop
  endfacet
  facet normal -0.970036 -0.242962 0
    outer loop
      vertex 4.58647 66.1221 39
      vertex 4.69377 65.6937 2.4
      vertex 4.69377 65.6937 39
    endloop
  endfacet
  facet normal 0.242967 0.970035 -0
    outer loop
      vertex 10.3063 71.3062 2.4
      vertex 9.87791 71.4135 39
      vertex 10.3063 71.3062 39
    endloop
  endfacet
  facet normal 0.242967 0.970035 0
    outer loop
      vertex 9.87791 71.4135 39
      vertex 10.3063 71.3062 2.4
      vertex 9.87791 71.4135 2.4
    endloop
  endfacet
  facet normal 0.941598 -0.336738 0
    outer loop
      vertex 13.1575 65.2779 39
      vertex 13.3062 65.6937 2.4
      vertex 13.3062 65.6937 39
    endloop
  endfacet
  facet normal 0.941598 -0.336738 0
    outer loop
      vertex 13.3062 65.6937 2.4
      vertex 13.1575 65.2779 39
      vertex 13.1575 65.2779 2.4
    endloop
  endfacet
  facet normal 0.989174 -0.146746 0
    outer loop
      vertex 13.4135 66.1221 39
      vertex 13.4783 66.5589 2.4
      vertex 13.4783 66.5589 39
    endloop
  endfacet
  facet normal 0.989174 -0.146746 0
    outer loop
      vertex 13.4783 66.5589 2.4
      vertex 13.4135 66.1221 39
      vertex 13.4135 66.1221 2.4
    endloop
  endfacet
  facet normal 0.146736 0.989176 -0
    outer loop
      vertex 9.87791 71.4135 2.4
      vertex 9.44108 71.4783 39
      vertex 9.87791 71.4135 39
    endloop
  endfacet
  facet normal 0.146736 0.989176 0
    outer loop
      vertex 9.44108 71.4783 39
      vertex 9.87791 71.4135 2.4
      vertex 9.44108 71.4783 2.4
    endloop
  endfacet
  facet normal -0.427717 0.903913 0
    outer loop
      vertex 7.27793 71.1575 2.4
      vertex 6.87872 70.9686 39
      vertex 7.27793 71.1575 39
    endloop
  endfacet
  facet normal -0.427717 0.903913 0
    outer loop
      vertex 6.87872 70.9686 39
      vertex 7.27793 71.1575 2.4
      vertex 6.87872 70.9686 2.4
    endloop
  endfacet
  facet normal -0.146736 0.989176 0
    outer loop
      vertex 8.55892 71.4783 2.4
      vertex 8.12209 71.4135 39
      vertex 8.55892 71.4783 39
    endloop
  endfacet
  facet normal -0.146736 0.989176 0
    outer loop
      vertex 8.12209 71.4135 39
      vertex 8.55892 71.4783 2.4
      vertex 8.12209 71.4135 2.4
    endloop
  endfacet
  facet normal 0.427726 -0.903908 0
    outer loop
      vertex 10.7221 62.8425 2.4
      vertex 11.1213 63.0314 39
      vertex 10.7221 62.8425 39
    endloop
  endfacet
  facet normal 0.427726 -0.903908 0
    outer loop
      vertex 11.1213 63.0314 39
      vertex 10.7221 62.8425 2.4
      vertex 11.1213 63.0314 2.4
    endloop
  endfacet
  facet normal -0.671477 0.741025 0
    outer loop
      vertex 6.14523 70.4785 2.4
      vertex 5.81802 70.182 39
      vertex 6.14523 70.4785 39
    endloop
  endfacet
  facet normal -0.671477 0.741025 0
    outer loop
      vertex 5.81802 70.182 39
      vertex 6.14523 70.4785 2.4
      vertex 5.81802 70.182 2.4
    endloop
  endfacet
  facet normal 0.857773 -0.514029 0
    outer loop
      vertex 12.7416 64.4999 39
      vertex 12.9686 64.8787 2.4
      vertex 12.9686 64.8787 39
    endloop
  endfacet
  facet normal 0.857773 -0.514029 0
    outer loop
      vertex 12.9686 64.8787 2.4
      vertex 12.7416 64.4999 39
      vertex 12.7416 64.4999 2.4
    endloop
  endfacet
  facet normal -0.595753 0.803168 0
    outer loop
      vertex 6.49993 70.7416 2.4
      vertex 6.14523 70.4785 39
      vertex 6.49993 70.7416 39
    endloop
  endfacet
  facet normal -0.595753 0.803168 0
    outer loop
      vertex 6.14523 70.4785 39
      vertex 6.49993 70.7416 2.4
      vertex 6.14523 70.4785 2.4
    endloop
  endfacet
  facet normal 0.903908 -0.427726 0
    outer loop
      vertex 12.9686 64.8787 39
      vertex 13.1575 65.2779 2.4
      vertex 13.1575 65.2779 39
    endloop
  endfacet
  facet normal 0.903908 -0.427726 0
    outer loop
      vertex 13.1575 65.2779 2.4
      vertex 12.9686 64.8787 39
      vertex 12.9686 64.8787 2.4
    endloop
  endfacet
  facet normal 0.998792 -0.0491358 0
    outer loop
      vertex 13.4783 66.5589 39
      vertex 13.5 67 2.4
      vertex 13.5 67 39
    endloop
  endfacet
  facet normal 0.998792 -0.0491358 0
    outer loop
      vertex 13.5 67 2.4
      vertex 13.4783 66.5589 39
      vertex 13.4783 66.5589 2.4
    endloop
  endfacet
  facet normal -0.740936 0.671575 0
    outer loop
      vertex 5.52145 69.8548 2.4
      vertex 5.81802 70.182 39
      vertex 5.81802 70.182 2.4
    endloop
  endfacet
  facet normal -0.740936 0.671575 0
    outer loop
      vertex 5.81802 70.182 39
      vertex 5.52145 69.8548 2.4
      vertex 5.52145 69.8548 39
    endloop
  endfacet
  facet normal -0.941548 -0.336879 0
    outer loop
      vertex 4.84254 65.2779 2.4
      vertex 4.69377 65.6937 39
      vertex 4.69377 65.6937 2.4
    endloop
  endfacet
  facet normal -0.941548 -0.336879 0
    outer loop
      vertex 4.69377 65.6937 39
      vertex 4.84254 65.2779 2.4
      vertex 4.84254 65.2779 39
    endloop
  endfacet
  facet normal 0.514029 0.857773 -0
    outer loop
      vertex 11.5001 70.7416 2.4
      vertex 11.1213 70.9686 39
      vertex 11.5001 70.7416 39
    endloop
  endfacet
  facet normal 0.514029 0.857773 0
    outer loop
      vertex 11.1213 70.9686 39
      vertex 11.5001 70.7416 2.4
      vertex 11.1213 70.9686 2.4
    endloop
  endfacet
  facet normal 0.595753 0.803168 -0
    outer loop
      vertex 11.8548 70.4785 2.4
      vertex 11.5001 70.7416 39
      vertex 11.8548 70.4785 39
    endloop
  endfacet
  facet normal 0.595753 0.803168 0
    outer loop
      vertex 11.5001 70.7416 39
      vertex 11.8548 70.4785 2.4
      vertex 11.5001 70.7416 2.4
    endloop
  endfacet
  facet normal 0.146736 -0.989176 0
    outer loop
      vertex 9.44108 62.5217 2.4
      vertex 9.87791 62.5865 39
      vertex 9.44108 62.5217 39
    endloop
  endfacet
  facet normal 0.146736 -0.989176 0
    outer loop
      vertex 9.87791 62.5865 39
      vertex 9.44108 62.5217 2.4
      vertex 9.87791 62.5865 2.4
    endloop
  endfacet
  facet normal 0.741015 -0.671488 0
    outer loop
      vertex 12.182 63.818 39
      vertex 12.4785 64.1452 2.4
      vertex 12.4785 64.1452 39
    endloop
  endfacet
  facet normal 0.741015 -0.671488 0
    outer loop
      vertex 12.4785 64.1452 2.4
      vertex 12.182 63.818 39
      vertex 12.182 63.818 2.4
    endloop
  endfacet
  facet normal 0.803168 -0.595753 0
    outer loop
      vertex 12.4785 64.1452 39
      vertex 12.7416 64.4999 2.4
      vertex 12.7416 64.4999 39
    endloop
  endfacet
  facet normal 0.803168 -0.595753 0
    outer loop
      vertex 12.7416 64.4999 2.4
      vertex 12.4785 64.1452 39
      vertex 12.4785 64.1452 2.4
    endloop
  endfacet
  facet normal 0.242967 -0.970035 0
    outer loop
      vertex 9.87791 62.5865 2.4
      vertex 10.3063 62.6938 39
      vertex 9.87791 62.5865 39
    endloop
  endfacet
  facet normal 0.242967 -0.970035 0
    outer loop
      vertex 10.3063 62.6938 39
      vertex 9.87791 62.5865 2.4
      vertex 10.3063 62.6938 2.4
    endloop
  endfacet
  facet normal -0.242978 0.970032 0
    outer loop
      vertex 8.12209 71.4135 2.4
      vertex 7.69372 71.3062 39
      vertex 8.12209 71.4135 39
    endloop
  endfacet
  facet normal -0.242978 0.970032 0
    outer loop
      vertex 7.69372 71.3062 39
      vertex 8.12209 71.4135 2.4
      vertex 7.69372 71.3062 2.4
    endloop
  endfacet
  facet normal 0.803168 0.595753 0
    outer loop
      vertex 12.7416 69.5001 39
      vertex 12.4785 69.8548 2.4
      vertex 12.4785 69.8548 39
    endloop
  endfacet
  facet normal 0.803168 0.595753 0
    outer loop
      vertex 12.4785 69.8548 2.4
      vertex 12.7416 69.5001 39
      vertex 12.7416 69.5001 2.4
    endloop
  endfacet
  facet normal 0.049138 0.998792 -0
    outer loop
      vertex 9.44108 71.4783 2.4
      vertex 9 71.5 39
      vertex 9.44108 71.4783 39
    endloop
  endfacet
  facet normal 0.049138 0.998792 0
    outer loop
      vertex 9 71.5 39
      vertex 9.44108 71.4783 2.4
      vertex 9 71.5 2.4
    endloop
  endfacet
  facet normal -0.857733 0.514096 0
    outer loop
      vertex 5.03135 69.1213 2.4
      vertex 5.25839 69.5001 39
      vertex 5.25839 69.5001 2.4
    endloop
  endfacet
  facet normal -0.857733 0.514096 0
    outer loop
      vertex 5.25839 69.5001 39
      vertex 5.03135 69.1213 2.4
      vertex 5.03135 69.1213 39
    endloop
  endfacet
  facet normal 0.427726 0.903908 -0
    outer loop
      vertex 11.1213 70.9686 2.4
      vertex 10.7221 71.1575 39
      vertex 11.1213 70.9686 39
    endloop
  endfacet
  facet normal 0.427726 0.903908 0
    outer loop
      vertex 10.7221 71.1575 39
      vertex 11.1213 70.9686 2.4
      vertex 10.7221 71.1575 2.4
    endloop
  endfacet
  facet normal -0.857733 -0.514096 0
    outer loop
      vertex 5.25839 64.4999 2.4
      vertex 5.03135 64.8787 39
      vertex 5.03135 64.8787 2.4
    endloop
  endfacet
  facet normal -0.857733 -0.514096 0
    outer loop
      vertex 5.03135 64.8787 39
      vertex 5.25839 64.4999 2.4
      vertex 5.25839 64.4999 39
    endloop
  endfacet
  facet normal -0.427717 -0.903913 0
    outer loop
      vertex 6.87872 63.0314 2.4
      vertex 7.27793 62.8425 39
      vertex 6.87872 63.0314 39
    endloop
  endfacet
  facet normal -0.427717 -0.903913 -0
    outer loop
      vertex 7.27793 62.8425 39
      vertex 6.87872 63.0314 2.4
      vertex 7.27793 62.8425 2.4
    endloop
  endfacet
  facet normal -0.740936 -0.671575 0
    outer loop
      vertex 5.81802 63.818 2.4
      vertex 5.52145 64.1452 39
      vertex 5.52145 64.1452 2.4
    endloop
  endfacet
  facet normal -0.740936 -0.671575 0
    outer loop
      vertex 5.52145 64.1452 39
      vertex 5.81802 63.818 2.4
      vertex 5.81802 63.818 39
    endloop
  endfacet
  facet normal -0.336745 0.941596 0
    outer loop
      vertex 7.69372 71.3062 2.4
      vertex 7.27793 71.1575 39
      vertex 7.69372 71.3062 39
    endloop
  endfacet
  facet normal -0.336745 0.941596 0
    outer loop
      vertex 7.27793 71.1575 39
      vertex 7.69372 71.3062 2.4
      vertex 7.27793 71.1575 2.4
    endloop
  endfacet
  facet normal -0.514039 -0.857767 0
    outer loop
      vertex 6.49993 63.2584 2.4
      vertex 6.87872 63.0314 39
      vertex 6.49993 63.2584 39
    endloop
  endfacet
  facet normal -0.514039 -0.857767 -0
    outer loop
      vertex 6.87872 63.0314 39
      vertex 6.49993 63.2584 2.4
      vertex 6.87872 63.0314 2.4
    endloop
  endfacet
  facet normal 0.595753 -0.803168 0
    outer loop
      vertex 11.5001 63.2584 2.4
      vertex 11.8548 63.5215 39
      vertex 11.5001 63.2584 39
    endloop
  endfacet
  facet normal 0.595753 -0.803168 0
    outer loop
      vertex 11.8548 63.5215 39
      vertex 11.5001 63.2584 2.4
      vertex 11.8548 63.5215 2.4
    endloop
  endfacet
  facet normal -0.049138 0.998792 0
    outer loop
      vertex 9 71.5 2.4
      vertex 8.55892 71.4783 39
      vertex 9 71.5 39
    endloop
  endfacet
  facet normal -0.049138 0.998792 0
    outer loop
      vertex 8.55892 71.4783 39
      vertex 9 71.5 2.4
      vertex 8.55892 71.4783 2.4
    endloop
  endfacet
  facet normal -0.941548 0.336879 0
    outer loop
      vertex 4.69377 68.3063 2.4
      vertex 4.84254 68.7221 39
      vertex 4.84254 68.7221 2.4
    endloop
  endfacet
  facet normal -0.941548 0.336879 0
    outer loop
      vertex 4.84254 68.7221 39
      vertex 4.69377 68.3063 2.4
      vertex 4.69377 68.3063 39
    endloop
  endfacet
  facet normal -0.989174 -0.146746 0
    outer loop
      vertex 4.58647 66.1221 2.4
      vertex 4.52167 66.5589 39
      vertex 4.52167 66.5589 2.4
    endloop
  endfacet
  facet normal -0.989174 -0.146746 0
    outer loop
      vertex 4.52167 66.5589 39
      vertex 4.58647 66.1221 2.4
      vertex 4.58647 66.1221 39
    endloop
  endfacet
  facet normal 0.336738 0.941598 -0
    outer loop
      vertex 10.7221 71.1575 2.4
      vertex 10.3063 71.3062 39
      vertex 10.7221 71.1575 39
    endloop
  endfacet
  facet normal 0.336738 0.941598 0
    outer loop
      vertex 10.3063 71.3062 39
      vertex 10.7221 71.1575 2.4
      vertex 10.3063 71.3062 2.4
    endloop
  endfacet
  facet normal -0.803211 -0.595694 0
    outer loop
      vertex 5.52145 64.1452 2.4
      vertex 5.25839 64.4999 39
      vertex 5.25839 64.4999 2.4
    endloop
  endfacet
  facet normal -0.803211 -0.595694 0
    outer loop
      vertex 5.25839 64.4999 39
      vertex 5.52145 64.1452 2.4
      vertex 5.52145 64.1452 39
    endloop
  endfacet
  facet normal -0.970036 0.242962 0
    outer loop
      vertex 4.58647 67.8779 2.4
      vertex 4.69377 68.3063 39
      vertex 4.69377 68.3063 2.4
    endloop
  endfacet
  facet normal -0.970036 0.242962 0
    outer loop
      vertex 4.69377 68.3063 39
      vertex 4.58647 67.8779 2.4
      vertex 4.58647 67.8779 39
    endloop
  endfacet
  facet normal -0.903987 0.42756 0
    outer loop
      vertex 4.84254 68.7221 2.4
      vertex 5.03135 69.1213 39
      vertex 5.03135 69.1213 2.4
    endloop
  endfacet
  facet normal -0.903987 0.42756 0
    outer loop
      vertex 5.03135 69.1213 39
      vertex 4.84254 68.7221 2.4
      vertex 4.84254 68.7221 39
    endloop
  endfacet
  facet normal 0.514029 -0.857773 0
    outer loop
      vertex 11.1213 63.0314 2.4
      vertex 11.5001 63.2584 39
      vertex 11.1213 63.0314 39
    endloop
  endfacet
  facet normal 0.514029 -0.857773 0
    outer loop
      vertex 11.5001 63.2584 39
      vertex 11.1213 63.0314 2.4
      vertex 11.5001 63.2584 2.4
    endloop
  endfacet
  facet normal -0.671477 -0.741025 0
    outer loop
      vertex 5.81802 63.818 2.4
      vertex 6.14523 63.5215 39
      vertex 5.81802 63.818 39
    endloop
  endfacet
  facet normal -0.671477 -0.741025 -0
    outer loop
      vertex 6.14523 63.5215 39
      vertex 5.81802 63.818 2.4
      vertex 6.14523 63.5215 2.4
    endloop
  endfacet
  facet normal -0.803211 0.595694 0
    outer loop
      vertex 5.25839 69.5001 2.4
      vertex 5.52145 69.8548 39
      vertex 5.52145 69.8548 2.4
    endloop
  endfacet
  facet normal -0.803211 0.595694 0
    outer loop
      vertex 5.52145 69.8548 39
      vertex 5.25839 69.5001 2.4
      vertex 5.25839 69.5001 39
    endloop
  endfacet
  facet normal -0.049138 -0.998792 0
    outer loop
      vertex 8.55892 62.5217 2.4
      vertex 9 62.5 39
      vertex 8.55892 62.5217 39
    endloop
  endfacet
  facet normal -0.049138 -0.998792 -0
    outer loop
      vertex 9 62.5 39
      vertex 8.55892 62.5217 2.4
      vertex 9 62.5 2.4
    endloop
  endfacet
  facet normal -0.146736 -0.989176 0
    outer loop
      vertex 8.12209 62.5865 2.4
      vertex 8.55892 62.5217 39
      vertex 8.12209 62.5865 39
    endloop
  endfacet
  facet normal -0.146736 -0.989176 -0
    outer loop
      vertex 8.55892 62.5217 39
      vertex 8.12209 62.5865 2.4
      vertex 8.55892 62.5217 2.4
    endloop
  endfacet
  facet normal -0.989174 0.146746 0
    outer loop
      vertex 4.52167 67.4411 2.4
      vertex 4.58647 67.8779 39
      vertex 4.58647 67.8779 2.4
    endloop
  endfacet
  facet normal -0.989174 0.146746 0
    outer loop
      vertex 4.58647 67.8779 39
      vertex 4.52167 67.4411 2.4
      vertex 4.52167 67.4411 39
    endloop
  endfacet
  facet normal -0.998795 0.049068 0
    outer loop
      vertex 4.5 67 2.4
      vertex 4.52167 67.4411 39
      vertex 4.52167 67.4411 2.4
    endloop
  endfacet
  facet normal -0.998795 0.049068 0
    outer loop
      vertex 4.52167 67.4411 39
      vertex 4.5 67 2.4
      vertex 4.5 67 39
    endloop
  endfacet
  facet normal -0.336745 -0.941596 0
    outer loop
      vertex 7.27793 62.8425 2.4
      vertex 7.69372 62.6938 39
      vertex 7.27793 62.8425 39
    endloop
  endfacet
  facet normal -0.336745 -0.941596 -0
    outer loop
      vertex 7.69372 62.6938 39
      vertex 7.27793 62.8425 2.4
      vertex 7.69372 62.6938 2.4
    endloop
  endfacet
  facet normal 0.671488 -0.741015 0
    outer loop
      vertex 11.8548 63.5215 2.4
      vertex 12.182 63.818 39
      vertex 11.8548 63.5215 39
    endloop
  endfacet
  facet normal 0.671488 -0.741015 0
    outer loop
      vertex 12.182 63.818 39
      vertex 11.8548 63.5215 2.4
      vertex 12.182 63.818 2.4
    endloop
  endfacet
  facet normal 0 0 1
    outer loop
      vertex 11.1 67 39
      vertex 13.5 67 39
      vertex 13.4783 67.4411 39
    endloop
  endfacet
  facet normal 0 0 1
    outer loop
      vertex 11.0899 67.2058 39
      vertex 13.4783 67.4411 39
      vertex 13.4135 67.8779 39
    endloop
  endfacet
  facet normal 0 0 1
    outer loop
      vertex 13.5 67 39
      vertex 11.1 67 39
      vertex 13.4783 66.5589 39
    endloop
  endfacet
  facet normal 0 0 1
    outer loop
      vertex 11.0596 67.4097 39
      vertex 13.4135 67.8779 39
      vertex 13.3062 68.3063 39
    endloop
  endfacet
  facet normal -0 0 1
    outer loop
      vertex 11.0899 66.7942 39
      vertex 13.4783 66.5589 39
      vertex 11.1 67 39
    endloop
  endfacet
  facet normal 0 0 1
    outer loop
      vertex 11.0096 67.6096 39
      vertex 13.3062 68.3063 39
      vertex 13.1575 68.7221 39
    endloop
  endfacet
  facet normal 0 0 1
    outer loop
      vertex 13.4783 66.5589 39
      vertex 11.0899 66.7942 39
      vertex 13.4135 66.1221 39
    endloop
  endfacet
  facet normal 0 0 1
    outer loop
      vertex 10.9401 67.8036 39
      vertex 13.1575 68.7221 39
      vertex 12.9686 69.1213 39
    endloop
  endfacet
  facet normal -0 0 1
    outer loop
      vertex 11.0596 66.5903 39
      vertex 13.4135 66.1221 39
      vertex 11.0899 66.7942 39
    endloop
  endfacet
  facet normal 0 0 1
    outer loop
      vertex 10.852 67.9899 39
      vertex 12.9686 69.1213 39
      vertex 12.7416 69.5001 39
    endloop
  endfacet
  facet normal 0 0 1
    outer loop
      vertex 13.4135 66.1221 39
      vertex 11.0596 66.5903 39
      vertex 13.3062 65.6937 39
    endloop
  endfacet
  facet normal 0 0 1
    outer loop
      vertex 10.7461 68.1667 39
      vertex 12.7416 69.5001 39
      vertex 12.4785 69.8548 39
    endloop
  endfacet
  facet normal -0 0 1
    outer loop
      vertex 11.0096 66.3904 39
      vertex 13.3062 65.6937 39
      vertex 11.0596 66.5903 39
    endloop
  endfacet
  facet normal 0 0 1
    outer loop
      vertex 10.6233 68.3322 39
      vertex 12.4785 69.8548 39
      vertex 12.182 70.182 39
    endloop
  endfacet
  facet normal 0 0 1
    outer loop
      vertex 13.3062 65.6937 39
      vertex 11.0096 66.3904 39
      vertex 13.1575 65.2779 39
    endloop
  endfacet
  facet normal 0 0 1
    outer loop
      vertex 10.4849 68.4849 39
      vertex 12.182 70.182 39
      vertex 11.8548 70.4785 39
    endloop
  endfacet
  facet normal -0 0 1
    outer loop
      vertex 10.9401 66.1964 39
      vertex 13.1575 65.2779 39
      vertex 11.0096 66.3904 39
    endloop
  endfacet
  facet normal 0 0 1
    outer loop
      vertex 10.3322 68.6233 39
      vertex 11.8548 70.4785 39
      vertex 11.5001 70.7416 39
    endloop
  endfacet
  facet normal 0 0 1
    outer loop
      vertex 13.1575 65.2779 39
      vertex 10.9401 66.1964 39
      vertex 12.9686 64.8787 39
    endloop
  endfacet
  facet normal 0 0 1
    outer loop
      vertex 10.1667 68.7461 39
      vertex 11.5001 70.7416 39
      vertex 11.1213 70.9686 39
    endloop
  endfacet
  facet normal -0 0 1
    outer loop
      vertex 10.852 66.0101 39
      vertex 12.9686 64.8787 39
      vertex 10.9401 66.1964 39
    endloop
  endfacet
  facet normal 0 0 1
    outer loop
      vertex 12.9686 64.8787 39
      vertex 10.852 66.0101 39
      vertex 12.7416 64.4999 39
    endloop
  endfacet
  facet normal 0 0 1
    outer loop
      vertex 13.4783 67.4411 39
      vertex 11.0899 67.2058 39
      vertex 11.1 67 39
    endloop
  endfacet
  facet normal 0 0 1
    outer loop
      vertex 13.4135 67.8779 39
      vertex 11.0596 67.4097 39
      vertex 11.0899 67.2058 39
    endloop
  endfacet
  facet normal 0 0 1
    outer loop
      vertex 13.3062 68.3063 39
      vertex 11.0096 67.6096 39
      vertex 11.0596 67.4097 39
    endloop
  endfacet
  facet normal 0 0 1
    outer loop
      vertex 13.1575 68.7221 39
      vertex 10.9401 67.8036 39
      vertex 11.0096 67.6096 39
    endloop
  endfacet
  facet normal 0 0 1
    outer loop
      vertex 12.9686 69.1213 39
      vertex 10.852 67.9899 39
      vertex 10.9401 67.8036 39
    endloop
  endfacet
  facet normal 0 0 1
    outer loop
      vertex 12.7416 69.5001 39
      vertex 10.7461 68.1667 39
      vertex 10.852 67.9899 39
    endloop
  endfacet
  facet normal 0 0 1
    outer loop
      vertex 9.98993 68.852 39
      vertex 11.1213 70.9686 39
      vertex 10.7221 71.1575 39
    endloop
  endfacet
  facet normal 0 0 1
    outer loop
      vertex 12.4785 69.8548 39
      vertex 10.6233 68.3322 39
      vertex 10.7461 68.1667 39
    endloop
  endfacet
  facet normal 0 0 1
    outer loop
      vertex 12.182 70.182 39
      vertex 10.4849 68.4849 39
      vertex 10.6233 68.3322 39
    endloop
  endfacet
  facet normal 0 0 1
    outer loop
      vertex 11.8548 70.4785 39
      vertex 10.3322 68.6233 39
      vertex 10.4849 68.4849 39
    endloop
  endfacet
  facet normal 0 0 1
    outer loop
      vertex 9.80363 68.9401 39
      vertex 10.7221 71.1575 39
      vertex 10.3063 71.3062 39
    endloop
  endfacet
  facet normal 0 0 1
    outer loop
      vertex 11.5001 70.7416 39
      vertex 10.1667 68.7461 39
      vertex 10.3322 68.6233 39
    endloop
  endfacet
  facet normal 0 0 1
    outer loop
      vertex 11.1213 70.9686 39
      vertex 9.98993 68.852 39
      vertex 10.1667 68.7461 39
    endloop
  endfacet
  facet normal 0 0 1
    outer loop
      vertex 9.6096 69.0096 39
      vertex 10.3063 71.3062 39
      vertex 9.87791 71.4135 39
    endloop
  endfacet
  facet normal 0 0 1
    outer loop
      vertex 10.7221 71.1575 39
      vertex 9.80363 68.9401 39
      vertex 9.98993 68.852 39
    endloop
  endfacet
  facet normal 0 0 1
    outer loop
      vertex 10.3063 71.3062 39
      vertex 9.6096 69.0096 39
      vertex 9.80363 68.9401 39
    endloop
  endfacet
  facet normal 0 0 1
    outer loop
      vertex 9.40969 69.0596 39
      vertex 9.87791 71.4135 39
      vertex 9.44108 71.4783 39
    endloop
  endfacet
  facet normal 0 0 1
    outer loop
      vertex 9.87791 71.4135 39
      vertex 9.40969 69.0596 39
      vertex 9.6096 69.0096 39
    endloop
  endfacet
  facet normal 0 0 1
    outer loop
      vertex 9.44108 71.4783 39
      vertex 9.20584 69.0899 39
      vertex 9.40969 69.0596 39
    endloop
  endfacet
  facet normal 0 0 1
    outer loop
      vertex 9 71.5 39
      vertex 9.20584 69.0899 39
      vertex 9.44108 71.4783 39
    endloop
  endfacet
  facet normal 0 0 1
    outer loop
      vertex 9 71.5 39
      vertex 9 69.1 39
      vertex 9.20584 69.0899 39
    endloop
  endfacet
  facet normal 0 0 1
    outer loop
      vertex 9 71.5 39
      vertex 8.79416 69.0899 39
      vertex 9 69.1 39
    endloop
  endfacet
  facet normal -0 0 1
    outer loop
      vertex 8.55892 71.4783 39
      vertex 8.79416 69.0899 39
      vertex 9 71.5 39
    endloop
  endfacet
  facet normal 0 0 1
    outer loop
      vertex 8.79416 69.0899 39
      vertex 8.55892 71.4783 39
      vertex 8.59031 69.0596 39
    endloop
  endfacet
  facet normal -0 0 1
    outer loop
      vertex 8.12209 71.4135 39
      vertex 8.59031 69.0596 39
      vertex 8.55892 71.4783 39
    endloop
  endfacet
  facet normal 0 0 1
    outer loop
      vertex 8.59031 69.0596 39
      vertex 8.12209 71.4135 39
      vertex 8.3904 69.0096 39
    endloop
  endfacet
  facet normal -0 0 1
    outer loop
      vertex 7.69372 71.3062 39
      vertex 8.3904 69.0096 39
      vertex 8.12209 71.4135 39
    endloop
  endfacet
  facet normal 0 0 1
    outer loop
      vertex 8.3904 69.0096 39
      vertex 7.69372 71.3062 39
      vertex 8.19637 68.9401 39
    endloop
  endfacet
  facet normal -0 0 1
    outer loop
      vertex 7.27793 71.1575 39
      vertex 8.19637 68.9401 39
      vertex 7.69372 71.3062 39
    endloop
  endfacet
  facet normal 0 0 1
    outer loop
      vertex 8.19637 68.9401 39
      vertex 7.27793 71.1575 39
      vertex 8.01007 68.852 39
    endloop
  endfacet
  facet normal -0 0 1
    outer loop
      vertex 6.87872 70.9686 39
      vertex 8.01007 68.852 39
      vertex 7.27793 71.1575 39
    endloop
  endfacet
  facet normal 0 0 1
    outer loop
      vertex 8.01007 68.852 39
      vertex 6.87872 70.9686 39
      vertex 7.8333 68.7461 39
    endloop
  endfacet
  facet normal -0 0 1
    outer loop
      vertex 6.49993 70.7416 39
      vertex 7.8333 68.7461 39
      vertex 6.87872 70.9686 39
    endloop
  endfacet
  facet normal 0 0 1
    outer loop
      vertex 7.8333 68.7461 39
      vertex 6.49993 70.7416 39
      vertex 7.66777 68.6233 39
    endloop
  endfacet
  facet normal -0 0 1
    outer loop
      vertex 6.14523 70.4785 39
      vertex 7.66777 68.6233 39
      vertex 6.49993 70.7416 39
    endloop
  endfacet
  facet normal 0 0 1
    outer loop
      vertex 7.66777 68.6233 39
      vertex 6.14523 70.4785 39
      vertex 7.51508 68.4849 39
    endloop
  endfacet
  facet normal -0 0 1
    outer loop
      vertex 5.81802 70.182 39
      vertex 7.51508 68.4849 39
      vertex 6.14523 70.4785 39
    endloop
  endfacet
  facet normal 0 0 1
    outer loop
      vertex 7.51508 68.4849 39
      vertex 5.81802 70.182 39
      vertex 7.37668 68.3322 39
    endloop
  endfacet
  facet normal -0 0 1
    outer loop
      vertex 5.52145 69.8548 39
      vertex 7.37668 68.3322 39
      vertex 5.81802 70.182 39
    endloop
  endfacet
  facet normal 0 0 1
    outer loop
      vertex 7.37668 68.3322 39
      vertex 5.52145 69.8548 39
      vertex 7.25391 68.1667 39
    endloop
  endfacet
  facet normal 0 0 1
    outer loop
      vertex 7.25391 68.1667 39
      vertex 5.25839 69.5001 39
      vertex 7.14797 67.9899 39
    endloop
  endfacet
  facet normal -0 0 1
    outer loop
      vertex 5.25839 69.5001 39
      vertex 7.25391 68.1667 39
      vertex 5.52145 69.8548 39
    endloop
  endfacet
  facet normal -0 0 1
    outer loop
      vertex 10.7461 65.8333 39
      vertex 12.7416 64.4999 39
      vertex 10.852 66.0101 39
    endloop
  endfacet
  facet normal 0 0 1
    outer loop
      vertex 12.7416 64.4999 39
      vertex 10.7461 65.8333 39
      vertex 12.4785 64.1452 39
    endloop
  endfacet
  facet normal -0 0 1
    outer loop
      vertex 10.6233 65.6678 39
      vertex 12.4785 64.1452 39
      vertex 10.7461 65.8333 39
    endloop
  endfacet
  facet normal 0 0 1
    outer loop
      vertex 12.4785 64.1452 39
      vertex 10.6233 65.6678 39
      vertex 12.182 63.818 39
    endloop
  endfacet
  facet normal -0 0 1
    outer loop
      vertex 10.4849 65.5151 39
      vertex 12.182 63.818 39
      vertex 10.6233 65.6678 39
    endloop
  endfacet
  facet normal 0 0 1
    outer loop
      vertex 12.182 63.818 39
      vertex 10.4849 65.5151 39
      vertex 11.8548 63.5215 39
    endloop
  endfacet
  facet normal -0 0 1
    outer loop
      vertex 10.3322 65.3767 39
      vertex 11.8548 63.5215 39
      vertex 10.4849 65.5151 39
    endloop
  endfacet
  facet normal 0 0 1
    outer loop
      vertex 11.8548 63.5215 39
      vertex 10.3322 65.3767 39
      vertex 11.5001 63.2584 39
    endloop
  endfacet
  facet normal -0 0 1
    outer loop
      vertex 10.1667 65.2539 39
      vertex 11.5001 63.2584 39
      vertex 10.3322 65.3767 39
    endloop
  endfacet
  facet normal 0 0 1
    outer loop
      vertex 11.5001 63.2584 39
      vertex 10.1667 65.2539 39
      vertex 11.1213 63.0314 39
    endloop
  endfacet
  facet normal -0 0 1
    outer loop
      vertex 9.98993 65.148 39
      vertex 11.1213 63.0314 39
      vertex 10.1667 65.2539 39
    endloop
  endfacet
  facet normal 0 0 1
    outer loop
      vertex 11.1213 63.0314 39
      vertex 9.98993 65.148 39
      vertex 10.7221 62.8425 39
    endloop
  endfacet
  facet normal -0 0 1
    outer loop
      vertex 9.80363 65.0599 39
      vertex 10.7221 62.8425 39
      vertex 9.98993 65.148 39
    endloop
  endfacet
  facet normal 0 0 1
    outer loop
      vertex 10.7221 62.8425 39
      vertex 9.80363 65.0599 39
      vertex 10.3063 62.6938 39
    endloop
  endfacet
  facet normal -0 0 1
    outer loop
      vertex 9.6096 64.9904 39
      vertex 10.3063 62.6938 39
      vertex 9.80363 65.0599 39
    endloop
  endfacet
  facet normal 0 0 1
    outer loop
      vertex 10.3063 62.6938 39
      vertex 9.6096 64.9904 39
      vertex 9.87791 62.5865 39
    endloop
  endfacet
  facet normal -0 0 1
    outer loop
      vertex 9.40969 64.9404 39
      vertex 9.87791 62.5865 39
      vertex 9.6096 64.9904 39
    endloop
  endfacet
  facet normal 0 0 1
    outer loop
      vertex 9.87791 62.5865 39
      vertex 9.40969 64.9404 39
      vertex 9.44108 62.5217 39
    endloop
  endfacet
  facet normal -0 0 1
    outer loop
      vertex 9.20584 64.9101 39
      vertex 9.44108 62.5217 39
      vertex 9.40969 64.9404 39
    endloop
  endfacet
  facet normal -0 0 1
    outer loop
      vertex 9 64.9 39
      vertex 9.44108 62.5217 39
      vertex 9.20584 64.9101 39
    endloop
  endfacet
  facet normal 0 0 1
    outer loop
      vertex 9 64.9 39
      vertex 9 62.5 39
      vertex 9.44108 62.5217 39
    endloop
  endfacet
  facet normal 0 0 1
    outer loop
      vertex 8.79416 64.9101 39
      vertex 9 62.5 39
      vertex 9 64.9 39
    endloop
  endfacet
  facet normal 0 0 1
    outer loop
      vertex 8.55892 62.5217 39
      vertex 8.79416 64.9101 39
      vertex 8.59031 64.9404 39
    endloop
  endfacet
  facet normal 0 0 1
    outer loop
      vertex 8.79416 64.9101 39
      vertex 8.55892 62.5217 39
      vertex 9 62.5 39
    endloop
  endfacet
  facet normal 0 0 1
    outer loop
      vertex 8.12209 62.5865 39
      vertex 8.59031 64.9404 39
      vertex 8.3904 64.9904 39
    endloop
  endfacet
  facet normal 0 0 1
    outer loop
      vertex 7.69372 62.6938 39
      vertex 8.3904 64.9904 39
      vertex 8.19637 65.0599 39
    endloop
  endfacet
  facet normal 0 0 1
    outer loop
      vertex 8.59031 64.9404 39
      vertex 8.12209 62.5865 39
      vertex 8.55892 62.5217 39
    endloop
  endfacet
  facet normal 0 0 1
    outer loop
      vertex 7.27793 62.8425 39
      vertex 8.19637 65.0599 39
      vertex 8.01007 65.148 39
    endloop
  endfacet
  facet normal 0 0 1
    outer loop
      vertex 6.87872 63.0314 39
      vertex 8.01007 65.148 39
      vertex 7.8333 65.2539 39
    endloop
  endfacet
  facet normal 0 0 1
    outer loop
      vertex 8.3904 64.9904 39
      vertex 7.69372 62.6938 39
      vertex 8.12209 62.5865 39
    endloop
  endfacet
  facet normal 0 0 1
    outer loop
      vertex 6.49993 63.2584 39
      vertex 7.8333 65.2539 39
      vertex 7.66777 65.3767 39
    endloop
  endfacet
  facet normal 0 0 1
    outer loop
      vertex 6.14523 63.5215 39
      vertex 7.66777 65.3767 39
      vertex 7.51508 65.5151 39
    endloop
  endfacet
  facet normal 0 0 1
    outer loop
      vertex 5.81802 63.818 39
      vertex 7.51508 65.5151 39
      vertex 7.37668 65.6678 39
    endloop
  endfacet
  facet normal 0 0 1
    outer loop
      vertex 8.19637 65.0599 39
      vertex 7.27793 62.8425 39
      vertex 7.69372 62.6938 39
    endloop
  endfacet
  facet normal 0 0 1
    outer loop
      vertex 5.52145 64.1452 39
      vertex 7.37668 65.6678 39
      vertex 7.25391 65.8333 39
    endloop
  endfacet
  facet normal 0 0 1
    outer loop
      vertex 5.25839 64.4999 39
      vertex 7.25391 65.8333 39
      vertex 7.14797 66.0101 39
    endloop
  endfacet
  facet normal 0 0 1
    outer loop
      vertex 5.03135 64.8787 39
      vertex 7.14797 66.0101 39
      vertex 7.05985 66.1964 39
    endloop
  endfacet
  facet normal 0 0 1
    outer loop
      vertex 4.84254 65.2779 39
      vertex 7.05985 66.1964 39
      vertex 6.99043 66.3904 39
    endloop
  endfacet
  facet normal 0 0 1
    outer loop
      vertex 4.69377 65.6937 39
      vertex 6.99043 66.3904 39
      vertex 6.94035 66.5903 39
    endloop
  endfacet
  facet normal 0 0 1
    outer loop
      vertex 4.58647 66.1221 39
      vertex 6.94035 66.5903 39
      vertex 6.91011 66.7942 39
    endloop
  endfacet
  facet normal 0 0 1
    outer loop
      vertex 8.01007 65.148 39
      vertex 6.87872 63.0314 39
      vertex 7.27793 62.8425 39
    endloop
  endfacet
  facet normal 0 0 1
    outer loop
      vertex 4.52167 66.5589 39
      vertex 6.91011 66.7942 39
      vertex 6.9 67 39
    endloop
  endfacet
  facet normal -0 0 1
    outer loop
      vertex 5.03135 69.1213 39
      vertex 7.14797 67.9899 39
      vertex 5.25839 69.5001 39
    endloop
  endfacet
  facet normal 0 0 1
    outer loop
      vertex 7.14797 67.9899 39
      vertex 5.03135 69.1213 39
      vertex 7.05985 67.8036 39
    endloop
  endfacet
  facet normal 0 0 1
    outer loop
      vertex 7.8333 65.2539 39
      vertex 6.49993 63.2584 39
      vertex 6.87872 63.0314 39
    endloop
  endfacet
  facet normal -0 0 1
    outer loop
      vertex 4.84254 68.7221 39
      vertex 7.05985 67.8036 39
      vertex 5.03135 69.1213 39
    endloop
  endfacet
  facet normal 0 0 1
    outer loop
      vertex 7.66777 65.3767 39
      vertex 6.14523 63.5215 39
      vertex 6.49993 63.2584 39
    endloop
  endfacet
  facet normal 0 0 1
    outer loop
      vertex 7.05985 67.8036 39
      vertex 4.84254 68.7221 39
      vertex 6.99043 67.6096 39
    endloop
  endfacet
  facet normal 0 0 1
    outer loop
      vertex 7.51508 65.5151 39
      vertex 5.81802 63.818 39
      vertex 6.14523 63.5215 39
    endloop
  endfacet
  facet normal -0 0 1
    outer loop
      vertex 4.69377 68.3063 39
      vertex 6.99043 67.6096 39
      vertex 4.84254 68.7221 39
    endloop
  endfacet
  facet normal 0 0 1
    outer loop
      vertex 7.37668 65.6678 39
      vertex 5.52145 64.1452 39
      vertex 5.81802 63.818 39
    endloop
  endfacet
  facet normal 0 0 1
    outer loop
      vertex 6.99043 67.6096 39
      vertex 4.69377 68.3063 39
      vertex 6.94035 67.4097 39
    endloop
  endfacet
  facet normal 0 0 1
    outer loop
      vertex 7.25391 65.8333 39
      vertex 5.25839 64.4999 39
      vertex 5.52145 64.1452 39
    endloop
  endfacet
  facet normal -0 0 1
    outer loop
      vertex 4.58647 67.8779 39
      vertex 6.94035 67.4097 39
      vertex 4.69377 68.3063 39
    endloop
  endfacet
  facet normal 0 0 1
    outer loop
      vertex 7.14797 66.0101 39
      vertex 5.03135 64.8787 39
      vertex 5.25839 64.4999 39
    endloop
  endfacet
  facet normal 0 0 1
    outer loop
      vertex 6.94035 67.4097 39
      vertex 4.58647 67.8779 39
      vertex 6.91011 67.2058 39
    endloop
  endfacet
  facet normal 0 0 1
    outer loop
      vertex 7.05985 66.1964 39
      vertex 4.84254 65.2779 39
      vertex 5.03135 64.8787 39
    endloop
  endfacet
  facet normal -0 0 1
    outer loop
      vertex 4.52167 67.4411 39
      vertex 6.91011 67.2058 39
      vertex 4.58647 67.8779 39
    endloop
  endfacet
  facet normal 0 0 1
    outer loop
      vertex 6.99043 66.3904 39
      vertex 4.69377 65.6937 39
      vertex 4.84254 65.2779 39
    endloop
  endfacet
  facet normal 0 0 1
    outer loop
      vertex 6.91011 67.2058 39
      vertex 4.52167 67.4411 39
      vertex 6.9 67 39
    endloop
  endfacet
  facet normal 0 0 1
    outer loop
      vertex 6.94035 66.5903 39
      vertex 4.58647 66.1221 39
      vertex 4.69377 65.6937 39
    endloop
  endfacet
  facet normal 0 0 1
    outer loop
      vertex 4.5 67 39
      vertex 6.9 67 39
      vertex 4.52167 67.4411 39
    endloop
  endfacet
  facet normal 0 0 1
    outer loop
      vertex 6.91011 66.7942 39
      vertex 4.52167 66.5589 39
      vertex 4.58647 66.1221 39
    endloop
  endfacet
  facet normal 0 0 1
    outer loop
      vertex 6.9 67 39
      vertex 4.5 67 39
      vertex 4.52167 66.5589 39
    endloop
  endfacet
  facet normal -0.989138 -0.146988 0
    outer loop
      vertex 11.0899 67.2058 33.5
      vertex 11.0596 67.4097 39
      vertex 11.0596 67.4097 33.5
    endloop
  endfacet
  facet normal -0.989138 -0.146988 0
    outer loop
      vertex 11.0596 67.4097 39
      vertex 11.0899 67.2058 33.5
      vertex 11.0899 67.2058 39
    endloop
  endfacet
  facet normal -0.998798 -0.0490178 0
    outer loop
      vertex 11.1 67 33.5
      vertex 11.0899 67.2058 39
      vertex 11.0899 67.2058 33.5
    endloop
  endfacet
  facet normal -0.998798 -0.0490178 0
    outer loop
      vertex 11.0899 67.2058 39
      vertex 11.1 67 33.5
      vertex 11.1 67 39
    endloop
  endfacet
  facet normal -0.970114 -0.24265 0
    outer loop
      vertex 11.0596 67.4097 33.5
      vertex 11.0096 67.6096 39
      vertex 11.0096 67.6096 33.5
    endloop
  endfacet
  facet normal -0.970114 -0.24265 0
    outer loop
      vertex 11.0096 67.6096 39
      vertex 11.0596 67.4097 33.5
      vertex 11.0596 67.4097 39
    endloop
  endfacet
  facet normal -0.998798 0.0490178 0
    outer loop
      vertex 11.0899 66.7942 33.5
      vertex 11.1 67 39
      vertex 11.1 67 33.5
    endloop
  endfacet
  facet normal -0.998798 0.0490178 0
    outer loop
      vertex 11.1 67 39
      vertex 11.0899 66.7942 33.5
      vertex 11.0899 66.7942 39
    endloop
  endfacet
  facet normal -0.337212 0.941429 0
    outer loop
      vertex 9.80363 65.0599 33.5
      vertex 9.6096 64.9904 39
      vertex 9.80363 65.0599 39
    endloop
  endfacet
  facet normal -0.337212 0.941429 0
    outer loop
      vertex 9.6096 64.9904 39
      vertex 9.80363 65.0599 33.5
      vertex 9.6096 64.9904 33.5
    endloop
  endfacet
  facet normal 0.427502 0.904014 -0
    outer loop
      vertex 8.19637 65.0599 33.5
      vertex 8.01007 65.148 39
      vertex 8.19637 65.0599 39
    endloop
  endfacet
  facet normal 0.427502 0.904014 0
    outer loop
      vertex 8.01007 65.148 39
      vertex 8.19637 65.0599 33.5
      vertex 8.01007 65.148 33.5
    endloop
  endfacet
  facet normal 0.989181 0.146703 0
    outer loop
      vertex 6.94035 66.5903 39
      vertex 6.91011 66.7942 33.5
      vertex 6.91011 66.7942 39
    endloop
  endfacet
  facet normal 0.989181 0.146703 0
    outer loop
      vertex 6.91011 66.7942 33.5
      vertex 6.94035 66.5903 39
      vertex 6.94035 66.5903 33.5
    endloop
  endfacet
  facet normal 0.671585 -0.740927 0
    outer loop
      vertex 7.51508 68.4849 33.5
      vertex 7.66777 68.6233 39
      vertex 7.51508 68.4849 39
    endloop
  endfacet
  facet normal 0.671585 -0.740927 0
    outer loop
      vertex 7.66777 68.6233 39
      vertex 7.51508 68.4849 33.5
      vertex 7.66777 68.6233 33.5
    endloop
  endfacet
  facet normal 0.242638 0.970117 -0
    outer loop
      vertex 8.59031 64.9404 33.5
      vertex 8.3904 64.9904 39
      vertex 8.59031 64.9404 39
    endloop
  endfacet
  facet normal 0.242638 0.970117 0
    outer loop
      vertex 8.3904 64.9904 39
      vertex 8.59031 64.9404 33.5
      vertex 8.3904 64.9904 33.5
    endloop
  endfacet
  facet normal 0.970022 -0.243015 0
    outer loop
      vertex 6.94035 67.4097 39
      vertex 6.99043 67.6096 33.5
      vertex 6.99043 67.6096 39
    endloop
  endfacet
  facet normal 0.970022 -0.243015 0
    outer loop
      vertex 6.99043 67.6096 33.5
      vertex 6.94035 67.4097 39
      vertex 6.94035 67.4097 33.5
    endloop
  endfacet
  facet normal -0.803076 -0.595877 0
    outer loop
      vertex 10.7461 68.1667 33.5
      vertex 10.6233 68.3322 39
      vertex 10.6233 68.3322 33.5
    endloop
  endfacet
  facet normal -0.803076 -0.595877 0
    outer loop
      vertex 10.6233 68.3322 39
      vertex 10.7461 68.1667 33.5
      vertex 10.7461 68.1667 39
    endloop
  endfacet
  facet normal 0.0490083 -0.998798 0
    outer loop
      vertex 8.79416 69.0899 33.5
      vertex 9 69.1 39
      vertex 8.79416 69.0899 39
    endloop
  endfacet
  facet normal 0.0490083 -0.998798 0
    outer loop
      vertex 9 69.1 39
      vertex 8.79416 69.0899 33.5
      vertex 9 69.1 33.5
    endloop
  endfacet
  facet normal 0.740949 0.671561 0
    outer loop
      vertex 7.51508 65.5151 39
      vertex 7.37668 65.6678 33.5
      vertex 7.37668 65.6678 39
    endloop
  endfacet
  facet normal 0.740949 0.671561 0
    outer loop
      vertex 7.37668 65.6678 33.5
      vertex 7.51508 65.5151 39
      vertex 7.51508 65.5151 33.5
    endloop
  endfacet
  facet normal 0.595808 0.803127 -0
    outer loop
      vertex 7.8333 65.2539 33.5
      vertex 7.66777 65.3767 39
      vertex 7.8333 65.2539 39
    endloop
  endfacet
  facet normal 0.595808 0.803127 0
    outer loop
      vertex 7.66777 65.3767 39
      vertex 7.8333 65.2539 33.5
      vertex 7.66777 65.3767 33.5
    endloop
  endfacet
  facet normal 0.513918 0.85784 -0
    outer loop
      vertex 8.01007 65.148 33.5
      vertex 7.8333 65.2539 39
      vertex 8.01007 65.148 39
    endloop
  endfacet
  facet normal 0.513918 0.85784 0
    outer loop
      vertex 7.8333 65.2539 39
      vertex 8.01007 65.148 33.5
      vertex 7.8333 65.2539 33.5
    endloop
  endfacet
  facet normal -0.0490083 -0.998798 0
    outer loop
      vertex 9 69.1 33.5
      vertex 9.20584 69.0899 39
      vertex 9 69.1 39
    endloop
  endfacet
  facet normal -0.0490083 -0.998798 -0
    outer loop
      vertex 9.20584 69.0899 39
      vertex 9 69.1 33.5
      vertex 9.20584 69.0899 33.5
    endloop
  endfacet
  facet normal 0.803145 0.595783 0
    outer loop
      vertex 7.37668 65.6678 39
      vertex 7.25391 65.8333 33.5
      vertex 7.25391 65.8333 39
    endloop
  endfacet
  facet normal 0.803145 0.595783 0
    outer loop
      vertex 7.25391 65.8333 33.5
      vertex 7.37668 65.6678 39
      vertex 7.37668 65.6678 33.5
    endloop
  endfacet
  facet normal -0.989138 0.146988 0
    outer loop
      vertex 11.0596 66.5903 33.5
      vertex 11.0899 66.7942 39
      vertex 11.0899 66.7942 33.5
    endloop
  endfacet
  facet normal -0.989138 0.146988 0
    outer loop
      vertex 11.0899 66.7942 39
      vertex 11.0596 66.5903 33.5
      vertex 11.0596 66.5903 39
    endloop
  endfacet
  facet normal 0.740949 -0.671561 0
    outer loop
      vertex 7.37668 68.3322 39
      vertex 7.51508 68.4849 33.5
      vertex 7.51508 68.4849 39
    endloop
  endfacet
  facet normal 0.740949 -0.671561 0
    outer loop
      vertex 7.51508 68.4849 33.5
      vertex 7.37668 68.3322 39
      vertex 7.37668 68.3322 33.5
    endloop
  endfacet
  facet normal -0.941412 0.337258 0
    outer loop
      vertex 10.9401 66.1964 33.5
      vertex 11.0096 66.3904 39
      vertex 11.0096 66.3904 33.5
    endloop
  endfacet
  facet normal -0.941412 0.337258 0
    outer loop
      vertex 11.0096 66.3904 39
      vertex 10.9401 66.1964 33.5
      vertex 10.9401 66.1964 39
    endloop
  endfacet
  facet normal 0.337212 -0.941429 0
    outer loop
      vertex 8.19637 68.9401 33.5
      vertex 8.3904 69.0096 39
      vertex 8.19637 68.9401 39
    endloop
  endfacet
  facet normal 0.337212 -0.941429 0
    outer loop
      vertex 8.3904 69.0096 39
      vertex 8.19637 68.9401 33.5
      vertex 8.3904 69.0096 33.5
    endloop
  endfacet
  facet normal -0.941412 -0.337258 0
    outer loop
      vertex 11.0096 67.6096 33.5
      vertex 10.9401 67.8036 39
      vertex 10.9401 67.8036 33.5
    endloop
  endfacet
  facet normal -0.941412 -0.337258 0
    outer loop
      vertex 10.9401 67.8036 39
      vertex 11.0096 67.6096 33.5
      vertex 11.0096 67.6096 39
    endloop
  endfacet
  facet normal 0.903977 -0.427582 0
    outer loop
      vertex 7.05985 67.8036 39
      vertex 7.14797 67.9899 33.5
      vertex 7.14797 67.9899 39
    endloop
  endfacet
  facet normal 0.903977 -0.427582 0
    outer loop
      vertex 7.14797 67.9899 33.5
      vertex 7.05985 67.8036 39
      vertex 7.05985 67.8036 33.5
    endloop
  endfacet
  facet normal -0.970114 0.24265 0
    outer loop
      vertex 11.0096 66.3904 33.5
      vertex 11.0596 66.5903 39
      vertex 11.0596 66.5903 33.5
    endloop
  endfacet
  facet normal -0.970114 0.24265 0
    outer loop
      vertex 11.0596 66.5903 39
      vertex 11.0096 66.3904 33.5
      vertex 11.0096 66.3904 39
    endloop
  endfacet
  facet normal -0.0490083 0.998798 0
    outer loop
      vertex 9.20584 64.9101 33.5
      vertex 9 64.9 39
      vertex 9.20584 64.9101 39
    endloop
  endfacet
  facet normal -0.0490083 0.998798 0
    outer loop
      vertex 9 64.9 39
      vertex 9.20584 64.9101 33.5
      vertex 9 64.9 33.5
    endloop
  endfacet
  facet normal -0.904014 -0.427502 0
    outer loop
      vertex 10.9401 67.8036 33.5
      vertex 10.852 67.9899 39
      vertex 10.852 67.9899 33.5
    endloop
  endfacet
  facet normal -0.904014 -0.427502 0
    outer loop
      vertex 10.852 67.9899 39
      vertex 10.9401 67.8036 33.5
      vertex 10.9401 67.8036 39
    endloop
  endfacet
  facet normal 0.941535 0.336914 0
    outer loop
      vertex 7.05985 66.1964 39
      vertex 6.99043 66.3904 33.5
      vertex 6.99043 66.3904 39
    endloop
  endfacet
  facet normal 0.941535 0.336914 0
    outer loop
      vertex 6.99043 66.3904 33.5
      vertex 7.05985 66.1964 39
      vertex 7.05985 66.1964 33.5
    endloop
  endfacet
  facet normal -0.427502 0.904014 0
    outer loop
      vertex 9.98993 65.148 33.5
      vertex 9.80363 65.0599 39
      vertex 9.98993 65.148 39
    endloop
  endfacet
  facet normal -0.427502 0.904014 0
    outer loop
      vertex 9.80363 65.0599 39
      vertex 9.98993 65.148 33.5
      vertex 9.80363 65.0599 33.5
    endloop
  endfacet
  facet normal -0.427502 -0.904014 0
    outer loop
      vertex 9.80363 68.9401 33.5
      vertex 9.98993 68.852 39
      vertex 9.80363 68.9401 39
    endloop
  endfacet
  facet normal -0.427502 -0.904014 -0
    outer loop
      vertex 9.98993 68.852 39
      vertex 9.80363 68.9401 33.5
      vertex 9.98993 68.852 33.5
    endloop
  endfacet
  facet normal 0.427502 -0.904014 0
    outer loop
      vertex 8.01007 68.852 33.5
      vertex 8.19637 68.9401 39
      vertex 8.01007 68.852 39
    endloop
  endfacet
  facet normal 0.427502 -0.904014 0
    outer loop
      vertex 8.19637 68.9401 39
      vertex 8.01007 68.852 33.5
      vertex 8.19637 68.9401 33.5
    endloop
  endfacet
  facet normal -0.595877 0.803076 0
    outer loop
      vertex 10.3322 65.3767 33.5
      vertex 10.1667 65.2539 39
      vertex 10.3322 65.3767 39
    endloop
  endfacet
  facet normal -0.595877 0.803076 0
    outer loop
      vertex 10.1667 65.2539 39
      vertex 10.3322 65.3767 33.5
      vertex 10.1667 65.2539 33.5
    endloop
  endfacet
  facet normal -0.740949 0.671561 0
    outer loop
      vertex 10.4849 65.5151 33.5
      vertex 10.6233 65.6678 39
      vertex 10.6233 65.6678 33.5
    endloop
  endfacet
  facet normal -0.740949 0.671561 0
    outer loop
      vertex 10.6233 65.6678 39
      vertex 10.4849 65.5151 33.5
      vertex 10.4849 65.5151 39
    endloop
  endfacet
  facet normal 0.903977 0.427582 0
    outer loop
      vertex 7.14797 66.0101 39
      vertex 7.05985 66.1964 33.5
      vertex 7.05985 66.1964 39
    endloop
  endfacet
  facet normal 0.903977 0.427582 0
    outer loop
      vertex 7.05985 66.1964 33.5
      vertex 7.14797 66.0101 39
      vertex 7.14797 66.0101 33.5
    endloop
  endfacet
  facet normal -0.147023 0.989133 0
    outer loop
      vertex 9.40969 64.9404 33.5
      vertex 9.20584 64.9101 39
      vertex 9.40969 64.9404 39
    endloop
  endfacet
  facet normal -0.147023 0.989133 0
    outer loop
      vertex 9.20584 64.9101 39
      vertex 9.40969 64.9404 33.5
      vertex 9.20584 64.9101 33.5
    endloop
  endfacet
  facet normal -0.242638 -0.970117 0
    outer loop
      vertex 9.40969 69.0596 33.5
      vertex 9.6096 69.0096 39
      vertex 9.40969 69.0596 39
    endloop
  endfacet
  facet normal -0.242638 -0.970117 -0
    outer loop
      vertex 9.6096 69.0096 39
      vertex 9.40969 69.0596 33.5
      vertex 9.6096 69.0096 33.5
    endloop
  endfacet
  facet normal -0.671561 -0.740949 0
    outer loop
      vertex 10.3322 68.6233 33.5
      vertex 10.4849 68.4849 39
      vertex 10.3322 68.6233 39
    endloop
  endfacet
  facet normal -0.671561 -0.740949 -0
    outer loop
      vertex 10.4849 68.4849 39
      vertex 10.3322 68.6233 33.5
      vertex 10.4849 68.4849 33.5
    endloop
  endfacet
  facet normal 0.989181 -0.146703 0
    outer loop
      vertex 6.91011 67.2058 39
      vertex 6.94035 67.4097 33.5
      vertex 6.94035 67.4097 39
    endloop
  endfacet
  facet normal 0.989181 -0.146703 0
    outer loop
      vertex 6.94035 67.4097 33.5
      vertex 6.91011 67.2058 39
      vertex 6.91011 67.2058 33.5
    endloop
  endfacet
  facet normal -0.595877 -0.803076 0
    outer loop
      vertex 10.1667 68.7461 33.5
      vertex 10.3322 68.6233 39
      vertex 10.1667 68.7461 39
    endloop
  endfacet
  facet normal -0.595877 -0.803076 -0
    outer loop
      vertex 10.3322 68.6233 39
      vertex 10.1667 68.7461 33.5
      vertex 10.3322 68.6233 33.5
    endloop
  endfacet
  facet normal -0.513918 -0.85784 0
    outer loop
      vertex 9.98993 68.852 33.5
      vertex 10.1667 68.7461 39
      vertex 9.98993 68.852 39
    endloop
  endfacet
  facet normal -0.513918 -0.85784 -0
    outer loop
      vertex 10.1667 68.7461 39
      vertex 9.98993 68.852 33.5
      vertex 10.1667 68.7461 33.5
    endloop
  endfacet
  facet normal -0.803076 0.595877 0
    outer loop
      vertex 10.6233 65.6678 33.5
      vertex 10.7461 65.8333 39
      vertex 10.7461 65.8333 33.5
    endloop
  endfacet
  facet normal -0.803076 0.595877 0
    outer loop
      vertex 10.7461 65.8333 39
      vertex 10.6233 65.6678 33.5
      vertex 10.6233 65.6678 39
    endloop
  endfacet
  facet normal -0.337212 -0.941429 0
    outer loop
      vertex 9.6096 69.0096 33.5
      vertex 9.80363 68.9401 39
      vertex 9.6096 69.0096 39
    endloop
  endfacet
  facet normal -0.337212 -0.941429 -0
    outer loop
      vertex 9.80363 68.9401 39
      vertex 9.6096 69.0096 33.5
      vertex 9.80363 68.9401 33.5
    endloop
  endfacet
  facet normal -0.242638 0.970117 0
    outer loop
      vertex 9.6096 64.9904 33.5
      vertex 9.40969 64.9404 39
      vertex 9.6096 64.9904 39
    endloop
  endfacet
  facet normal -0.242638 0.970117 0
    outer loop
      vertex 9.40969 64.9404 39
      vertex 9.6096 64.9904 33.5
      vertex 9.40969 64.9404 33.5
    endloop
  endfacet
  facet normal -0.740949 -0.671561 0
    outer loop
      vertex 10.6233 68.3322 33.5
      vertex 10.4849 68.4849 39
      vertex 10.4849 68.4849 33.5
    endloop
  endfacet
  facet normal -0.740949 -0.671561 0
    outer loop
      vertex 10.4849 68.4849 39
      vertex 10.6233 68.3322 33.5
      vertex 10.6233 68.3322 39
    endloop
  endfacet
  facet normal -0.857878 -0.513853 0
    outer loop
      vertex 10.852 67.9899 33.5
      vertex 10.7461 68.1667 39
      vertex 10.7461 68.1667 33.5
    endloop
  endfacet
  facet normal -0.857878 -0.513853 0
    outer loop
      vertex 10.7461 68.1667 39
      vertex 10.852 67.9899 33.5
      vertex 10.852 67.9899 39
    endloop
  endfacet
  facet normal 0.671585 0.740927 -0
    outer loop
      vertex 7.66777 65.3767 33.5
      vertex 7.51508 65.5151 39
      vertex 7.66777 65.3767 39
    endloop
  endfacet
  facet normal 0.671585 0.740927 0
    outer loop
      vertex 7.51508 65.5151 39
      vertex 7.66777 65.3767 33.5
      vertex 7.51508 65.5151 33.5
    endloop
  endfacet
  facet normal 0.513918 -0.85784 0
    outer loop
      vertex 7.8333 68.7461 33.5
      vertex 8.01007 68.852 39
      vertex 7.8333 68.7461 39
    endloop
  endfacet
  facet normal 0.513918 -0.85784 0
    outer loop
      vertex 8.01007 68.852 39
      vertex 7.8333 68.7461 33.5
      vertex 8.01007 68.852 33.5
    endloop
  endfacet
  facet normal 0.242638 -0.970117 0
    outer loop
      vertex 8.3904 69.0096 33.5
      vertex 8.59031 69.0596 39
      vertex 8.3904 69.0096 39
    endloop
  endfacet
  facet normal 0.242638 -0.970117 0
    outer loop
      vertex 8.59031 69.0596 39
      vertex 8.3904 69.0096 33.5
      vertex 8.59031 69.0596 33.5
    endloop
  endfacet
  facet normal 0 0 1
    outer loop
      vertex 11.0899 67.2058 33.5
      vertex 11.0899 66.7942 33.5
      vertex 11.1 67 33.5
    endloop
  endfacet
  facet normal 0 0 1
    outer loop
      vertex 11.0596 67.4097 33.5
      vertex 11.0899 66.7942 33.5
      vertex 11.0899 67.2058 33.5
    endloop
  endfacet
  facet normal 0 0 1
    outer loop
      vertex 11.0596 67.4097 33.5
      vertex 11.0596 66.5903 33.5
      vertex 11.0899 66.7942 33.5
    endloop
  endfacet
  facet normal 0 0 1
    outer loop
      vertex 11.0096 67.6096 33.5
      vertex 11.0596 66.5903 33.5
      vertex 11.0596 67.4097 33.5
    endloop
  endfacet
  facet normal 0 0 1
    outer loop
      vertex 11.0096 67.6096 33.5
      vertex 11.0096 66.3904 33.5
      vertex 11.0596 66.5903 33.5
    endloop
  endfacet
  facet normal 0 0 1
    outer loop
      vertex 10.9401 67.8036 33.5
      vertex 11.0096 66.3904 33.5
      vertex 11.0096 67.6096 33.5
    endloop
  endfacet
  facet normal 0 0 1
    outer loop
      vertex 10.9401 67.8036 33.5
      vertex 10.9401 66.1964 33.5
      vertex 11.0096 66.3904 33.5
    endloop
  endfacet
  facet normal 0 0 1
    outer loop
      vertex 10.852 67.9899 33.5
      vertex 10.9401 66.1964 33.5
      vertex 10.9401 67.8036 33.5
    endloop
  endfacet
  facet normal 0 0 1
    outer loop
      vertex 10.852 67.9899 33.5
      vertex 10.852 66.0101 33.5
      vertex 10.9401 66.1964 33.5
    endloop
  endfacet
  facet normal 0 0 1
    outer loop
      vertex 10.7461 68.1667 33.5
      vertex 10.852 66.0101 33.5
      vertex 10.852 67.9899 33.5
    endloop
  endfacet
  facet normal 0 0 1
    outer loop
      vertex 10.7461 68.1667 33.5
      vertex 10.7461 65.8333 33.5
      vertex 10.852 66.0101 33.5
    endloop
  endfacet
  facet normal 0 0 1
    outer loop
      vertex 10.6233 68.3322 33.5
      vertex 10.7461 65.8333 33.5
      vertex 10.7461 68.1667 33.5
    endloop
  endfacet
  facet normal 0 0 1
    outer loop
      vertex 10.6233 68.3322 33.5
      vertex 10.6233 65.6678 33.5
      vertex 10.7461 65.8333 33.5
    endloop
  endfacet
  facet normal 0 0 1
    outer loop
      vertex 10.4849 68.4849 33.5
      vertex 10.6233 65.6678 33.5
      vertex 10.6233 68.3322 33.5
    endloop
  endfacet
  facet normal 0 0 1
    outer loop
      vertex 10.4849 68.4849 33.5
      vertex 10.4849 65.5151 33.5
      vertex 10.6233 65.6678 33.5
    endloop
  endfacet
  facet normal 0 0 1
    outer loop
      vertex 10.3322 68.6233 33.5
      vertex 10.4849 65.5151 33.5
      vertex 10.4849 68.4849 33.5
    endloop
  endfacet
  facet normal 0 0 1
    outer loop
      vertex 10.3322 68.6233 33.5
      vertex 10.3322 65.3767 33.5
      vertex 10.4849 65.5151 33.5
    endloop
  endfacet
  facet normal 0 0 1
    outer loop
      vertex 10.1667 68.7461 33.5
      vertex 10.3322 65.3767 33.5
      vertex 10.3322 68.6233 33.5
    endloop
  endfacet
  facet normal 0 0 1
    outer loop
      vertex 10.1667 68.7461 33.5
      vertex 10.1667 65.2539 33.5
      vertex 10.3322 65.3767 33.5
    endloop
  endfacet
  facet normal 0 0 1
    outer loop
      vertex 9.98993 68.852 33.5
      vertex 10.1667 65.2539 33.5
      vertex 10.1667 68.7461 33.5
    endloop
  endfacet
  facet normal 0 0 1
    outer loop
      vertex 9.98993 68.852 33.5
      vertex 9.98993 65.148 33.5
      vertex 10.1667 65.2539 33.5
    endloop
  endfacet
  facet normal 0 0 1
    outer loop
      vertex 9.80363 68.9401 33.5
      vertex 9.98993 65.148 33.5
      vertex 9.98993 68.852 33.5
    endloop
  endfacet
  facet normal 0 0 1
    outer loop
      vertex 9.80363 68.9401 33.5
      vertex 9.80363 65.0599 33.5
      vertex 9.98993 65.148 33.5
    endloop
  endfacet
  facet normal 0 0 1
    outer loop
      vertex 9.6096 69.0096 33.5
      vertex 9.80363 65.0599 33.5
      vertex 9.80363 68.9401 33.5
    endloop
  endfacet
  facet normal 0 0 1
    outer loop
      vertex 9.6096 69.0096 33.5
      vertex 9.6096 64.9904 33.5
      vertex 9.80363 65.0599 33.5
    endloop
  endfacet
  facet normal 0 0 1
    outer loop
      vertex 9.40969 69.0596 33.5
      vertex 9.6096 64.9904 33.5
      vertex 9.6096 69.0096 33.5
    endloop
  endfacet
  facet normal 0 0 1
    outer loop
      vertex 9.40969 69.0596 33.5
      vertex 9.40969 64.9404 33.5
      vertex 9.6096 64.9904 33.5
    endloop
  endfacet
  facet normal 0 0 1
    outer loop
      vertex 9.20584 69.0899 33.5
      vertex 9.40969 64.9404 33.5
      vertex 9.40969 69.0596 33.5
    endloop
  endfacet
  facet normal 0 0 1
    outer loop
      vertex 9.20584 69.0899 33.5
      vertex 9.20584 64.9101 33.5
      vertex 9.40969 64.9404 33.5
    endloop
  endfacet
  facet normal 0 0 1
    outer loop
      vertex 9 69.1 33.5
      vertex 9.20584 64.9101 33.5
      vertex 9.20584 69.0899 33.5
    endloop
  endfacet
  facet normal 0 0 1
    outer loop
      vertex 9 69.1 33.5
      vertex 9 64.9 33.5
      vertex 9.20584 64.9101 33.5
    endloop
  endfacet
  facet normal -0 0 1
    outer loop
      vertex 8.79416 69.0899 33.5
      vertex 9 64.9 33.5
      vertex 9 69.1 33.5
    endloop
  endfacet
  facet normal 0 0 1
    outer loop
      vertex 8.79416 69.0899 33.5
      vertex 8.79416 64.9101 33.5
      vertex 9 64.9 33.5
    endloop
  endfacet
  facet normal -0 0 1
    outer loop
      vertex 8.59031 69.0596 33.5
      vertex 8.79416 64.9101 33.5
      vertex 8.79416 69.0899 33.5
    endloop
  endfacet
  facet normal 0 0 1
    outer loop
      vertex 8.59031 69.0596 33.5
      vertex 8.59031 64.9404 33.5
      vertex 8.79416 64.9101 33.5
    endloop
  endfacet
  facet normal -0 0 1
    outer loop
      vertex 8.3904 69.0096 33.5
      vertex 8.59031 64.9404 33.5
      vertex 8.59031 69.0596 33.5
    endloop
  endfacet
  facet normal 0 0 1
    outer loop
      vertex 8.3904 69.0096 33.5
      vertex 8.3904 64.9904 33.5
      vertex 8.59031 64.9404 33.5
    endloop
  endfacet
  facet normal -0 0 1
    outer loop
      vertex 8.19637 68.9401 33.5
      vertex 8.3904 64.9904 33.5
      vertex 8.3904 69.0096 33.5
    endloop
  endfacet
  facet normal 0 0 1
    outer loop
      vertex 8.19637 68.9401 33.5
      vertex 8.19637 65.0599 33.5
      vertex 8.3904 64.9904 33.5
    endloop
  endfacet
  facet normal -0 0 1
    outer loop
      vertex 8.01007 68.852 33.5
      vertex 8.19637 65.0599 33.5
      vertex 8.19637 68.9401 33.5
    endloop
  endfacet
  facet normal 0 0 1
    outer loop
      vertex 8.01007 68.852 33.5
      vertex 8.01007 65.148 33.5
      vertex 8.19637 65.0599 33.5
    endloop
  endfacet
  facet normal -0 0 1
    outer loop
      vertex 7.8333 68.7461 33.5
      vertex 8.01007 65.148 33.5
      vertex 8.01007 68.852 33.5
    endloop
  endfacet
  facet normal 0 0 1
    outer loop
      vertex 7.8333 68.7461 33.5
      vertex 7.8333 65.2539 33.5
      vertex 8.01007 65.148 33.5
    endloop
  endfacet
  facet normal -0 0 1
    outer loop
      vertex 7.66777 68.6233 33.5
      vertex 7.8333 65.2539 33.5
      vertex 7.8333 68.7461 33.5
    endloop
  endfacet
  facet normal 0 0 1
    outer loop
      vertex 7.66777 68.6233 33.5
      vertex 7.66777 65.3767 33.5
      vertex 7.8333 65.2539 33.5
    endloop
  endfacet
  facet normal -0 0 1
    outer loop
      vertex 7.51508 68.4849 33.5
      vertex 7.66777 65.3767 33.5
      vertex 7.66777 68.6233 33.5
    endloop
  endfacet
  facet normal 0 0 1
    outer loop
      vertex 7.51508 68.4849 33.5
      vertex 7.51508 65.5151 33.5
      vertex 7.66777 65.3767 33.5
    endloop
  endfacet
  facet normal -0 0 1
    outer loop
      vertex 7.37668 68.3322 33.5
      vertex 7.51508 65.5151 33.5
      vertex 7.51508 68.4849 33.5
    endloop
  endfacet
  facet normal 0 0 1
    outer loop
      vertex 7.37668 68.3322 33.5
      vertex 7.37668 65.6678 33.5
      vertex 7.51508 65.5151 33.5
    endloop
  endfacet
  facet normal -0 0 1
    outer loop
      vertex 7.25391 68.1667 33.5
      vertex 7.37668 65.6678 33.5
      vertex 7.37668 68.3322 33.5
    endloop
  endfacet
  facet normal 0 0 1
    outer loop
      vertex 7.25391 68.1667 33.5
      vertex 7.25391 65.8333 33.5
      vertex 7.37668 65.6678 33.5
    endloop
  endfacet
  facet normal -0 0 1
    outer loop
      vertex 7.14797 67.9899 33.5
      vertex 7.25391 65.8333 33.5
      vertex 7.25391 68.1667 33.5
    endloop
  endfacet
  facet normal 0 0 1
    outer loop
      vertex 7.14797 67.9899 33.5
      vertex 7.14797 66.0101 33.5
      vertex 7.25391 65.8333 33.5
    endloop
  endfacet
  facet normal -0 0 1
    outer loop
      vertex 7.05985 67.8036 33.5
      vertex 7.14797 66.0101 33.5
      vertex 7.14797 67.9899 33.5
    endloop
  endfacet
  facet normal 0 0 1
    outer loop
      vertex 7.05985 67.8036 33.5
      vertex 7.05985 66.1964 33.5
      vertex 7.14797 66.0101 33.5
    endloop
  endfacet
  facet normal -0 0 1
    outer loop
      vertex 6.99043 67.6096 33.5
      vertex 7.05985 66.1964 33.5
      vertex 7.05985 67.8036 33.5
    endloop
  endfacet
  facet normal 0 0 1
    outer loop
      vertex 6.99043 67.6096 33.5
      vertex 6.99043 66.3904 33.5
      vertex 7.05985 66.1964 33.5
    endloop
  endfacet
  facet normal -0 0 1
    outer loop
      vertex 6.94035 67.4097 33.5
      vertex 6.99043 66.3904 33.5
      vertex 6.99043 67.6096 33.5
    endloop
  endfacet
  facet normal 0 0 1
    outer loop
      vertex 6.94035 67.4097 33.5
      vertex 6.94035 66.5903 33.5
      vertex 6.99043 66.3904 33.5
    endloop
  endfacet
  facet normal -0 0 1
    outer loop
      vertex 6.91011 67.2058 33.5
      vertex 6.94035 66.5903 33.5
      vertex 6.94035 67.4097 33.5
    endloop
  endfacet
  facet normal 0 0 1
    outer loop
      vertex 6.91011 67.2058 33.5
      vertex 6.91011 66.7942 33.5
      vertex 6.94035 66.5903 33.5
    endloop
  endfacet
  facet normal 0 -0 1
    outer loop
      vertex 6.91011 66.7942 33.5
      vertex 6.91011 67.2058 33.5
      vertex 6.9 67 33.5
    endloop
  endfacet
  facet normal 0.147023 -0.989133 0
    outer loop
      vertex 8.59031 69.0596 33.5
      vertex 8.79416 69.0899 39
      vertex 8.59031 69.0596 39
    endloop
  endfacet
  facet normal 0.147023 -0.989133 0
    outer loop
      vertex 8.79416 69.0899 39
      vertex 8.59031 69.0596 33.5
      vertex 8.79416 69.0899 33.5
    endloop
  endfacet
  facet normal 0.998796 -0.0490662 0
    outer loop
      vertex 6.9 67 39
      vertex 6.91011 67.2058 33.5
      vertex 6.91011 67.2058 39
    endloop
  endfacet
  facet normal 0.998796 -0.0490662 0
    outer loop
      vertex 6.91011 67.2058 33.5
      vertex 6.9 67 39
      vertex 6.9 67 33.5
    endloop
  endfacet
  facet normal 0.803145 -0.595783 0
    outer loop
      vertex 7.25391 68.1667 39
      vertex 7.37668 68.3322 33.5
      vertex 7.37668 68.3322 39
    endloop
  endfacet
  facet normal 0.803145 -0.595783 0
    outer loop
      vertex 7.37668 68.3322 33.5
      vertex 7.25391 68.1667 39
      vertex 7.25391 68.1667 33.5
    endloop
  endfacet
  facet normal 0.970022 0.243015 0
    outer loop
      vertex 6.99043 66.3904 39
      vertex 6.94035 66.5903 33.5
      vertex 6.94035 66.5903 39
    endloop
  endfacet
  facet normal 0.970022 0.243015 0
    outer loop
      vertex 6.94035 66.5903 33.5
      vertex 6.99043 66.3904 39
      vertex 6.99043 66.3904 33.5
    endloop
  endfacet
  facet normal -0.857878 0.513853 0
    outer loop
      vertex 10.7461 65.8333 33.5
      vertex 10.852 66.0101 39
      vertex 10.852 66.0101 33.5
    endloop
  endfacet
  facet normal -0.857878 0.513853 0
    outer loop
      vertex 10.852 66.0101 39
      vertex 10.7461 65.8333 33.5
      vertex 10.7461 65.8333 39
    endloop
  endfacet
  facet normal -0.904014 0.427502 0
    outer loop
      vertex 10.852 66.0101 33.5
      vertex 10.9401 66.1964 39
      vertex 10.9401 66.1964 33.5
    endloop
  endfacet
  facet normal -0.904014 0.427502 0
    outer loop
      vertex 10.9401 66.1964 39
      vertex 10.852 66.0101 33.5
      vertex 10.852 66.0101 39
    endloop
  endfacet
  facet normal -0.513918 0.85784 0
    outer loop
      vertex 10.1667 65.2539 33.5
      vertex 9.98993 65.148 39
      vertex 10.1667 65.2539 39
    endloop
  endfacet
  facet normal -0.513918 0.85784 0
    outer loop
      vertex 9.98993 65.148 39
      vertex 10.1667 65.2539 33.5
      vertex 9.98993 65.148 33.5
    endloop
  endfacet
  facet normal 0.941535 -0.336914 0
    outer loop
      vertex 6.99043 67.6096 39
      vertex 7.05985 67.8036 33.5
      vertex 7.05985 67.8036 39
    endloop
  endfacet
  facet normal 0.941535 -0.336914 0
    outer loop
      vertex 7.05985 67.8036 33.5
      vertex 6.99043 67.6096 39
      vertex 6.99043 67.6096 33.5
    endloop
  endfacet
  facet normal 0.0490083 0.998798 -0
    outer loop
      vertex 9 64.9 33.5
      vertex 8.79416 64.9101 39
      vertex 9 64.9 39
    endloop
  endfacet
  facet normal 0.0490083 0.998798 0
    outer loop
      vertex 8.79416 64.9101 39
      vertex 9 64.9 33.5
      vertex 8.79416 64.9101 33.5
    endloop
  endfacet
  facet normal 0.147023 0.989133 -0
    outer loop
      vertex 8.79416 64.9101 33.5
      vertex 8.59031 64.9404 39
      vertex 8.79416 64.9101 39
    endloop
  endfacet
  facet normal 0.147023 0.989133 0
    outer loop
      vertex 8.59031 64.9404 39
      vertex 8.79416 64.9101 33.5
      vertex 8.59031 64.9404 33.5
    endloop
  endfacet
  facet normal 0.595808 -0.803127 0
    outer loop
      vertex 7.66777 68.6233 33.5
      vertex 7.8333 68.7461 39
      vertex 7.66777 68.6233 39
    endloop
  endfacet
  facet normal 0.595808 -0.803127 0
    outer loop
      vertex 7.8333 68.7461 39
      vertex 7.66777 68.6233 33.5
      vertex 7.8333 68.7461 33.5
    endloop
  endfacet
  facet normal -0.671561 0.740949 0
    outer loop
      vertex 10.4849 65.5151 33.5
      vertex 10.3322 65.3767 39
      vertex 10.4849 65.5151 39
    endloop
  endfacet
  facet normal -0.671561 0.740949 0
    outer loop
      vertex 10.3322 65.3767 39
      vertex 10.4849 65.5151 33.5
      vertex 10.3322 65.3767 33.5
    endloop
  endfacet
  facet normal 0.337212 0.941429 -0
    outer loop
      vertex 8.3904 64.9904 33.5
      vertex 8.19637 65.0599 39
      vertex 8.3904 64.9904 39
    endloop
  endfacet
  facet normal 0.337212 0.941429 0
    outer loop
      vertex 8.19637 65.0599 39
      vertex 8.3904 64.9904 33.5
      vertex 8.19637 65.0599 33.5
    endloop
  endfacet
  facet normal -0.147023 -0.989133 0
    outer loop
      vertex 9.20584 69.0899 33.5
      vertex 9.40969 69.0596 39
      vertex 9.20584 69.0899 39
    endloop
  endfacet
  facet normal -0.147023 -0.989133 -0
    outer loop
      vertex 9.40969 69.0596 39
      vertex 9.20584 69.0899 33.5
      vertex 9.40969 69.0596 33.5
    endloop
  endfacet
  facet normal 0.857792 -0.513996 0
    outer loop
      vertex 7.14797 67.9899 39
      vertex 7.25391 68.1667 33.5
      vertex 7.25391 68.1667 39
    endloop
  endfacet
  facet normal 0.857792 -0.513996 0
    outer loop
      vertex 7.25391 68.1667 33.5
      vertex 7.14797 67.9899 39
      vertex 7.14797 67.9899 33.5
    endloop
  endfacet
  facet normal 0.998796 0.0490662 0
    outer loop
      vertex 6.91011 66.7942 39
      vertex 6.9 67 33.5
      vertex 6.9 67 39
    endloop
  endfacet
  facet normal 0.998796 0.0490662 0
    outer loop
      vertex 6.9 67 33.5
      vertex 6.91011 66.7942 39
      vertex 6.91011 66.7942 33.5
    endloop
  endfacet
  facet normal 0.857792 0.513996 0
    outer loop
      vertex 7.25391 65.8333 39
      vertex 7.14797 66.0101 33.5
      vertex 7.14797 66.0101 39
    endloop
  endfacet
  facet normal 0.857792 0.513996 0
    outer loop
      vertex 7.14797 66.0101 33.5
      vertex 7.25391 65.8333 39
      vertex 7.25391 65.8333 33.5
    endloop
  endfacet
  facet normal 0.741015 0.671488 0
    outer loop
      vertex 86.4785 11.8548 39
      vertex 86.182 12.182 2.4
      vertex 86.182 12.182 39
    endloop
  endfacet
  facet normal 0.741015 0.671488 0
    outer loop
      vertex 86.182 12.182 2.4
      vertex 86.4785 11.8548 39
      vertex 86.4785 11.8548 2.4
    endloop
  endfacet
  facet normal 0.989176 0.146736 0
    outer loop
      vertex 87.4783 9.44108 39
      vertex 87.4135 9.87791 2.4
      vertex 87.4135 9.87791 39
    endloop
  endfacet
  facet normal 0.989176 0.146736 0
    outer loop
      vertex 87.4135 9.87791 2.4
      vertex 87.4783 9.44108 39
      vertex 87.4783 9.44108 2.4
    endloop
  endfacet
  facet normal 0.998792 0.049138 0
    outer loop
      vertex 87.5 9 39
      vertex 87.4783 9.44108 2.4
      vertex 87.4783 9.44108 39
    endloop
  endfacet
  facet normal 0.998792 0.049138 0
    outer loop
      vertex 87.4783 9.44108 2.4
      vertex 87.5 9 39
      vertex 87.5 9 2.4
    endloop
  endfacet
  facet normal 0.970035 0.242967 0
    outer loop
      vertex 87.4135 9.87791 39
      vertex 87.3062 10.3063 2.4
      vertex 87.3062 10.3063 39
    endloop
  endfacet
  facet normal 0.970035 0.242967 0
    outer loop
      vertex 87.3062 10.3063 2.4
      vertex 87.4135 9.87791 39
      vertex 87.4135 9.87791 2.4
    endloop
  endfacet
  facet normal 0.336879 -0.941548 0
    outer loop
      vertex 84.3063 4.69377 2.4
      vertex 84.7221 4.84254 39
      vertex 84.3063 4.69377 39
    endloop
  endfacet
  facet normal 0.336879 -0.941548 0
    outer loop
      vertex 84.7221 4.84254 39
      vertex 84.3063 4.69377 2.4
      vertex 84.7221 4.84254 2.4
    endloop
  endfacet
  facet normal 0.671488 0.741015 -0
    outer loop
      vertex 86.182 12.182 2.4
      vertex 85.8548 12.4785 39
      vertex 86.182 12.182 39
    endloop
  endfacet
  facet normal 0.671488 0.741015 0
    outer loop
      vertex 85.8548 12.4785 39
      vertex 86.182 12.182 2.4
      vertex 85.8548 12.4785 2.4
    endloop
  endfacet
  facet normal 0.941598 0.336738 0
    outer loop
      vertex 87.3062 10.3063 39
      vertex 87.1575 10.7221 2.4
      vertex 87.1575 10.7221 39
    endloop
  endfacet
  facet normal 0.941598 0.336738 0
    outer loop
      vertex 87.1575 10.7221 2.4
      vertex 87.3062 10.3063 39
      vertex 87.3062 10.3063 2.4
    endloop
  endfacet
  facet normal 0.049068 -0.998795 0
    outer loop
      vertex 83 4.5 2.4
      vertex 83.4411 4.52167 39
      vertex 83 4.5 39
    endloop
  endfacet
  facet normal 0.049068 -0.998795 0
    outer loop
      vertex 83.4411 4.52167 39
      vertex 83 4.5 2.4
      vertex 83.4411 4.52167 2.4
    endloop
  endfacet
  facet normal -0.595694 -0.803211 0
    outer loop
      vertex 80.1452 5.52145 2.4
      vertex 80.4999 5.25839 39
      vertex 80.1452 5.52145 39
    endloop
  endfacet
  facet normal -0.595694 -0.803211 -0
    outer loop
      vertex 80.4999 5.25839 39
      vertex 80.1452 5.52145 2.4
      vertex 80.4999 5.25839 2.4
    endloop
  endfacet
  facet normal -0.242962 -0.970036 0
    outer loop
      vertex 81.6937 4.69377 2.4
      vertex 82.1221 4.58647 39
      vertex 81.6937 4.69377 39
    endloop
  endfacet
  facet normal -0.242962 -0.970036 -0
    outer loop
      vertex 82.1221 4.58647 39
      vertex 81.6937 4.69377 2.4
      vertex 82.1221 4.58647 2.4
    endloop
  endfacet
  facet normal 0.857773 0.514029 0
    outer loop
      vertex 86.9686 11.1213 39
      vertex 86.7416 11.5001 2.4
      vertex 86.7416 11.5001 39
    endloop
  endfacet
  facet normal 0.857773 0.514029 0
    outer loop
      vertex 86.7416 11.5001 2.4
      vertex 86.9686 11.1213 39
      vertex 86.9686 11.1213 2.4
    endloop
  endfacet
  facet normal -0.998792 -0.049138 0
    outer loop
      vertex 78.5217 8.55892 2.4
      vertex 78.5 9 39
      vertex 78.5 9 2.4
    endloop
  endfacet
  facet normal -0.998792 -0.049138 0
    outer loop
      vertex 78.5 9 39
      vertex 78.5217 8.55892 2.4
      vertex 78.5217 8.55892 39
    endloop
  endfacet
  facet normal -0.903913 -0.427717 0
    outer loop
      vertex 79.0314 6.87872 2.4
      vertex 78.8425 7.27793 39
      vertex 78.8425 7.27793 2.4
    endloop
  endfacet
  facet normal -0.903913 -0.427717 0
    outer loop
      vertex 78.8425 7.27793 39
      vertex 79.0314 6.87872 2.4
      vertex 79.0314 6.87872 39
    endloop
  endfacet
  facet normal 0.903908 0.427726 0
    outer loop
      vertex 87.1575 10.7221 39
      vertex 86.9686 11.1213 2.4
      vertex 86.9686 11.1213 39
    endloop
  endfacet
  facet normal 0.903908 0.427726 0
    outer loop
      vertex 86.9686 11.1213 2.4
      vertex 87.1575 10.7221 39
      vertex 87.1575 10.7221 2.4
    endloop
  endfacet
  facet normal 0.970032 -0.242978 0
    outer loop
      vertex 87.3062 7.69372 39
      vertex 87.4135 8.12209 2.4
      vertex 87.4135 8.12209 39
    endloop
  endfacet
  facet normal 0.970032 -0.242978 0
    outer loop
      vertex 87.4135 8.12209 2.4
      vertex 87.3062 7.69372 39
      vertex 87.3062 7.69372 2.4
    endloop
  endfacet
  facet normal -0.514029 0.857773 0
    outer loop
      vertex 80.8787 12.9686 2.4
      vertex 80.4999 12.7416 39
      vertex 80.8787 12.9686 39
    endloop
  endfacet
  facet normal -0.514029 0.857773 0
    outer loop
      vertex 80.4999 12.7416 39
      vertex 80.8787 12.9686 2.4
      vertex 80.4999 12.7416 2.4
    endloop
  endfacet
  facet normal -0.970032 -0.242978 0
    outer loop
      vertex 78.6938 7.69372 2.4
      vertex 78.5865 8.12209 39
      vertex 78.5865 8.12209 2.4
    endloop
  endfacet
  facet normal -0.970032 -0.242978 0
    outer loop
      vertex 78.5865 8.12209 39
      vertex 78.6938 7.69372 2.4
      vertex 78.6938 7.69372 39
    endloop
  endfacet
  facet normal 0.242962 0.970036 -0
    outer loop
      vertex 84.3063 13.3062 2.4
      vertex 83.8779 13.4135 39
      vertex 84.3063 13.3062 39
    endloop
  endfacet
  facet normal 0.242962 0.970036 0
    outer loop
      vertex 83.8779 13.4135 39
      vertex 84.3063 13.3062 2.4
      vertex 83.8779 13.4135 2.4
    endloop
  endfacet
  facet normal 0.941596 -0.336745 0
    outer loop
      vertex 87.1575 7.27793 39
      vertex 87.3062 7.69372 2.4
      vertex 87.3062 7.69372 39
    endloop
  endfacet
  facet normal 0.941596 -0.336745 0
    outer loop
      vertex 87.3062 7.69372 2.4
      vertex 87.1575 7.27793 39
      vertex 87.1575 7.27793 2.4
    endloop
  endfacet
  facet normal 0.989176 -0.146736 0
    outer loop
      vertex 87.4135 8.12209 39
      vertex 87.4783 8.55892 2.4
      vertex 87.4783 8.55892 39
    endloop
  endfacet
  facet normal 0.989176 -0.146736 0
    outer loop
      vertex 87.4783 8.55892 2.4
      vertex 87.4135 8.12209 39
      vertex 87.4135 8.12209 2.4
    endloop
  endfacet
  facet normal 0.146746 0.989174 -0
    outer loop
      vertex 83.8779 13.4135 2.4
      vertex 83.4411 13.4783 39
      vertex 83.8779 13.4135 39
    endloop
  endfacet
  facet normal 0.146746 0.989174 0
    outer loop
      vertex 83.4411 13.4783 39
      vertex 83.8779 13.4135 2.4
      vertex 83.4411 13.4783 2.4
    endloop
  endfacet
  facet normal -0.427726 0.903908 0
    outer loop
      vertex 81.2779 13.1575 2.4
      vertex 80.8787 12.9686 39
      vertex 81.2779 13.1575 39
    endloop
  endfacet
  facet normal -0.427726 0.903908 0
    outer loop
      vertex 80.8787 12.9686 39
      vertex 81.2779 13.1575 2.4
      vertex 80.8787 12.9686 2.4
    endloop
  endfacet
  facet normal -0.146746 0.989174 0
    outer loop
      vertex 82.5589 13.4783 2.4
      vertex 82.1221 13.4135 39
      vertex 82.5589 13.4783 39
    endloop
  endfacet
  facet normal -0.146746 0.989174 0
    outer loop
      vertex 82.1221 13.4135 39
      vertex 82.5589 13.4783 2.4
      vertex 82.1221 13.4135 2.4
    endloop
  endfacet
  facet normal 0.42756 -0.903987 0
    outer loop
      vertex 84.7221 4.84254 2.4
      vertex 85.1213 5.03135 39
      vertex 84.7221 4.84254 39
    endloop
  endfacet
  facet normal 0.42756 -0.903987 0
    outer loop
      vertex 85.1213 5.03135 39
      vertex 84.7221 4.84254 2.4
      vertex 85.1213 5.03135 2.4
    endloop
  endfacet
  facet normal -0.671488 0.741015 0
    outer loop
      vertex 80.1452 12.4785 2.4
      vertex 79.818 12.182 39
      vertex 80.1452 12.4785 39
    endloop
  endfacet
  facet normal -0.671488 0.741015 0
    outer loop
      vertex 79.818 12.182 39
      vertex 80.1452 12.4785 2.4
      vertex 79.818 12.182 2.4
    endloop
  endfacet
  facet normal 0.857767 -0.514039 0
    outer loop
      vertex 86.7416 6.49993 39
      vertex 86.9686 6.87872 2.4
      vertex 86.9686 6.87872 39
    endloop
  endfacet
  facet normal 0.857767 -0.514039 0
    outer loop
      vertex 86.9686 6.87872 2.4
      vertex 86.7416 6.49993 39
      vertex 86.7416 6.49993 2.4
    endloop
  endfacet
  facet normal -0.595753 0.803168 0
    outer loop
      vertex 80.4999 12.7416 2.4
      vertex 80.1452 12.4785 39
      vertex 80.4999 12.7416 39
    endloop
  endfacet
  facet normal -0.595753 0.803168 0
    outer loop
      vertex 80.1452 12.4785 39
      vertex 80.4999 12.7416 2.4
      vertex 80.1452 12.4785 2.4
    endloop
  endfacet
  facet normal 0.903913 -0.427717 0
    outer loop
      vertex 86.9686 6.87872 39
      vertex 87.1575 7.27793 2.4
      vertex 87.1575 7.27793 39
    endloop
  endfacet
  facet normal 0.903913 -0.427717 0
    outer loop
      vertex 87.1575 7.27793 2.4
      vertex 86.9686 6.87872 39
      vertex 86.9686 6.87872 2.4
    endloop
  endfacet
  facet normal 0.998792 -0.049138 0
    outer loop
      vertex 87.4783 8.55892 39
      vertex 87.5 9 2.4
      vertex 87.5 9 39
    endloop
  endfacet
  facet normal 0.998792 -0.049138 0
    outer loop
      vertex 87.5 9 2.4
      vertex 87.4783 8.55892 39
      vertex 87.4783 8.55892 2.4
    endloop
  endfacet
  facet normal -0.741015 0.671488 0
    outer loop
      vertex 79.5215 11.8548 2.4
      vertex 79.818 12.182 39
      vertex 79.818 12.182 2.4
    endloop
  endfacet
  facet normal -0.741015 0.671488 0
    outer loop
      vertex 79.818 12.182 39
      vertex 79.5215 11.8548 2.4
      vertex 79.5215 11.8548 39
    endloop
  endfacet
  facet normal -0.941596 -0.336745 0
    outer loop
      vertex 78.8425 7.27793 2.4
      vertex 78.6938 7.69372 39
      vertex 78.6938 7.69372 2.4
    endloop
  endfacet
  facet normal -0.941596 -0.336745 0
    outer loop
      vertex 78.6938 7.69372 39
      vertex 78.8425 7.27793 2.4
      vertex 78.8425 7.27793 39
    endloop
  endfacet
  facet normal 0.514029 0.857773 -0
    outer loop
      vertex 85.5001 12.7416 2.4
      vertex 85.1213 12.9686 39
      vertex 85.5001 12.7416 39
    endloop
  endfacet
  facet normal 0.514029 0.857773 0
    outer loop
      vertex 85.1213 12.9686 39
      vertex 85.5001 12.7416 2.4
      vertex 85.1213 12.9686 2.4
    endloop
  endfacet
  facet normal 0.595753 0.803168 -0
    outer loop
      vertex 85.8548 12.4785 2.4
      vertex 85.5001 12.7416 39
      vertex 85.8548 12.4785 39
    endloop
  endfacet
  facet normal 0.595753 0.803168 0
    outer loop
      vertex 85.5001 12.7416 39
      vertex 85.8548 12.4785 2.4
      vertex 85.5001 12.7416 2.4
    endloop
  endfacet
  facet normal 0.146746 -0.989174 0
    outer loop
      vertex 83.4411 4.52167 2.4
      vertex 83.8779 4.58647 39
      vertex 83.4411 4.52167 39
    endloop
  endfacet
  facet normal 0.146746 -0.989174 0
    outer loop
      vertex 83.8779 4.58647 39
      vertex 83.4411 4.52167 2.4
      vertex 83.8779 4.58647 2.4
    endloop
  endfacet
  facet normal 0.741025 -0.671477 0
    outer loop
      vertex 86.182 5.81802 39
      vertex 86.4785 6.14523 2.4
      vertex 86.4785 6.14523 39
    endloop
  endfacet
  facet normal 0.741025 -0.671477 0
    outer loop
      vertex 86.4785 6.14523 2.4
      vertex 86.182 5.81802 39
      vertex 86.182 5.81802 2.4
    endloop
  endfacet
  facet normal 0.803168 -0.595753 0
    outer loop
      vertex 86.4785 6.14523 39
      vertex 86.7416 6.49993 2.4
      vertex 86.7416 6.49993 39
    endloop
  endfacet
  facet normal 0.803168 -0.595753 0
    outer loop
      vertex 86.7416 6.49993 2.4
      vertex 86.4785 6.14523 39
      vertex 86.4785 6.14523 2.4
    endloop
  endfacet
  facet normal 0.242962 -0.970036 0
    outer loop
      vertex 83.8779 4.58647 2.4
      vertex 84.3063 4.69377 39
      vertex 83.8779 4.58647 39
    endloop
  endfacet
  facet normal 0.242962 -0.970036 0
    outer loop
      vertex 84.3063 4.69377 39
      vertex 83.8779 4.58647 2.4
      vertex 84.3063 4.69377 2.4
    endloop
  endfacet
  facet normal -0.242962 0.970036 0
    outer loop
      vertex 82.1221 13.4135 2.4
      vertex 81.6937 13.3062 39
      vertex 82.1221 13.4135 39
    endloop
  endfacet
  facet normal -0.242962 0.970036 0
    outer loop
      vertex 81.6937 13.3062 39
      vertex 82.1221 13.4135 2.4
      vertex 81.6937 13.3062 2.4
    endloop
  endfacet
  facet normal 0.803168 0.595753 0
    outer loop
      vertex 86.7416 11.5001 39
      vertex 86.4785 11.8548 2.4
      vertex 86.4785 11.8548 39
    endloop
  endfacet
  facet normal 0.803168 0.595753 0
    outer loop
      vertex 86.4785 11.8548 2.4
      vertex 86.7416 11.5001 39
      vertex 86.7416 11.5001 2.4
    endloop
  endfacet
  facet normal 0.0491358 0.998792 -0
    outer loop
      vertex 83.4411 13.4783 2.4
      vertex 83 13.5 39
      vertex 83.4411 13.4783 39
    endloop
  endfacet
  facet normal 0.0491358 0.998792 0
    outer loop
      vertex 83 13.5 39
      vertex 83.4411 13.4783 2.4
      vertex 83 13.5 2.4
    endloop
  endfacet
  facet normal -0.857773 0.514029 0
    outer loop
      vertex 79.0314 11.1213 2.4
      vertex 79.2584 11.5001 39
      vertex 79.2584 11.5001 2.4
    endloop
  endfacet
  facet normal -0.857773 0.514029 0
    outer loop
      vertex 79.2584 11.5001 39
      vertex 79.0314 11.1213 2.4
      vertex 79.0314 11.1213 39
    endloop
  endfacet
  facet normal 0.427726 0.903908 -0
    outer loop
      vertex 85.1213 12.9686 2.4
      vertex 84.7221 13.1575 39
      vertex 85.1213 12.9686 39
    endloop
  endfacet
  facet normal 0.427726 0.903908 0
    outer loop
      vertex 84.7221 13.1575 39
      vertex 85.1213 12.9686 2.4
      vertex 84.7221 13.1575 2.4
    endloop
  endfacet
  facet normal -0.857767 -0.514039 0
    outer loop
      vertex 79.2584 6.49993 2.4
      vertex 79.0314 6.87872 39
      vertex 79.0314 6.87872 2.4
    endloop
  endfacet
  facet normal -0.857767 -0.514039 0
    outer loop
      vertex 79.0314 6.87872 39
      vertex 79.2584 6.49993 2.4
      vertex 79.2584 6.49993 39
    endloop
  endfacet
  facet normal -0.42756 -0.903987 0
    outer loop
      vertex 80.8787 5.03135 2.4
      vertex 81.2779 4.84254 39
      vertex 80.8787 5.03135 39
    endloop
  endfacet
  facet normal -0.42756 -0.903987 -0
    outer loop
      vertex 81.2779 4.84254 39
      vertex 80.8787 5.03135 2.4
      vertex 81.2779 4.84254 2.4
    endloop
  endfacet
  facet normal -0.741025 -0.671477 0
    outer loop
      vertex 79.818 5.81802 2.4
      vertex 79.5215 6.14523 39
      vertex 79.5215 6.14523 2.4
    endloop
  endfacet
  facet normal -0.741025 -0.671477 0
    outer loop
      vertex 79.5215 6.14523 39
      vertex 79.818 5.81802 2.4
      vertex 79.818 5.81802 39
    endloop
  endfacet
  facet normal -0.336738 0.941598 0
    outer loop
      vertex 81.6937 13.3062 2.4
      vertex 81.2779 13.1575 39
      vertex 81.6937 13.3062 39
    endloop
  endfacet
  facet normal -0.336738 0.941598 0
    outer loop
      vertex 81.2779 13.1575 39
      vertex 81.6937 13.3062 2.4
      vertex 81.2779 13.1575 2.4
    endloop
  endfacet
  facet normal -0.514096 -0.857733 0
    outer loop
      vertex 80.4999 5.25839 2.4
      vertex 80.8787 5.03135 39
      vertex 80.4999 5.25839 39
    endloop
  endfacet
  facet normal -0.514096 -0.857733 -0
    outer loop
      vertex 80.8787 5.03135 39
      vertex 80.4999 5.25839 2.4
      vertex 80.8787 5.03135 2.4
    endloop
  endfacet
  facet normal 0.595694 -0.803211 0
    outer loop
      vertex 85.5001 5.25839 2.4
      vertex 85.8548 5.52145 39
      vertex 85.5001 5.25839 39
    endloop
  endfacet
  facet normal 0.595694 -0.803211 0
    outer loop
      vertex 85.8548 5.52145 39
      vertex 85.5001 5.25839 2.4
      vertex 85.8548 5.52145 2.4
    endloop
  endfacet
  facet normal -0.0491358 0.998792 0
    outer loop
      vertex 83 13.5 2.4
      vertex 82.5589 13.4783 39
      vertex 83 13.5 39
    endloop
  endfacet
  facet normal -0.0491358 0.998792 0
    outer loop
      vertex 82.5589 13.4783 39
      vertex 83 13.5 2.4
      vertex 82.5589 13.4783 2.4
    endloop
  endfacet
  facet normal -0.941598 0.336738 0
    outer loop
      vertex 78.6938 10.3063 2.4
      vertex 78.8425 10.7221 39
      vertex 78.8425 10.7221 2.4
    endloop
  endfacet
  facet normal -0.941598 0.336738 0
    outer loop
      vertex 78.8425 10.7221 39
      vertex 78.6938 10.3063 2.4
      vertex 78.6938 10.3063 39
    endloop
  endfacet
  facet normal -0.989176 -0.146736 0
    outer loop
      vertex 78.5865 8.12209 2.4
      vertex 78.5217 8.55892 39
      vertex 78.5217 8.55892 2.4
    endloop
  endfacet
  facet normal -0.989176 -0.146736 0
    outer loop
      vertex 78.5217 8.55892 39
      vertex 78.5865 8.12209 2.4
      vertex 78.5865 8.12209 39
    endloop
  endfacet
  facet normal 0.336738 0.941598 -0
    outer loop
      vertex 84.7221 13.1575 2.4
      vertex 84.3063 13.3062 39
      vertex 84.7221 13.1575 39
    endloop
  endfacet
  facet normal 0.336738 0.941598 0
    outer loop
      vertex 84.3063 13.3062 39
      vertex 84.7221 13.1575 2.4
      vertex 84.3063 13.3062 2.4
    endloop
  endfacet
  facet normal -0.803168 -0.595753 0
    outer loop
      vertex 79.5215 6.14523 2.4
      vertex 79.2584 6.49993 39
      vertex 79.2584 6.49993 2.4
    endloop
  endfacet
  facet normal -0.803168 -0.595753 0
    outer loop
      vertex 79.2584 6.49993 39
      vertex 79.5215 6.14523 2.4
      vertex 79.5215 6.14523 39
    endloop
  endfacet
  facet normal -0.970035 0.242967 0
    outer loop
      vertex 78.5865 9.87791 2.4
      vertex 78.6938 10.3063 39
      vertex 78.6938 10.3063 2.4
    endloop
  endfacet
  facet normal -0.970035 0.242967 0
    outer loop
      vertex 78.6938 10.3063 39
      vertex 78.5865 9.87791 2.4
      vertex 78.5865 9.87791 39
    endloop
  endfacet
  facet normal -0.903908 0.427726 0
    outer loop
      vertex 78.8425 10.7221 2.4
      vertex 79.0314 11.1213 39
      vertex 79.0314 11.1213 2.4
    endloop
  endfacet
  facet normal -0.903908 0.427726 0
    outer loop
      vertex 79.0314 11.1213 39
      vertex 78.8425 10.7221 2.4
      vertex 78.8425 10.7221 39
    endloop
  endfacet
  facet normal 0.514096 -0.857733 0
    outer loop
      vertex 85.1213 5.03135 2.4
      vertex 85.5001 5.25839 39
      vertex 85.1213 5.03135 39
    endloop
  endfacet
  facet normal 0.514096 -0.857733 0
    outer loop
      vertex 85.5001 5.25839 39
      vertex 85.1213 5.03135 2.4
      vertex 85.5001 5.25839 2.4
    endloop
  endfacet
  facet normal -0.671575 -0.740936 0
    outer loop
      vertex 79.818 5.81802 2.4
      vertex 80.1452 5.52145 39
      vertex 79.818 5.81802 39
    endloop
  endfacet
  facet normal -0.671575 -0.740936 -0
    outer loop
      vertex 80.1452 5.52145 39
      vertex 79.818 5.81802 2.4
      vertex 80.1452 5.52145 2.4
    endloop
  endfacet
  facet normal -0.803168 0.595753 0
    outer loop
      vertex 79.2584 11.5001 2.4
      vertex 79.5215 11.8548 39
      vertex 79.5215 11.8548 2.4
    endloop
  endfacet
  facet normal -0.803168 0.595753 0
    outer loop
      vertex 79.5215 11.8548 39
      vertex 79.2584 11.5001 2.4
      vertex 79.2584 11.5001 39
    endloop
  endfacet
  facet normal -0.049068 -0.998795 0
    outer loop
      vertex 82.5589 4.52167 2.4
      vertex 83 4.5 39
      vertex 82.5589 4.52167 39
    endloop
  endfacet
  facet normal -0.049068 -0.998795 -0
    outer loop
      vertex 83 4.5 39
      vertex 82.5589 4.52167 2.4
      vertex 83 4.5 2.4
    endloop
  endfacet
  facet normal -0.146746 -0.989174 0
    outer loop
      vertex 82.1221 4.58647 2.4
      vertex 82.5589 4.52167 39
      vertex 82.1221 4.58647 39
    endloop
  endfacet
  facet normal -0.146746 -0.989174 -0
    outer loop
      vertex 82.5589 4.52167 39
      vertex 82.1221 4.58647 2.4
      vertex 82.5589 4.52167 2.4
    endloop
  endfacet
  facet normal -0.989176 0.146736 0
    outer loop
      vertex 78.5217 9.44108 2.4
      vertex 78.5865 9.87791 39
      vertex 78.5865 9.87791 2.4
    endloop
  endfacet
  facet normal -0.989176 0.146736 0
    outer loop
      vertex 78.5865 9.87791 39
      vertex 78.5217 9.44108 2.4
      vertex 78.5217 9.44108 39
    endloop
  endfacet
  facet normal -0.998792 0.049138 0
    outer loop
      vertex 78.5 9 2.4
      vertex 78.5217 9.44108 39
      vertex 78.5217 9.44108 2.4
    endloop
  endfacet
  facet normal -0.998792 0.049138 0
    outer loop
      vertex 78.5217 9.44108 39
      vertex 78.5 9 2.4
      vertex 78.5 9 39
    endloop
  endfacet
  facet normal -0.336879 -0.941548 0
    outer loop
      vertex 81.2779 4.84254 2.4
      vertex 81.6937 4.69377 39
      vertex 81.2779 4.84254 39
    endloop
  endfacet
  facet normal -0.336879 -0.941548 -0
    outer loop
      vertex 81.6937 4.69377 39
      vertex 81.2779 4.84254 2.4
      vertex 81.6937 4.69377 2.4
    endloop
  endfacet
  facet normal 0.671575 -0.740936 0
    outer loop
      vertex 85.8548 5.52145 2.4
      vertex 86.182 5.81802 39
      vertex 85.8548 5.52145 39
    endloop
  endfacet
  facet normal 0.671575 -0.740936 0
    outer loop
      vertex 86.182 5.81802 39
      vertex 85.8548 5.52145 2.4
      vertex 86.182 5.81802 2.4
    endloop
  endfacet
  facet normal 0 0 1
    outer loop
      vertex 85.1 9 39
      vertex 87.5 9 39
      vertex 87.4783 9.44108 39
    endloop
  endfacet
  facet normal 0 0 1
    outer loop
      vertex 85.0899 9.20584 39
      vertex 87.4783 9.44108 39
      vertex 87.4135 9.87791 39
    endloop
  endfacet
  facet normal 0 0 1
    outer loop
      vertex 87.5 9 39
      vertex 85.1 9 39
      vertex 87.4783 8.55892 39
    endloop
  endfacet
  facet normal 0 0 1
    outer loop
      vertex 85.0596 9.40969 39
      vertex 87.4135 9.87791 39
      vertex 87.3062 10.3063 39
    endloop
  endfacet
  facet normal -0 0 1
    outer loop
      vertex 85.0899 8.79416 39
      vertex 87.4783 8.55892 39
      vertex 85.1 9 39
    endloop
  endfacet
  facet normal 0 0 1
    outer loop
      vertex 85.0096 9.6096 39
      vertex 87.3062 10.3063 39
      vertex 87.1575 10.7221 39
    endloop
  endfacet
  facet normal 0 0 1
    outer loop
      vertex 87.4783 8.55892 39
      vertex 85.0899 8.79416 39
      vertex 87.4135 8.12209 39
    endloop
  endfacet
  facet normal 0 0 1
    outer loop
      vertex 84.9401 9.80363 39
      vertex 87.1575 10.7221 39
      vertex 86.9686 11.1213 39
    endloop
  endfacet
  facet normal -0 0 1
    outer loop
      vertex 85.0596 8.59031 39
      vertex 87.4135 8.12209 39
      vertex 85.0899 8.79416 39
    endloop
  endfacet
  facet normal 0 0 1
    outer loop
      vertex 84.852 9.98993 39
      vertex 86.9686 11.1213 39
      vertex 86.7416 11.5001 39
    endloop
  endfacet
  facet normal 0 0 1
    outer loop
      vertex 87.4135 8.12209 39
      vertex 85.0596 8.59031 39
      vertex 87.3062 7.69372 39
    endloop
  endfacet
  facet normal 0 0 1
    outer loop
      vertex 84.7461 10.1667 39
      vertex 86.7416 11.5001 39
      vertex 86.4785 11.8548 39
    endloop
  endfacet
  facet normal -0 0 1
    outer loop
      vertex 85.0096 8.3904 39
      vertex 87.3062 7.69372 39
      vertex 85.0596 8.59031 39
    endloop
  endfacet
  facet normal 0 0 1
    outer loop
      vertex 84.6233 10.3322 39
      vertex 86.4785 11.8548 39
      vertex 86.182 12.182 39
    endloop
  endfacet
  facet normal 0 0 1
    outer loop
      vertex 87.3062 7.69372 39
      vertex 85.0096 8.3904 39
      vertex 87.1575 7.27793 39
    endloop
  endfacet
  facet normal 0 0 1
    outer loop
      vertex 84.4849 10.4849 39
      vertex 86.182 12.182 39
      vertex 85.8548 12.4785 39
    endloop
  endfacet
  facet normal -0 0 1
    outer loop
      vertex 84.9401 8.19637 39
      vertex 87.1575 7.27793 39
      vertex 85.0096 8.3904 39
    endloop
  endfacet
  facet normal 0 0 1
    outer loop
      vertex 84.3322 10.6233 39
      vertex 85.8548 12.4785 39
      vertex 85.5001 12.7416 39
    endloop
  endfacet
  facet normal 0 0 1
    outer loop
      vertex 87.1575 7.27793 39
      vertex 84.9401 8.19637 39
      vertex 86.9686 6.87872 39
    endloop
  endfacet
  facet normal 0 0 1
    outer loop
      vertex 84.1667 10.7461 39
      vertex 85.5001 12.7416 39
      vertex 85.1213 12.9686 39
    endloop
  endfacet
  facet normal -0 0 1
    outer loop
      vertex 84.852 8.01007 39
      vertex 86.9686 6.87872 39
      vertex 84.9401 8.19637 39
    endloop
  endfacet
  facet normal 0 0 1
    outer loop
      vertex 86.9686 6.87872 39
      vertex 84.852 8.01007 39
      vertex 86.7416 6.49993 39
    endloop
  endfacet
  facet normal 0 0 1
    outer loop
      vertex 87.4783 9.44108 39
      vertex 85.0899 9.20584 39
      vertex 85.1 9 39
    endloop
  endfacet
  facet normal 0 0 1
    outer loop
      vertex 87.4135 9.87791 39
      vertex 85.0596 9.40969 39
      vertex 85.0899 9.20584 39
    endloop
  endfacet
  facet normal 0 0 1
    outer loop
      vertex 87.3062 10.3063 39
      vertex 85.0096 9.6096 39
      vertex 85.0596 9.40969 39
    endloop
  endfacet
  facet normal 0 0 1
    outer loop
      vertex 87.1575 10.7221 39
      vertex 84.9401 9.80363 39
      vertex 85.0096 9.6096 39
    endloop
  endfacet
  facet normal 0 0 1
    outer loop
      vertex 86.9686 11.1213 39
      vertex 84.852 9.98993 39
      vertex 84.9401 9.80363 39
    endloop
  endfacet
  facet normal 0 0 1
    outer loop
      vertex 86.7416 11.5001 39
      vertex 84.7461 10.1667 39
      vertex 84.852 9.98993 39
    endloop
  endfacet
  facet normal 0 0 1
    outer loop
      vertex 83.9899 10.852 39
      vertex 85.1213 12.9686 39
      vertex 84.7221 13.1575 39
    endloop
  endfacet
  facet normal 0 0 1
    outer loop
      vertex 86.4785 11.8548 39
      vertex 84.6233 10.3322 39
      vertex 84.7461 10.1667 39
    endloop
  endfacet
  facet normal 0 0 1
    outer loop
      vertex 86.182 12.182 39
      vertex 84.4849 10.4849 39
      vertex 84.6233 10.3322 39
    endloop
  endfacet
  facet normal 0 0 1
    outer loop
      vertex 85.8548 12.4785 39
      vertex 84.3322 10.6233 39
      vertex 84.4849 10.4849 39
    endloop
  endfacet
  facet normal 0 0 1
    outer loop
      vertex 83.8036 10.9401 39
      vertex 84.7221 13.1575 39
      vertex 84.3063 13.3062 39
    endloop
  endfacet
  facet normal 0 0 1
    outer loop
      vertex 85.5001 12.7416 39
      vertex 84.1667 10.7461 39
      vertex 84.3322 10.6233 39
    endloop
  endfacet
  facet normal 0 0 1
    outer loop
      vertex 85.1213 12.9686 39
      vertex 83.9899 10.852 39
      vertex 84.1667 10.7461 39
    endloop
  endfacet
  facet normal 0 0 1
    outer loop
      vertex 83.6096 11.0096 39
      vertex 84.3063 13.3062 39
      vertex 83.8779 13.4135 39
    endloop
  endfacet
  facet normal 0 0 1
    outer loop
      vertex 84.7221 13.1575 39
      vertex 83.8036 10.9401 39
      vertex 83.9899 10.852 39
    endloop
  endfacet
  facet normal 0 0 1
    outer loop
      vertex 84.3063 13.3062 39
      vertex 83.6096 11.0096 39
      vertex 83.8036 10.9401 39
    endloop
  endfacet
  facet normal 0 0 1
    outer loop
      vertex 83.4097 11.0596 39
      vertex 83.8779 13.4135 39
      vertex 83.4411 13.4783 39
    endloop
  endfacet
  facet normal 0 0 1
    outer loop
      vertex 83.8779 13.4135 39
      vertex 83.4097 11.0596 39
      vertex 83.6096 11.0096 39
    endloop
  endfacet
  facet normal 0 0 1
    outer loop
      vertex 83.4411 13.4783 39
      vertex 83.2058 11.0899 39
      vertex 83.4097 11.0596 39
    endloop
  endfacet
  facet normal 0 0 1
    outer loop
      vertex 83 13.5 39
      vertex 83.2058 11.0899 39
      vertex 83.4411 13.4783 39
    endloop
  endfacet
  facet normal 0 0 1
    outer loop
      vertex 83 13.5 39
      vertex 83 11.1 39
      vertex 83.2058 11.0899 39
    endloop
  endfacet
  facet normal 0 0 1
    outer loop
      vertex 83 13.5 39
      vertex 82.7942 11.0899 39
      vertex 83 11.1 39
    endloop
  endfacet
  facet normal -0 0 1
    outer loop
      vertex 82.5589 13.4783 39
      vertex 82.7942 11.0899 39
      vertex 83 13.5 39
    endloop
  endfacet
  facet normal 0 0 1
    outer loop
      vertex 82.7942 11.0899 39
      vertex 82.5589 13.4783 39
      vertex 82.5903 11.0596 39
    endloop
  endfacet
  facet normal -0 0 1
    outer loop
      vertex 82.1221 13.4135 39
      vertex 82.5903 11.0596 39
      vertex 82.5589 13.4783 39
    endloop
  endfacet
  facet normal 0 0 1
    outer loop
      vertex 82.5903 11.0596 39
      vertex 82.1221 13.4135 39
      vertex 82.3904 11.0096 39
    endloop
  endfacet
  facet normal -0 0 1
    outer loop
      vertex 81.6937 13.3062 39
      vertex 82.3904 11.0096 39
      vertex 82.1221 13.4135 39
    endloop
  endfacet
  facet normal 0 0 1
    outer loop
      vertex 82.3904 11.0096 39
      vertex 81.6937 13.3062 39
      vertex 82.1964 10.9401 39
    endloop
  endfacet
  facet normal -0 0 1
    outer loop
      vertex 81.2779 13.1575 39
      vertex 82.1964 10.9401 39
      vertex 81.6937 13.3062 39
    endloop
  endfacet
  facet normal 0 0 1
    outer loop
      vertex 82.1964 10.9401 39
      vertex 81.2779 13.1575 39
      vertex 82.0101 10.852 39
    endloop
  endfacet
  facet normal -0 0 1
    outer loop
      vertex 80.8787 12.9686 39
      vertex 82.0101 10.852 39
      vertex 81.2779 13.1575 39
    endloop
  endfacet
  facet normal 0 0 1
    outer loop
      vertex 82.0101 10.852 39
      vertex 80.8787 12.9686 39
      vertex 81.8333 10.7461 39
    endloop
  endfacet
  facet normal -0 0 1
    outer loop
      vertex 80.4999 12.7416 39
      vertex 81.8333 10.7461 39
      vertex 80.8787 12.9686 39
    endloop
  endfacet
  facet normal 0 0 1
    outer loop
      vertex 81.8333 10.7461 39
      vertex 80.4999 12.7416 39
      vertex 81.6678 10.6233 39
    endloop
  endfacet
  facet normal -0 0 1
    outer loop
      vertex 80.1452 12.4785 39
      vertex 81.6678 10.6233 39
      vertex 80.4999 12.7416 39
    endloop
  endfacet
  facet normal 0 0 1
    outer loop
      vertex 81.6678 10.6233 39
      vertex 80.1452 12.4785 39
      vertex 81.5151 10.4849 39
    endloop
  endfacet
  facet normal -0 0 1
    outer loop
      vertex 79.818 12.182 39
      vertex 81.5151 10.4849 39
      vertex 80.1452 12.4785 39
    endloop
  endfacet
  facet normal 0 0 1
    outer loop
      vertex 81.5151 10.4849 39
      vertex 79.818 12.182 39
      vertex 81.3767 10.3322 39
    endloop
  endfacet
  facet normal -0 0 1
    outer loop
      vertex 79.5215 11.8548 39
      vertex 81.3767 10.3322 39
      vertex 79.818 12.182 39
    endloop
  endfacet
  facet normal 0 0 1
    outer loop
      vertex 81.3767 10.3322 39
      vertex 79.5215 11.8548 39
      vertex 81.2539 10.1667 39
    endloop
  endfacet
  facet normal 0 0 1
    outer loop
      vertex 81.2539 10.1667 39
      vertex 79.2584 11.5001 39
      vertex 81.148 9.98993 39
    endloop
  endfacet
  facet normal -0 0 1
    outer loop
      vertex 79.2584 11.5001 39
      vertex 81.2539 10.1667 39
      vertex 79.5215 11.8548 39
    endloop
  endfacet
  facet normal -0 0 1
    outer loop
      vertex 84.7461 7.8333 39
      vertex 86.7416 6.49993 39
      vertex 84.852 8.01007 39
    endloop
  endfacet
  facet normal 0 0 1
    outer loop
      vertex 86.7416 6.49993 39
      vertex 84.7461 7.8333 39
      vertex 86.4785 6.14523 39
    endloop
  endfacet
  facet normal -0 0 1
    outer loop
      vertex 84.6233 7.66777 39
      vertex 86.4785 6.14523 39
      vertex 84.7461 7.8333 39
    endloop
  endfacet
  facet normal 0 0 1
    outer loop
      vertex 86.4785 6.14523 39
      vertex 84.6233 7.66777 39
      vertex 86.182 5.81802 39
    endloop
  endfacet
  facet normal -0 0 1
    outer loop
      vertex 84.4849 7.51508 39
      vertex 86.182 5.81802 39
      vertex 84.6233 7.66777 39
    endloop
  endfacet
  facet normal 0 0 1
    outer loop
      vertex 86.182 5.81802 39
      vertex 84.4849 7.51508 39
      vertex 85.8548 5.52145 39
    endloop
  endfacet
  facet normal -0 0 1
    outer loop
      vertex 84.3322 7.37668 39
      vertex 85.8548 5.52145 39
      vertex 84.4849 7.51508 39
    endloop
  endfacet
  facet normal 0 0 1
    outer loop
      vertex 85.8548 5.52145 39
      vertex 84.3322 7.37668 39
      vertex 85.5001 5.25839 39
    endloop
  endfacet
  facet normal -0 0 1
    outer loop
      vertex 84.1667 7.25391 39
      vertex 85.5001 5.25839 39
      vertex 84.3322 7.37668 39
    endloop
  endfacet
  facet normal 0 0 1
    outer loop
      vertex 85.5001 5.25839 39
      vertex 84.1667 7.25391 39
      vertex 85.1213 5.03135 39
    endloop
  endfacet
  facet normal -0 0 1
    outer loop
      vertex 83.9899 7.14797 39
      vertex 85.1213 5.03135 39
      vertex 84.1667 7.25391 39
    endloop
  endfacet
  facet normal 0 0 1
    outer loop
      vertex 85.1213 5.03135 39
      vertex 83.9899 7.14797 39
      vertex 84.7221 4.84254 39
    endloop
  endfacet
  facet normal -0 0 1
    outer loop
      vertex 83.8036 7.05985 39
      vertex 84.7221 4.84254 39
      vertex 83.9899 7.14797 39
    endloop
  endfacet
  facet normal 0 0 1
    outer loop
      vertex 84.7221 4.84254 39
      vertex 83.8036 7.05985 39
      vertex 84.3063 4.69377 39
    endloop
  endfacet
  facet normal -0 0 1
    outer loop
      vertex 83.6096 6.99043 39
      vertex 84.3063 4.69377 39
      vertex 83.8036 7.05985 39
    endloop
  endfacet
  facet normal 0 0 1
    outer loop
      vertex 84.3063 4.69377 39
      vertex 83.6096 6.99043 39
      vertex 83.8779 4.58647 39
    endloop
  endfacet
  facet normal -0 0 1
    outer loop
      vertex 83.4097 6.94035 39
      vertex 83.8779 4.58647 39
      vertex 83.6096 6.99043 39
    endloop
  endfacet
  facet normal 0 0 1
    outer loop
      vertex 83.8779 4.58647 39
      vertex 83.4097 6.94035 39
      vertex 83.4411 4.52167 39
    endloop
  endfacet
  facet normal -0 0 1
    outer loop
      vertex 83.2058 6.91011 39
      vertex 83.4411 4.52167 39
      vertex 83.4097 6.94035 39
    endloop
  endfacet
  facet normal -0 0 1
    outer loop
      vertex 83 6.9 39
      vertex 83.4411 4.52167 39
      vertex 83.2058 6.91011 39
    endloop
  endfacet
  facet normal 0 0 1
    outer loop
      vertex 83 6.9 39
      vertex 83 4.5 39
      vertex 83.4411 4.52167 39
    endloop
  endfacet
  facet normal 0 0 1
    outer loop
      vertex 82.7942 6.91011 39
      vertex 83 4.5 39
      vertex 83 6.9 39
    endloop
  endfacet
  facet normal 0 0 1
    outer loop
      vertex 82.5589 4.52167 39
      vertex 82.7942 6.91011 39
      vertex 82.5903 6.94035 39
    endloop
  endfacet
  facet normal 0 0 1
    outer loop
      vertex 82.7942 6.91011 39
      vertex 82.5589 4.52167 39
      vertex 83 4.5 39
    endloop
  endfacet
  facet normal 0 0 1
    outer loop
      vertex 82.1221 4.58647 39
      vertex 82.5903 6.94035 39
      vertex 82.3904 6.99043 39
    endloop
  endfacet
  facet normal 0 0 1
    outer loop
      vertex 81.6937 4.69377 39
      vertex 82.3904 6.99043 39
      vertex 82.1964 7.05985 39
    endloop
  endfacet
  facet normal 0 0 1
    outer loop
      vertex 82.5903 6.94035 39
      vertex 82.1221 4.58647 39
      vertex 82.5589 4.52167 39
    endloop
  endfacet
  facet normal 0 0 1
    outer loop
      vertex 81.2779 4.84254 39
      vertex 82.1964 7.05985 39
      vertex 82.0101 7.14797 39
    endloop
  endfacet
  facet normal 0 0 1
    outer loop
      vertex 80.8787 5.03135 39
      vertex 82.0101 7.14797 39
      vertex 81.8333 7.25391 39
    endloop
  endfacet
  facet normal 0 0 1
    outer loop
      vertex 82.3904 6.99043 39
      vertex 81.6937 4.69377 39
      vertex 82.1221 4.58647 39
    endloop
  endfacet
  facet normal 0 0 1
    outer loop
      vertex 80.4999 5.25839 39
      vertex 81.8333 7.25391 39
      vertex 81.6678 7.37668 39
    endloop
  endfacet
  facet normal 0 0 1
    outer loop
      vertex 80.1452 5.52145 39
      vertex 81.6678 7.37668 39
      vertex 81.5151 7.51508 39
    endloop
  endfacet
  facet normal 0 0 1
    outer loop
      vertex 79.818 5.81802 39
      vertex 81.5151 7.51508 39
      vertex 81.3767 7.66777 39
    endloop
  endfacet
  facet normal 0 0 1
    outer loop
      vertex 82.1964 7.05985 39
      vertex 81.2779 4.84254 39
      vertex 81.6937 4.69377 39
    endloop
  endfacet
  facet normal 0 0 1
    outer loop
      vertex 79.5215 6.14523 39
      vertex 81.3767 7.66777 39
      vertex 81.2539 7.8333 39
    endloop
  endfacet
  facet normal 0 0 1
    outer loop
      vertex 79.2584 6.49993 39
      vertex 81.2539 7.8333 39
      vertex 81.148 8.01007 39
    endloop
  endfacet
  facet normal 0 0 1
    outer loop
      vertex 79.0314 6.87872 39
      vertex 81.148 8.01007 39
      vertex 81.0599 8.19637 39
    endloop
  endfacet
  facet normal 0 0 1
    outer loop
      vertex 78.8425 7.27793 39
      vertex 81.0599 8.19637 39
      vertex 80.9904 8.3904 39
    endloop
  endfacet
  facet normal 0 0 1
    outer loop
      vertex 78.6938 7.69372 39
      vertex 80.9904 8.3904 39
      vertex 80.9404 8.59031 39
    endloop
  endfacet
  facet normal 0 0 1
    outer loop
      vertex 78.5865 8.12209 39
      vertex 80.9404 8.59031 39
      vertex 80.9101 8.79416 39
    endloop
  endfacet
  facet normal 0 0 1
    outer loop
      vertex 82.0101 7.14797 39
      vertex 80.8787 5.03135 39
      vertex 81.2779 4.84254 39
    endloop
  endfacet
  facet normal 0 0 1
    outer loop
      vertex 78.5217 8.55892 39
      vertex 80.9101 8.79416 39
      vertex 80.9 9 39
    endloop
  endfacet
  facet normal -0 0 1
    outer loop
      vertex 79.0314 11.1213 39
      vertex 81.148 9.98993 39
      vertex 79.2584 11.5001 39
    endloop
  endfacet
  facet normal 0 0 1
    outer loop
      vertex 81.148 9.98993 39
      vertex 79.0314 11.1213 39
      vertex 81.0599 9.80363 39
    endloop
  endfacet
  facet normal 0 0 1
    outer loop
      vertex 81.8333 7.25391 39
      vertex 80.4999 5.25839 39
      vertex 80.8787 5.03135 39
    endloop
  endfacet
  facet normal -0 0 1
    outer loop
      vertex 78.8425 10.7221 39
      vertex 81.0599 9.80363 39
      vertex 79.0314 11.1213 39
    endloop
  endfacet
  facet normal 0 0 1
    outer loop
      vertex 81.6678 7.37668 39
      vertex 80.1452 5.52145 39
      vertex 80.4999 5.25839 39
    endloop
  endfacet
  facet normal 0 0 1
    outer loop
      vertex 81.0599 9.80363 39
      vertex 78.8425 10.7221 39
      vertex 80.9904 9.6096 39
    endloop
  endfacet
  facet normal 0 0 1
    outer loop
      vertex 81.5151 7.51508 39
      vertex 79.818 5.81802 39
      vertex 80.1452 5.52145 39
    endloop
  endfacet
  facet normal -0 0 1
    outer loop
      vertex 78.6938 10.3063 39
      vertex 80.9904 9.6096 39
      vertex 78.8425 10.7221 39
    endloop
  endfacet
  facet normal 0 0 1
    outer loop
      vertex 81.3767 7.66777 39
      vertex 79.5215 6.14523 39
      vertex 79.818 5.81802 39
    endloop
  endfacet
  facet normal 0 0 1
    outer loop
      vertex 80.9904 9.6096 39
      vertex 78.6938 10.3063 39
      vertex 80.9404 9.40969 39
    endloop
  endfacet
  facet normal 0 0 1
    outer loop
      vertex 81.2539 7.8333 39
      vertex 79.2584 6.49993 39
      vertex 79.5215 6.14523 39
    endloop
  endfacet
  facet normal -0 0 1
    outer loop
      vertex 78.5865 9.87791 39
      vertex 80.9404 9.40969 39
      vertex 78.6938 10.3063 39
    endloop
  endfacet
  facet normal 0 0 1
    outer loop
      vertex 81.148 8.01007 39
      vertex 79.0314 6.87872 39
      vertex 79.2584 6.49993 39
    endloop
  endfacet
  facet normal 0 0 1
    outer loop
      vertex 80.9404 9.40969 39
      vertex 78.5865 9.87791 39
      vertex 80.9101 9.20584 39
    endloop
  endfacet
  facet normal 0 0 1
    outer loop
      vertex 81.0599 8.19637 39
      vertex 78.8425 7.27793 39
      vertex 79.0314 6.87872 39
    endloop
  endfacet
  facet normal -0 0 1
    outer loop
      vertex 78.5217 9.44108 39
      vertex 80.9101 9.20584 39
      vertex 78.5865 9.87791 39
    endloop
  endfacet
  facet normal 0 0 1
    outer loop
      vertex 80.9904 8.3904 39
      vertex 78.6938 7.69372 39
      vertex 78.8425 7.27793 39
    endloop
  endfacet
  facet normal 0 0 1
    outer loop
      vertex 80.9101 9.20584 39
      vertex 78.5217 9.44108 39
      vertex 80.9 9 39
    endloop
  endfacet
  facet normal 0 0 1
    outer loop
      vertex 80.9404 8.59031 39
      vertex 78.5865 8.12209 39
      vertex 78.6938 7.69372 39
    endloop
  endfacet
  facet normal 0 0 1
    outer loop
      vertex 78.5 9 39
      vertex 80.9 9 39
      vertex 78.5217 9.44108 39
    endloop
  endfacet
  facet normal 0 0 1
    outer loop
      vertex 80.9101 8.79416 39
      vertex 78.5217 8.55892 39
      vertex 78.5865 8.12209 39
    endloop
  endfacet
  facet normal 0 0 1
    outer loop
      vertex 80.9 9 39
      vertex 78.5 9 39
      vertex 78.5217 8.55892 39
    endloop
  endfacet
  facet normal -0.989133 -0.147023 0
    outer loop
      vertex 85.0899 9.20584 33.5
      vertex 85.0596 9.40969 39
      vertex 85.0596 9.40969 33.5
    endloop
  endfacet
  facet normal -0.989133 -0.147023 0
    outer loop
      vertex 85.0596 9.40969 39
      vertex 85.0899 9.20584 33.5
      vertex 85.0899 9.20584 39
    endloop
  endfacet
  facet normal -0.998798 -0.0490083 0
    outer loop
      vertex 85.1 9 33.5
      vertex 85.0899 9.20584 39
      vertex 85.0899 9.20584 33.5
    endloop
  endfacet
  facet normal -0.998798 -0.0490083 0
    outer loop
      vertex 85.0899 9.20584 39
      vertex 85.1 9 33.5
      vertex 85.1 9 39
    endloop
  endfacet
  facet normal -0.970117 -0.242638 0
    outer loop
      vertex 85.0596 9.40969 33.5
      vertex 85.0096 9.6096 39
      vertex 85.0096 9.6096 33.5
    endloop
  endfacet
  facet normal -0.970117 -0.242638 0
    outer loop
      vertex 85.0096 9.6096 39
      vertex 85.0596 9.40969 33.5
      vertex 85.0596 9.40969 39
    endloop
  endfacet
  facet normal -0.998798 0.0490083 0
    outer loop
      vertex 85.0899 8.79416 33.5
      vertex 85.1 9 39
      vertex 85.1 9 33.5
    endloop
  endfacet
  facet normal -0.998798 0.0490083 0
    outer loop
      vertex 85.1 9 39
      vertex 85.0899 8.79416 33.5
      vertex 85.0899 8.79416 39
    endloop
  endfacet
  facet normal -0.336914 0.941535 0
    outer loop
      vertex 83.8036 7.05985 33.5
      vertex 83.6096 6.99043 39
      vertex 83.8036 7.05985 39
    endloop
  endfacet
  facet normal -0.336914 0.941535 0
    outer loop
      vertex 83.6096 6.99043 39
      vertex 83.8036 7.05985 33.5
      vertex 83.6096 6.99043 33.5
    endloop
  endfacet
  facet normal 0.427582 0.903977 -0
    outer loop
      vertex 82.1964 7.05985 33.5
      vertex 82.0101 7.14797 39
      vertex 82.1964 7.05985 39
    endloop
  endfacet
  facet normal 0.427582 0.903977 0
    outer loop
      vertex 82.0101 7.14797 39
      vertex 82.1964 7.05985 33.5
      vertex 82.0101 7.14797 33.5
    endloop
  endfacet
  facet normal 0.989133 0.147023 0
    outer loop
      vertex 80.9404 8.59031 39
      vertex 80.9101 8.79416 33.5
      vertex 80.9101 8.79416 39
    endloop
  endfacet
  facet normal 0.989133 0.147023 0
    outer loop
      vertex 80.9101 8.79416 33.5
      vertex 80.9404 8.59031 39
      vertex 80.9404 8.59031 33.5
    endloop
  endfacet
  facet normal 0.671561 -0.740949 0
    outer loop
      vertex 81.5151 10.4849 33.5
      vertex 81.6678 10.6233 39
      vertex 81.5151 10.4849 39
    endloop
  endfacet
  facet normal 0.671561 -0.740949 0
    outer loop
      vertex 81.6678 10.6233 39
      vertex 81.5151 10.4849 33.5
      vertex 81.6678 10.6233 33.5
    endloop
  endfacet
  facet normal 0.243015 0.970022 -0
    outer loop
      vertex 82.5903 6.94035 33.5
      vertex 82.3904 6.99043 39
      vertex 82.5903 6.94035 39
    endloop
  endfacet
  facet normal 0.243015 0.970022 0
    outer loop
      vertex 82.3904 6.99043 39
      vertex 82.5903 6.94035 33.5
      vertex 82.3904 6.99043 33.5
    endloop
  endfacet
  facet normal 0.970117 -0.242638 0
    outer loop
      vertex 80.9404 9.40969 39
      vertex 80.9904 9.6096 33.5
      vertex 80.9904 9.6096 39
    endloop
  endfacet
  facet normal 0.970117 -0.242638 0
    outer loop
      vertex 80.9904 9.6096 33.5
      vertex 80.9404 9.40969 39
      vertex 80.9404 9.40969 33.5
    endloop
  endfacet
  facet normal -0.803076 -0.595877 0
    outer loop
      vertex 84.7461 10.1667 33.5
      vertex 84.6233 10.3322 39
      vertex 84.6233 10.3322 33.5
    endloop
  endfacet
  facet normal -0.803076 -0.595877 0
    outer loop
      vertex 84.6233 10.3322 39
      vertex 84.7461 10.1667 33.5
      vertex 84.7461 10.1667 39
    endloop
  endfacet
  facet normal 0.0490178 -0.998798 0
    outer loop
      vertex 82.7942 11.0899 33.5
      vertex 83 11.1 39
      vertex 82.7942 11.0899 39
    endloop
  endfacet
  facet normal 0.0490178 -0.998798 0
    outer loop
      vertex 83 11.1 39
      vertex 82.7942 11.0899 33.5
      vertex 83 11.1 33.5
    endloop
  endfacet
  facet normal 0.740927 0.671585 0
    outer loop
      vertex 81.5151 7.51508 39
      vertex 81.3767 7.66777 33.5
      vertex 81.3767 7.66777 39
    endloop
  endfacet
  facet normal 0.740927 0.671585 0
    outer loop
      vertex 81.3767 7.66777 33.5
      vertex 81.5151 7.51508 39
      vertex 81.5151 7.51508 33.5
    endloop
  endfacet
  facet normal 0.595783 0.803145 -0
    outer loop
      vertex 81.8333 7.25391 33.5
      vertex 81.6678 7.37668 39
      vertex 81.8333 7.25391 39
    endloop
  endfacet
  facet normal 0.595783 0.803145 0
    outer loop
      vertex 81.6678 7.37668 39
      vertex 81.8333 7.25391 33.5
      vertex 81.6678 7.37668 33.5
    endloop
  endfacet
  facet normal 0.513996 0.857792 -0
    outer loop
      vertex 82.0101 7.14797 33.5
      vertex 81.8333 7.25391 39
      vertex 82.0101 7.14797 39
    endloop
  endfacet
  facet normal 0.513996 0.857792 0
    outer loop
      vertex 81.8333 7.25391 39
      vertex 82.0101 7.14797 33.5
      vertex 81.8333 7.25391 33.5
    endloop
  endfacet
  facet normal -0.0490178 -0.998798 0
    outer loop
      vertex 83 11.1 33.5
      vertex 83.2058 11.0899 39
      vertex 83 11.1 39
    endloop
  endfacet
  facet normal -0.0490178 -0.998798 -0
    outer loop
      vertex 83.2058 11.0899 39
      vertex 83 11.1 33.5
      vertex 83.2058 11.0899 33.5
    endloop
  endfacet
  facet normal 0.803127 0.595808 0
    outer loop
      vertex 81.3767 7.66777 39
      vertex 81.2539 7.8333 33.5
      vertex 81.2539 7.8333 39
    endloop
  endfacet
  facet normal 0.803127 0.595808 0
    outer loop
      vertex 81.2539 7.8333 33.5
      vertex 81.3767 7.66777 39
      vertex 81.3767 7.66777 33.5
    endloop
  endfacet
  facet normal -0.989133 0.147023 0
    outer loop
      vertex 85.0596 8.59031 33.5
      vertex 85.0899 8.79416 39
      vertex 85.0899 8.79416 33.5
    endloop
  endfacet
  facet normal -0.989133 0.147023 0
    outer loop
      vertex 85.0899 8.79416 39
      vertex 85.0596 8.59031 33.5
      vertex 85.0596 8.59031 39
    endloop
  endfacet
  facet normal 0.740949 -0.671561 0
    outer loop
      vertex 81.3767 10.3322 39
      vertex 81.5151 10.4849 33.5
      vertex 81.5151 10.4849 39
    endloop
  endfacet
  facet normal 0.740949 -0.671561 0
    outer loop
      vertex 81.5151 10.4849 33.5
      vertex 81.3767 10.3322 39
      vertex 81.3767 10.3322 33.5
    endloop
  endfacet
  facet normal -0.941429 0.337212 0
    outer loop
      vertex 84.9401 8.19637 33.5
      vertex 85.0096 8.3904 39
      vertex 85.0096 8.3904 33.5
    endloop
  endfacet
  facet normal -0.941429 0.337212 0
    outer loop
      vertex 85.0096 8.3904 39
      vertex 84.9401 8.19637 33.5
      vertex 84.9401 8.19637 39
    endloop
  endfacet
  facet normal 0.337258 -0.941412 0
    outer loop
      vertex 82.1964 10.9401 33.5
      vertex 82.3904 11.0096 39
      vertex 82.1964 10.9401 39
    endloop
  endfacet
  facet normal 0.337258 -0.941412 0
    outer loop
      vertex 82.3904 11.0096 39
      vertex 82.1964 10.9401 33.5
      vertex 82.3904 11.0096 33.5
    endloop
  endfacet
  facet normal -0.941429 -0.337212 0
    outer loop
      vertex 85.0096 9.6096 33.5
      vertex 84.9401 9.80363 39
      vertex 84.9401 9.80363 33.5
    endloop
  endfacet
  facet normal -0.941429 -0.337212 0
    outer loop
      vertex 84.9401 9.80363 39
      vertex 85.0096 9.6096 33.5
      vertex 85.0096 9.6096 39
    endloop
  endfacet
  facet normal 0.904014 -0.427502 0
    outer loop
      vertex 81.0599 9.80363 39
      vertex 81.148 9.98993 33.5
      vertex 81.148 9.98993 39
    endloop
  endfacet
  facet normal 0.904014 -0.427502 0
    outer loop
      vertex 81.148 9.98993 33.5
      vertex 81.0599 9.80363 39
      vertex 81.0599 9.80363 33.5
    endloop
  endfacet
  facet normal -0.970117 0.242638 0
    outer loop
      vertex 85.0096 8.3904 33.5
      vertex 85.0596 8.59031 39
      vertex 85.0596 8.59031 33.5
    endloop
  endfacet
  facet normal -0.970117 0.242638 0
    outer loop
      vertex 85.0596 8.59031 39
      vertex 85.0096 8.3904 33.5
      vertex 85.0096 8.3904 39
    endloop
  endfacet
  facet normal -0.0490662 0.998796 0
    outer loop
      vertex 83.2058 6.91011 33.5
      vertex 83 6.9 39
      vertex 83.2058 6.91011 39
    endloop
  endfacet
  facet normal -0.0490662 0.998796 0
    outer loop
      vertex 83 6.9 39
      vertex 83.2058 6.91011 33.5
      vertex 83 6.9 33.5
    endloop
  endfacet
  facet normal -0.904014 -0.427502 0
    outer loop
      vertex 84.9401 9.80363 33.5
      vertex 84.852 9.98993 39
      vertex 84.852 9.98993 33.5
    endloop
  endfacet
  facet normal -0.904014 -0.427502 0
    outer loop
      vertex 84.852 9.98993 39
      vertex 84.9401 9.80363 33.5
      vertex 84.9401 9.80363 39
    endloop
  endfacet
  facet normal 0.941429 0.337212 0
    outer loop
      vertex 81.0599 8.19637 39
      vertex 80.9904 8.3904 33.5
      vertex 80.9904 8.3904 39
    endloop
  endfacet
  facet normal 0.941429 0.337212 0
    outer loop
      vertex 80.9904 8.3904 33.5
      vertex 81.0599 8.19637 39
      vertex 81.0599 8.19637 33.5
    endloop
  endfacet
  facet normal -0.427582 0.903977 0
    outer loop
      vertex 83.9899 7.14797 33.5
      vertex 83.8036 7.05985 39
      vertex 83.9899 7.14797 39
    endloop
  endfacet
  facet normal -0.427582 0.903977 0
    outer loop
      vertex 83.8036 7.05985 39
      vertex 83.9899 7.14797 33.5
      vertex 83.8036 7.05985 33.5
    endloop
  endfacet
  facet normal -0.427502 -0.904014 0
    outer loop
      vertex 83.8036 10.9401 33.5
      vertex 83.9899 10.852 39
      vertex 83.8036 10.9401 39
    endloop
  endfacet
  facet normal -0.427502 -0.904014 -0
    outer loop
      vertex 83.9899 10.852 39
      vertex 83.8036 10.9401 33.5
      vertex 83.9899 10.852 33.5
    endloop
  endfacet
  facet normal 0.427502 -0.904014 0
    outer loop
      vertex 82.0101 10.852 33.5
      vertex 82.1964 10.9401 39
      vertex 82.0101 10.852 39
    endloop
  endfacet
  facet normal 0.427502 -0.904014 0
    outer loop
      vertex 82.1964 10.9401 39
      vertex 82.0101 10.852 33.5
      vertex 82.1964 10.9401 33.5
    endloop
  endfacet
  facet normal -0.595783 0.803145 0
    outer loop
      vertex 84.3322 7.37668 33.5
      vertex 84.1667 7.25391 39
      vertex 84.3322 7.37668 39
    endloop
  endfacet
  facet normal -0.595783 0.803145 0
    outer loop
      vertex 84.1667 7.25391 39
      vertex 84.3322 7.37668 33.5
      vertex 84.1667 7.25391 33.5
    endloop
  endfacet
  facet normal -0.740927 0.671585 0
    outer loop
      vertex 84.4849 7.51508 33.5
      vertex 84.6233 7.66777 39
      vertex 84.6233 7.66777 33.5
    endloop
  endfacet
  facet normal -0.740927 0.671585 0
    outer loop
      vertex 84.6233 7.66777 39
      vertex 84.4849 7.51508 33.5
      vertex 84.4849 7.51508 39
    endloop
  endfacet
  facet normal 0.904014 0.427502 0
    outer loop
      vertex 81.148 8.01007 39
      vertex 81.0599 8.19637 33.5
      vertex 81.0599 8.19637 39
    endloop
  endfacet
  facet normal 0.904014 0.427502 0
    outer loop
      vertex 81.0599 8.19637 33.5
      vertex 81.148 8.01007 39
      vertex 81.148 8.01007 33.5
    endloop
  endfacet
  facet normal -0.146703 0.989181 0
    outer loop
      vertex 83.4097 6.94035 33.5
      vertex 83.2058 6.91011 39
      vertex 83.4097 6.94035 39
    endloop
  endfacet
  facet normal -0.146703 0.989181 0
    outer loop
      vertex 83.2058 6.91011 39
      vertex 83.4097 6.94035 33.5
      vertex 83.2058 6.91011 33.5
    endloop
  endfacet
  facet normal -0.24265 -0.970114 0
    outer loop
      vertex 83.4097 11.0596 33.5
      vertex 83.6096 11.0096 39
      vertex 83.4097 11.0596 39
    endloop
  endfacet
  facet normal -0.24265 -0.970114 -0
    outer loop
      vertex 83.6096 11.0096 39
      vertex 83.4097 11.0596 33.5
      vertex 83.6096 11.0096 33.5
    endloop
  endfacet
  facet normal -0.671561 -0.740949 0
    outer loop
      vertex 84.3322 10.6233 33.5
      vertex 84.4849 10.4849 39
      vertex 84.3322 10.6233 39
    endloop
  endfacet
  facet normal -0.671561 -0.740949 -0
    outer loop
      vertex 84.4849 10.4849 39
      vertex 84.3322 10.6233 33.5
      vertex 84.4849 10.4849 33.5
    endloop
  endfacet
  facet normal 0.989133 -0.147023 0
    outer loop
      vertex 80.9101 9.20584 39
      vertex 80.9404 9.40969 33.5
      vertex 80.9404 9.40969 39
    endloop
  endfacet
  facet normal 0.989133 -0.147023 0
    outer loop
      vertex 80.9404 9.40969 33.5
      vertex 80.9101 9.20584 39
      vertex 80.9101 9.20584 33.5
    endloop
  endfacet
  facet normal -0.595877 -0.803076 0
    outer loop
      vertex 84.1667 10.7461 33.5
      vertex 84.3322 10.6233 39
      vertex 84.1667 10.7461 39
    endloop
  endfacet
  facet normal -0.595877 -0.803076 -0
    outer loop
      vertex 84.3322 10.6233 39
      vertex 84.1667 10.7461 33.5
      vertex 84.3322 10.6233 33.5
    endloop
  endfacet
  facet normal -0.513853 -0.857878 0
    outer loop
      vertex 83.9899 10.852 33.5
      vertex 84.1667 10.7461 39
      vertex 83.9899 10.852 39
    endloop
  endfacet
  facet normal -0.513853 -0.857878 -0
    outer loop
      vertex 84.1667 10.7461 39
      vertex 83.9899 10.852 33.5
      vertex 84.1667 10.7461 33.5
    endloop
  endfacet
  facet normal -0.803127 0.595808 0
    outer loop
      vertex 84.6233 7.66777 33.5
      vertex 84.7461 7.8333 39
      vertex 84.7461 7.8333 33.5
    endloop
  endfacet
  facet normal -0.803127 0.595808 0
    outer loop
      vertex 84.7461 7.8333 39
      vertex 84.6233 7.66777 33.5
      vertex 84.6233 7.66777 39
    endloop
  endfacet
  facet normal -0.337258 -0.941412 0
    outer loop
      vertex 83.6096 11.0096 33.5
      vertex 83.8036 10.9401 39
      vertex 83.6096 11.0096 39
    endloop
  endfacet
  facet normal -0.337258 -0.941412 -0
    outer loop
      vertex 83.8036 10.9401 39
      vertex 83.6096 11.0096 33.5
      vertex 83.8036 10.9401 33.5
    endloop
  endfacet
  facet normal -0.243015 0.970022 0
    outer loop
      vertex 83.6096 6.99043 33.5
      vertex 83.4097 6.94035 39
      vertex 83.6096 6.99043 39
    endloop
  endfacet
  facet normal -0.243015 0.970022 0
    outer loop
      vertex 83.4097 6.94035 39
      vertex 83.6096 6.99043 33.5
      vertex 83.4097 6.94035 33.5
    endloop
  endfacet
  facet normal -0.740949 -0.671561 0
    outer loop
      vertex 84.6233 10.3322 33.5
      vertex 84.4849 10.4849 39
      vertex 84.4849 10.4849 33.5
    endloop
  endfacet
  facet normal -0.740949 -0.671561 0
    outer loop
      vertex 84.4849 10.4849 39
      vertex 84.6233 10.3322 33.5
      vertex 84.6233 10.3322 39
    endloop
  endfacet
  facet normal -0.85784 -0.513918 0
    outer loop
      vertex 84.852 9.98993 33.5
      vertex 84.7461 10.1667 39
      vertex 84.7461 10.1667 33.5
    endloop
  endfacet
  facet normal -0.85784 -0.513918 0
    outer loop
      vertex 84.7461 10.1667 39
      vertex 84.852 9.98993 33.5
      vertex 84.852 9.98993 39
    endloop
  endfacet
  facet normal 0.671561 0.740949 -0
    outer loop
      vertex 81.6678 7.37668 33.5
      vertex 81.5151 7.51508 39
      vertex 81.6678 7.37668 39
    endloop
  endfacet
  facet normal 0.671561 0.740949 0
    outer loop
      vertex 81.5151 7.51508 39
      vertex 81.6678 7.37668 33.5
      vertex 81.5151 7.51508 33.5
    endloop
  endfacet
  facet normal 0.513853 -0.857878 0
    outer loop
      vertex 81.8333 10.7461 33.5
      vertex 82.0101 10.852 39
      vertex 81.8333 10.7461 39
    endloop
  endfacet
  facet normal 0.513853 -0.857878 0
    outer loop
      vertex 82.0101 10.852 39
      vertex 81.8333 10.7461 33.5
      vertex 82.0101 10.852 33.5
    endloop
  endfacet
  facet normal 0.24265 -0.970114 0
    outer loop
      vertex 82.3904 11.0096 33.5
      vertex 82.5903 11.0596 39
      vertex 82.3904 11.0096 39
    endloop
  endfacet
  facet normal 0.24265 -0.970114 0
    outer loop
      vertex 82.5903 11.0596 39
      vertex 82.3904 11.0096 33.5
      vertex 82.5903 11.0596 33.5
    endloop
  endfacet
  facet normal 0 0 1
    outer loop
      vertex 85.0899 9.20584 33.5
      vertex 85.0899 8.79416 33.5
      vertex 85.1 9 33.5
    endloop
  endfacet
  facet normal 0 0 1
    outer loop
      vertex 85.0596 9.40969 33.5
      vertex 85.0899 8.79416 33.5
      vertex 85.0899 9.20584 33.5
    endloop
  endfacet
  facet normal 0 0 1
    outer loop
      vertex 85.0596 9.40969 33.5
      vertex 85.0596 8.59031 33.5
      vertex 85.0899 8.79416 33.5
    endloop
  endfacet
  facet normal 0 0 1
    outer loop
      vertex 85.0096 9.6096 33.5
      vertex 85.0596 8.59031 33.5
      vertex 85.0596 9.40969 33.5
    endloop
  endfacet
  facet normal 0 0 1
    outer loop
      vertex 85.0096 9.6096 33.5
      vertex 85.0096 8.3904 33.5
      vertex 85.0596 8.59031 33.5
    endloop
  endfacet
  facet normal 0 0 1
    outer loop
      vertex 84.9401 9.80363 33.5
      vertex 85.0096 8.3904 33.5
      vertex 85.0096 9.6096 33.5
    endloop
  endfacet
  facet normal 0 0 1
    outer loop
      vertex 84.9401 9.80363 33.5
      vertex 84.9401 8.19637 33.5
      vertex 85.0096 8.3904 33.5
    endloop
  endfacet
  facet normal 0 0 1
    outer loop
      vertex 84.852 9.98993 33.5
      vertex 84.9401 8.19637 33.5
      vertex 84.9401 9.80363 33.5
    endloop
  endfacet
  facet normal 0 0 1
    outer loop
      vertex 84.852 9.98993 33.5
      vertex 84.852 8.01007 33.5
      vertex 84.9401 8.19637 33.5
    endloop
  endfacet
  facet normal 0 0 1
    outer loop
      vertex 84.7461 10.1667 33.5
      vertex 84.852 8.01007 33.5
      vertex 84.852 9.98993 33.5
    endloop
  endfacet
  facet normal 0 0 1
    outer loop
      vertex 84.7461 10.1667 33.5
      vertex 84.7461 7.8333 33.5
      vertex 84.852 8.01007 33.5
    endloop
  endfacet
  facet normal 0 0 1
    outer loop
      vertex 84.6233 10.3322 33.5
      vertex 84.7461 7.8333 33.5
      vertex 84.7461 10.1667 33.5
    endloop
  endfacet
  facet normal 0 0 1
    outer loop
      vertex 84.6233 10.3322 33.5
      vertex 84.6233 7.66777 33.5
      vertex 84.7461 7.8333 33.5
    endloop
  endfacet
  facet normal 0 0 1
    outer loop
      vertex 84.4849 10.4849 33.5
      vertex 84.6233 7.66777 33.5
      vertex 84.6233 10.3322 33.5
    endloop
  endfacet
  facet normal 0 0 1
    outer loop
      vertex 84.4849 10.4849 33.5
      vertex 84.4849 7.51508 33.5
      vertex 84.6233 7.66777 33.5
    endloop
  endfacet
  facet normal 0 0 1
    outer loop
      vertex 84.3322 10.6233 33.5
      vertex 84.4849 7.51508 33.5
      vertex 84.4849 10.4849 33.5
    endloop
  endfacet
  facet normal 0 0 1
    outer loop
      vertex 84.3322 10.6233 33.5
      vertex 84.3322 7.37668 33.5
      vertex 84.4849 7.51508 33.5
    endloop
  endfacet
  facet normal 0 0 1
    outer loop
      vertex 84.1667 10.7461 33.5
      vertex 84.3322 7.37668 33.5
      vertex 84.3322 10.6233 33.5
    endloop
  endfacet
  facet normal 0 0 1
    outer loop
      vertex 84.1667 10.7461 33.5
      vertex 84.1667 7.25391 33.5
      vertex 84.3322 7.37668 33.5
    endloop
  endfacet
  facet normal 0 0 1
    outer loop
      vertex 83.9899 10.852 33.5
      vertex 84.1667 7.25391 33.5
      vertex 84.1667 10.7461 33.5
    endloop
  endfacet
  facet normal 0 0 1
    outer loop
      vertex 83.9899 10.852 33.5
      vertex 83.9899 7.14797 33.5
      vertex 84.1667 7.25391 33.5
    endloop
  endfacet
  facet normal 0 0 1
    outer loop
      vertex 83.8036 10.9401 33.5
      vertex 83.9899 7.14797 33.5
      vertex 83.9899 10.852 33.5
    endloop
  endfacet
  facet normal 0 0 1
    outer loop
      vertex 83.8036 10.9401 33.5
      vertex 83.8036 7.05985 33.5
      vertex 83.9899 7.14797 33.5
    endloop
  endfacet
  facet normal 0 0 1
    outer loop
      vertex 83.6096 11.0096 33.5
      vertex 83.8036 7.05985 33.5
      vertex 83.8036 10.9401 33.5
    endloop
  endfacet
  facet normal 0 0 1
    outer loop
      vertex 83.6096 11.0096 33.5
      vertex 83.6096 6.99043 33.5
      vertex 83.8036 7.05985 33.5
    endloop
  endfacet
  facet normal 0 0 1
    outer loop
      vertex 83.4097 11.0596 33.5
      vertex 83.6096 6.99043 33.5
      vertex 83.6096 11.0096 33.5
    endloop
  endfacet
  facet normal 0 0 1
    outer loop
      vertex 83.4097 11.0596 33.5
      vertex 83.4097 6.94035 33.5
      vertex 83.6096 6.99043 33.5
    endloop
  endfacet
  facet normal 0 0 1
    outer loop
      vertex 83.2058 11.0899 33.5
      vertex 83.4097 6.94035 33.5
      vertex 83.4097 11.0596 33.5
    endloop
  endfacet
  facet normal 0 0 1
    outer loop
      vertex 83.2058 11.0899 33.5
      vertex 83.2058 6.91011 33.5
      vertex 83.4097 6.94035 33.5
    endloop
  endfacet
  facet normal 0 0 1
    outer loop
      vertex 83 11.1 33.5
      vertex 83.2058 6.91011 33.5
      vertex 83.2058 11.0899 33.5
    endloop
  endfacet
  facet normal 0 0 1
    outer loop
      vertex 83 11.1 33.5
      vertex 83 6.9 33.5
      vertex 83.2058 6.91011 33.5
    endloop
  endfacet
  facet normal -0 0 1
    outer loop
      vertex 82.7942 11.0899 33.5
      vertex 83 6.9 33.5
      vertex 83 11.1 33.5
    endloop
  endfacet
  facet normal 0 0 1
    outer loop
      vertex 82.7942 11.0899 33.5
      vertex 82.7942 6.91011 33.5
      vertex 83 6.9 33.5
    endloop
  endfacet
  facet normal -0 0 1
    outer loop
      vertex 82.5903 11.0596 33.5
      vertex 82.7942 6.91011 33.5
      vertex 82.7942 11.0899 33.5
    endloop
  endfacet
  facet normal 0 0 1
    outer loop
      vertex 82.5903 11.0596 33.5
      vertex 82.5903 6.94035 33.5
      vertex 82.7942 6.91011 33.5
    endloop
  endfacet
  facet normal -0 0 1
    outer loop
      vertex 82.3904 11.0096 33.5
      vertex 82.5903 6.94035 33.5
      vertex 82.5903 11.0596 33.5
    endloop
  endfacet
  facet normal 0 0 1
    outer loop
      vertex 82.3904 11.0096 33.5
      vertex 82.3904 6.99043 33.5
      vertex 82.5903 6.94035 33.5
    endloop
  endfacet
  facet normal -0 0 1
    outer loop
      vertex 82.1964 10.9401 33.5
      vertex 82.3904 6.99043 33.5
      vertex 82.3904 11.0096 33.5
    endloop
  endfacet
  facet normal 0 0 1
    outer loop
      vertex 82.1964 10.9401 33.5
      vertex 82.1964 7.05985 33.5
      vertex 82.3904 6.99043 33.5
    endloop
  endfacet
  facet normal -0 0 1
    outer loop
      vertex 82.0101 10.852 33.5
      vertex 82.1964 7.05985 33.5
      vertex 82.1964 10.9401 33.5
    endloop
  endfacet
  facet normal 0 0 1
    outer loop
      vertex 82.0101 10.852 33.5
      vertex 82.0101 7.14797 33.5
      vertex 82.1964 7.05985 33.5
    endloop
  endfacet
  facet normal -0 0 1
    outer loop
      vertex 81.8333 10.7461 33.5
      vertex 82.0101 7.14797 33.5
      vertex 82.0101 10.852 33.5
    endloop
  endfacet
  facet normal 0 0 1
    outer loop
      vertex 81.8333 10.7461 33.5
      vertex 81.8333 7.25391 33.5
      vertex 82.0101 7.14797 33.5
    endloop
  endfacet
  facet normal -0 0 1
    outer loop
      vertex 81.6678 10.6233 33.5
      vertex 81.8333 7.25391 33.5
      vertex 81.8333 10.7461 33.5
    endloop
  endfacet
  facet normal 0 0 1
    outer loop
      vertex 81.6678 10.6233 33.5
      vertex 81.6678 7.37668 33.5
      vertex 81.8333 7.25391 33.5
    endloop
  endfacet
  facet normal -0 0 1
    outer loop
      vertex 81.5151 10.4849 33.5
      vertex 81.6678 7.37668 33.5
      vertex 81.6678 10.6233 33.5
    endloop
  endfacet
  facet normal 0 0 1
    outer loop
      vertex 81.5151 10.4849 33.5
      vertex 81.5151 7.51508 33.5
      vertex 81.6678 7.37668 33.5
    endloop
  endfacet
  facet normal -0 0 1
    outer loop
      vertex 81.3767 10.3322 33.5
      vertex 81.5151 7.51508 33.5
      vertex 81.5151 10.4849 33.5
    endloop
  endfacet
  facet normal 0 0 1
    outer loop
      vertex 81.3767 10.3322 33.5
      vertex 81.3767 7.66777 33.5
      vertex 81.5151 7.51508 33.5
    endloop
  endfacet
  facet normal -0 0 1
    outer loop
      vertex 81.2539 10.1667 33.5
      vertex 81.3767 7.66777 33.5
      vertex 81.3767 10.3322 33.5
    endloop
  endfacet
  facet normal 0 0 1
    outer loop
      vertex 81.2539 10.1667 33.5
      vertex 81.2539 7.8333 33.5
      vertex 81.3767 7.66777 33.5
    endloop
  endfacet
  facet normal -0 0 1
    outer loop
      vertex 81.148 9.98993 33.5
      vertex 81.2539 7.8333 33.5
      vertex 81.2539 10.1667 33.5
    endloop
  endfacet
  facet normal 0 0 1
    outer loop
      vertex 81.148 9.98993 33.5
      vertex 81.148 8.01007 33.5
      vertex 81.2539 7.8333 33.5
    endloop
  endfacet
  facet normal -0 0 1
    outer loop
      vertex 81.0599 9.80363 33.5
      vertex 81.148 8.01007 33.5
      vertex 81.148 9.98993 33.5
    endloop
  endfacet
  facet normal 0 0 1
    outer loop
      vertex 81.0599 9.80363 33.5
      vertex 81.0599 8.19637 33.5
      vertex 81.148 8.01007 33.5
    endloop
  endfacet
  facet normal -0 0 1
    outer loop
      vertex 80.9904 9.6096 33.5
      vertex 81.0599 8.19637 33.5
      vertex 81.0599 9.80363 33.5
    endloop
  endfacet
  facet normal 0 0 1
    outer loop
      vertex 80.9904 9.6096 33.5
      vertex 80.9904 8.3904 33.5
      vertex 81.0599 8.19637 33.5
    endloop
  endfacet
  facet normal -0 0 1
    outer loop
      vertex 80.9404 9.40969 33.5
      vertex 80.9904 8.3904 33.5
      vertex 80.9904 9.6096 33.5
    endloop
  endfacet
  facet normal 0 0 1
    outer loop
      vertex 80.9404 9.40969 33.5
      vertex 80.9404 8.59031 33.5
      vertex 80.9904 8.3904 33.5
    endloop
  endfacet
  facet normal -0 0 1
    outer loop
      vertex 80.9101 9.20584 33.5
      vertex 80.9404 8.59031 33.5
      vertex 80.9404 9.40969 33.5
    endloop
  endfacet
  facet normal 0 0 1
    outer loop
      vertex 80.9101 9.20584 33.5
      vertex 80.9101 8.79416 33.5
      vertex 80.9404 8.59031 33.5
    endloop
  endfacet
  facet normal 0 -0 1
    outer loop
      vertex 80.9101 8.79416 33.5
      vertex 80.9101 9.20584 33.5
      vertex 80.9 9 33.5
    endloop
  endfacet
  facet normal 0.146988 -0.989138 0
    outer loop
      vertex 82.5903 11.0596 33.5
      vertex 82.7942 11.0899 39
      vertex 82.5903 11.0596 39
    endloop
  endfacet
  facet normal 0.146988 -0.989138 0
    outer loop
      vertex 82.7942 11.0899 39
      vertex 82.5903 11.0596 33.5
      vertex 82.7942 11.0899 33.5
    endloop
  endfacet
  facet normal 0.998798 -0.0490083 0
    outer loop
      vertex 80.9 9 39
      vertex 80.9101 9.20584 33.5
      vertex 80.9101 9.20584 39
    endloop
  endfacet
  facet normal 0.998798 -0.0490083 0
    outer loop
      vertex 80.9101 9.20584 33.5
      vertex 80.9 9 39
      vertex 80.9 9 33.5
    endloop
  endfacet
  facet normal 0.803076 -0.595877 0
    outer loop
      vertex 81.2539 10.1667 39
      vertex 81.3767 10.3322 33.5
      vertex 81.3767 10.3322 39
    endloop
  endfacet
  facet normal 0.803076 -0.595877 0
    outer loop
      vertex 81.3767 10.3322 33.5
      vertex 81.2539 10.1667 39
      vertex 81.2539 10.1667 33.5
    endloop
  endfacet
  facet normal 0.970117 0.242638 0
    outer loop
      vertex 80.9904 8.3904 39
      vertex 80.9404 8.59031 33.5
      vertex 80.9404 8.59031 39
    endloop
  endfacet
  facet normal 0.970117 0.242638 0
    outer loop
      vertex 80.9404 8.59031 33.5
      vertex 80.9904 8.3904 39
      vertex 80.9904 8.3904 33.5
    endloop
  endfacet
  facet normal -0.85784 0.513918 0
    outer loop
      vertex 84.7461 7.8333 33.5
      vertex 84.852 8.01007 39
      vertex 84.852 8.01007 33.5
    endloop
  endfacet
  facet normal -0.85784 0.513918 0
    outer loop
      vertex 84.852 8.01007 39
      vertex 84.7461 7.8333 33.5
      vertex 84.7461 7.8333 39
    endloop
  endfacet
  facet normal -0.904014 0.427502 0
    outer loop
      vertex 84.852 8.01007 33.5
      vertex 84.9401 8.19637 39
      vertex 84.9401 8.19637 33.5
    endloop
  endfacet
  facet normal -0.904014 0.427502 0
    outer loop
      vertex 84.9401 8.19637 39
      vertex 84.852 8.01007 33.5
      vertex 84.852 8.01007 39
    endloop
  endfacet
  facet normal -0.513996 0.857792 0
    outer loop
      vertex 84.1667 7.25391 33.5
      vertex 83.9899 7.14797 39
      vertex 84.1667 7.25391 39
    endloop
  endfacet
  facet normal -0.513996 0.857792 0
    outer loop
      vertex 83.9899 7.14797 39
      vertex 84.1667 7.25391 33.5
      vertex 83.9899 7.14797 33.5
    endloop
  endfacet
  facet normal 0.941429 -0.337212 0
    outer loop
      vertex 80.9904 9.6096 39
      vertex 81.0599 9.80363 33.5
      vertex 81.0599 9.80363 39
    endloop
  endfacet
  facet normal 0.941429 -0.337212 0
    outer loop
      vertex 81.0599 9.80363 33.5
      vertex 80.9904 9.6096 39
      vertex 80.9904 9.6096 33.5
    endloop
  endfacet
  facet normal 0.0490662 0.998796 -0
    outer loop
      vertex 83 6.9 33.5
      vertex 82.7942 6.91011 39
      vertex 83 6.9 39
    endloop
  endfacet
  facet normal 0.0490662 0.998796 0
    outer loop
      vertex 82.7942 6.91011 39
      vertex 83 6.9 33.5
      vertex 82.7942 6.91011 33.5
    endloop
  endfacet
  facet normal 0.146703 0.989181 -0
    outer loop
      vertex 82.7942 6.91011 33.5
      vertex 82.5903 6.94035 39
      vertex 82.7942 6.91011 39
    endloop
  endfacet
  facet normal 0.146703 0.989181 0
    outer loop
      vertex 82.5903 6.94035 39
      vertex 82.7942 6.91011 33.5
      vertex 82.5903 6.94035 33.5
    endloop
  endfacet
  facet normal 0.595877 -0.803076 0
    outer loop
      vertex 81.6678 10.6233 33.5
      vertex 81.8333 10.7461 39
      vertex 81.6678 10.6233 39
    endloop
  endfacet
  facet normal 0.595877 -0.803076 0
    outer loop
      vertex 81.8333 10.7461 39
      vertex 81.6678 10.6233 33.5
      vertex 81.8333 10.7461 33.5
    endloop
  endfacet
  facet normal -0.671561 0.740949 0
    outer loop
      vertex 84.4849 7.51508 33.5
      vertex 84.3322 7.37668 39
      vertex 84.4849 7.51508 39
    endloop
  endfacet
  facet normal -0.671561 0.740949 0
    outer loop
      vertex 84.3322 7.37668 39
      vertex 84.4849 7.51508 33.5
      vertex 84.3322 7.37668 33.5
    endloop
  endfacet
  facet normal 0.336914 0.941535 -0
    outer loop
      vertex 82.3904 6.99043 33.5
      vertex 82.1964 7.05985 39
      vertex 82.3904 6.99043 39
    endloop
  endfacet
  facet normal 0.336914 0.941535 0
    outer loop
      vertex 82.1964 7.05985 39
      vertex 82.3904 6.99043 33.5
      vertex 82.1964 7.05985 33.5
    endloop
  endfacet
  facet normal -0.146988 -0.989138 0
    outer loop
      vertex 83.2058 11.0899 33.5
      vertex 83.4097 11.0596 39
      vertex 83.2058 11.0899 39
    endloop
  endfacet
  facet normal -0.146988 -0.989138 -0
    outer loop
      vertex 83.4097 11.0596 39
      vertex 83.2058 11.0899 33.5
      vertex 83.4097 11.0596 33.5
    endloop
  endfacet
  facet normal 0.85784 -0.513918 0
    outer loop
      vertex 81.148 9.98993 39
      vertex 81.2539 10.1667 33.5
      vertex 81.2539 10.1667 39
    endloop
  endfacet
  facet normal 0.85784 -0.513918 0
    outer loop
      vertex 81.2539 10.1667 33.5
      vertex 81.148 9.98993 39
      vertex 81.148 9.98993 33.5
    endloop
  endfacet
  facet normal 0.998798 0.0490083 0
    outer loop
      vertex 80.9101 8.79416 39
      vertex 80.9 9 33.5
      vertex 80.9 9 39
    endloop
  endfacet
  facet normal 0.998798 0.0490083 0
    outer loop
      vertex 80.9 9 33.5
      vertex 80.9101 8.79416 39
      vertex 80.9101 8.79416 33.5
    endloop
  endfacet
  facet normal 0.85784 0.513918 0
    outer loop
      vertex 81.2539 7.8333 39
      vertex 81.148 8.01007 33.5
      vertex 81.148 8.01007 39
    endloop
  endfacet
  facet normal 0.85784 0.513918 0
    outer loop
      vertex 81.148 8.01007 33.5
      vertex 81.2539 7.8333 39
      vertex 81.2539 7.8333 33.5
    endloop
  endfacet
  facet normal 0.741015 0.671488 0
    outer loop
      vertex 86.4785 69.8548 39
      vertex 86.182 70.182 2.4
      vertex 86.182 70.182 39
    endloop
  endfacet
  facet normal 0.741015 0.671488 0
    outer loop
      vertex 86.182 70.182 2.4
      vertex 86.4785 69.8548 39
      vertex 86.4785 69.8548 2.4
    endloop
  endfacet
  facet normal 0.989174 0.146746 0
    outer loop
      vertex 87.4783 67.4411 39
      vertex 87.4135 67.8779 2.4
      vertex 87.4135 67.8779 39
    endloop
  endfacet
  facet normal 0.989174 0.146746 0
    outer loop
      vertex 87.4135 67.8779 2.4
      vertex 87.4783 67.4411 39
      vertex 87.4783 67.4411 2.4
    endloop
  endfacet
  facet normal 0.998792 0.0491358 0
    outer loop
      vertex 87.5 67 39
      vertex 87.4783 67.4411 2.4
      vertex 87.4783 67.4411 39
    endloop
  endfacet
  facet normal 0.998792 0.0491358 0
    outer loop
      vertex 87.4783 67.4411 2.4
      vertex 87.5 67 39
      vertex 87.5 67 2.4
    endloop
  endfacet
  facet normal 0.970036 0.242962 0
    outer loop
      vertex 87.4135 67.8779 39
      vertex 87.3062 68.3063 2.4
      vertex 87.3062 68.3063 39
    endloop
  endfacet
  facet normal 0.970036 0.242962 0
    outer loop
      vertex 87.3062 68.3063 2.4
      vertex 87.4135 67.8779 39
      vertex 87.4135 67.8779 2.4
    endloop
  endfacet
  facet normal 0.336738 -0.941598 0
    outer loop
      vertex 84.3063 62.6938 2.4
      vertex 84.7221 62.8425 39
      vertex 84.3063 62.6938 39
    endloop
  endfacet
  facet normal 0.336738 -0.941598 0
    outer loop
      vertex 84.7221 62.8425 39
      vertex 84.3063 62.6938 2.4
      vertex 84.7221 62.8425 2.4
    endloop
  endfacet
  facet normal 0.671488 0.741015 -0
    outer loop
      vertex 86.182 70.182 2.4
      vertex 85.8548 70.4785 39
      vertex 86.182 70.182 39
    endloop
  endfacet
  facet normal 0.671488 0.741015 0
    outer loop
      vertex 85.8548 70.4785 39
      vertex 86.182 70.182 2.4
      vertex 85.8548 70.4785 2.4
    endloop
  endfacet
  facet normal 0.941598 0.336738 0
    outer loop
      vertex 87.3062 68.3063 39
      vertex 87.1575 68.7221 2.4
      vertex 87.1575 68.7221 39
    endloop
  endfacet
  facet normal 0.941598 0.336738 0
    outer loop
      vertex 87.1575 68.7221 2.4
      vertex 87.3062 68.3063 39
      vertex 87.3062 68.3063 2.4
    endloop
  endfacet
  facet normal 0.0491358 -0.998792 0
    outer loop
      vertex 83 62.5 2.4
      vertex 83.4411 62.5217 39
      vertex 83 62.5 39
    endloop
  endfacet
  facet normal 0.0491358 -0.998792 0
    outer loop
      vertex 83.4411 62.5217 39
      vertex 83 62.5 2.4
      vertex 83.4411 62.5217 2.4
    endloop
  endfacet
  facet normal -0.595753 -0.803168 0
    outer loop
      vertex 80.1452 63.5215 2.4
      vertex 80.4999 63.2584 39
      vertex 80.1452 63.5215 39
    endloop
  endfacet
  facet normal -0.595753 -0.803168 -0
    outer loop
      vertex 80.4999 63.2584 39
      vertex 80.1452 63.5215 2.4
      vertex 80.4999 63.2584 2.4
    endloop
  endfacet
  facet normal -0.242962 -0.970036 0
    outer loop
      vertex 81.6937 62.6938 2.4
      vertex 82.1221 62.5865 39
      vertex 81.6937 62.6938 39
    endloop
  endfacet
  facet normal -0.242962 -0.970036 -0
    outer loop
      vertex 82.1221 62.5865 39
      vertex 81.6937 62.6938 2.4
      vertex 82.1221 62.5865 2.4
    endloop
  endfacet
  facet normal 0.857773 0.514029 0
    outer loop
      vertex 86.9686 69.1213 39
      vertex 86.7416 69.5001 2.4
      vertex 86.7416 69.5001 39
    endloop
  endfacet
  facet normal 0.857773 0.514029 0
    outer loop
      vertex 86.7416 69.5001 2.4
      vertex 86.9686 69.1213 39
      vertex 86.9686 69.1213 2.4
    endloop
  endfacet
  facet normal -0.998792 -0.0491358 0
    outer loop
      vertex 78.5217 66.5589 2.4
      vertex 78.5 67 39
      vertex 78.5 67 2.4
    endloop
  endfacet
  facet normal -0.998792 -0.0491358 0
    outer loop
      vertex 78.5 67 39
      vertex 78.5217 66.5589 2.4
      vertex 78.5217 66.5589 39
    endloop
  endfacet
  facet normal -0.903908 -0.427726 0
    outer loop
      vertex 79.0314 64.8787 2.4
      vertex 78.8425 65.2779 39
      vertex 78.8425 65.2779 2.4
    endloop
  endfacet
  facet normal -0.903908 -0.427726 0
    outer loop
      vertex 78.8425 65.2779 39
      vertex 79.0314 64.8787 2.4
      vertex 79.0314 64.8787 39
    endloop
  endfacet
  facet normal 0.903908 0.427726 0
    outer loop
      vertex 87.1575 68.7221 39
      vertex 86.9686 69.1213 2.4
      vertex 86.9686 69.1213 39
    endloop
  endfacet
  facet normal 0.903908 0.427726 0
    outer loop
      vertex 86.9686 69.1213 2.4
      vertex 87.1575 68.7221 39
      vertex 87.1575 68.7221 2.4
    endloop
  endfacet
  facet normal 0.970036 -0.242962 0
    outer loop
      vertex 87.3062 65.6937 39
      vertex 87.4135 66.1221 2.4
      vertex 87.4135 66.1221 39
    endloop
  endfacet
  facet normal 0.970036 -0.242962 0
    outer loop
      vertex 87.4135 66.1221 2.4
      vertex 87.3062 65.6937 39
      vertex 87.3062 65.6937 2.4
    endloop
  endfacet
  facet normal -0.514029 0.857773 0
    outer loop
      vertex 80.8787 70.9686 2.4
      vertex 80.4999 70.7416 39
      vertex 80.8787 70.9686 39
    endloop
  endfacet
  facet normal -0.514029 0.857773 0
    outer loop
      vertex 80.4999 70.7416 39
      vertex 80.8787 70.9686 2.4
      vertex 80.4999 70.7416 2.4
    endloop
  endfacet
  facet normal -0.970036 -0.242962 0
    outer loop
      vertex 78.6938 65.6937 2.4
      vertex 78.5865 66.1221 39
      vertex 78.5865 66.1221 2.4
    endloop
  endfacet
  facet normal -0.970036 -0.242962 0
    outer loop
      vertex 78.5865 66.1221 39
      vertex 78.6938 65.6937 2.4
      vertex 78.6938 65.6937 39
    endloop
  endfacet
  facet normal 0.242962 0.970036 -0
    outer loop
      vertex 84.3063 71.3062 2.4
      vertex 83.8779 71.4135 39
      vertex 84.3063 71.3062 39
    endloop
  endfacet
  facet normal 0.242962 0.970036 0
    outer loop
      vertex 83.8779 71.4135 39
      vertex 84.3063 71.3062 2.4
      vertex 83.8779 71.4135 2.4
    endloop
  endfacet
  facet normal 0.941598 -0.336738 0
    outer loop
      vertex 87.1575 65.2779 39
      vertex 87.3062 65.6937 2.4
      vertex 87.3062 65.6937 39
    endloop
  endfacet
  facet normal 0.941598 -0.336738 0
    outer loop
      vertex 87.3062 65.6937 2.4
      vertex 87.1575 65.2779 39
      vertex 87.1575 65.2779 2.4
    endloop
  endfacet
  facet normal 0.989174 -0.146746 0
    outer loop
      vertex 87.4135 66.1221 39
      vertex 87.4783 66.5589 2.4
      vertex 87.4783 66.5589 39
    endloop
  endfacet
  facet normal 0.989174 -0.146746 0
    outer loop
      vertex 87.4783 66.5589 2.4
      vertex 87.4135 66.1221 39
      vertex 87.4135 66.1221 2.4
    endloop
  endfacet
  facet normal 0.146746 0.989174 -0
    outer loop
      vertex 83.8779 71.4135 2.4
      vertex 83.4411 71.4783 39
      vertex 83.8779 71.4135 39
    endloop
  endfacet
  facet normal 0.146746 0.989174 0
    outer loop
      vertex 83.4411 71.4783 39
      vertex 83.8779 71.4135 2.4
      vertex 83.4411 71.4783 2.4
    endloop
  endfacet
  facet normal -0.427726 0.903908 0
    outer loop
      vertex 81.2779 71.1575 2.4
      vertex 80.8787 70.9686 39
      vertex 81.2779 71.1575 39
    endloop
  endfacet
  facet normal -0.427726 0.903908 0
    outer loop
      vertex 80.8787 70.9686 39
      vertex 81.2779 71.1575 2.4
      vertex 80.8787 70.9686 2.4
    endloop
  endfacet
  facet normal -0.146746 0.989174 0
    outer loop
      vertex 82.5589 71.4783 2.4
      vertex 82.1221 71.4135 39
      vertex 82.5589 71.4783 39
    endloop
  endfacet
  facet normal -0.146746 0.989174 0
    outer loop
      vertex 82.1221 71.4135 39
      vertex 82.5589 71.4783 2.4
      vertex 82.1221 71.4135 2.4
    endloop
  endfacet
  facet normal 0.427726 -0.903908 0
    outer loop
      vertex 84.7221 62.8425 2.4
      vertex 85.1213 63.0314 39
      vertex 84.7221 62.8425 39
    endloop
  endfacet
  facet normal 0.427726 -0.903908 0
    outer loop
      vertex 85.1213 63.0314 39
      vertex 84.7221 62.8425 2.4
      vertex 85.1213 63.0314 2.4
    endloop
  endfacet
  facet normal -0.671488 0.741015 0
    outer loop
      vertex 80.1452 70.4785 2.4
      vertex 79.818 70.182 39
      vertex 80.1452 70.4785 39
    endloop
  endfacet
  facet normal -0.671488 0.741015 0
    outer loop
      vertex 79.818 70.182 39
      vertex 80.1452 70.4785 2.4
      vertex 79.818 70.182 2.4
    endloop
  endfacet
  facet normal 0.857773 -0.514029 0
    outer loop
      vertex 86.7416 64.4999 39
      vertex 86.9686 64.8787 2.4
      vertex 86.9686 64.8787 39
    endloop
  endfacet
  facet normal 0.857773 -0.514029 0
    outer loop
      vertex 86.9686 64.8787 2.4
      vertex 86.7416 64.4999 39
      vertex 86.7416 64.4999 2.4
    endloop
  endfacet
  facet normal -0.595753 0.803168 0
    outer loop
      vertex 80.4999 70.7416 2.4
      vertex 80.1452 70.4785 39
      vertex 80.4999 70.7416 39
    endloop
  endfacet
  facet normal -0.595753 0.803168 0
    outer loop
      vertex 80.1452 70.4785 39
      vertex 80.4999 70.7416 2.4
      vertex 80.1452 70.4785 2.4
    endloop
  endfacet
  facet normal 0.903908 -0.427726 0
    outer loop
      vertex 86.9686 64.8787 39
      vertex 87.1575 65.2779 2.4
      vertex 87.1575 65.2779 39
    endloop
  endfacet
  facet normal 0.903908 -0.427726 0
    outer loop
      vertex 87.1575 65.2779 2.4
      vertex 86.9686 64.8787 39
      vertex 86.9686 64.8787 2.4
    endloop
  endfacet
  facet normal 0.998792 -0.0491358 0
    outer loop
      vertex 87.4783 66.5589 39
      vertex 87.5 67 2.4
      vertex 87.5 67 39
    endloop
  endfacet
  facet normal 0.998792 -0.0491358 0
    outer loop
      vertex 87.5 67 2.4
      vertex 87.4783 66.5589 39
      vertex 87.4783 66.5589 2.4
    endloop
  endfacet
  facet normal -0.741015 0.671488 0
    outer loop
      vertex 79.5215 69.8548 2.4
      vertex 79.818 70.182 39
      vertex 79.818 70.182 2.4
    endloop
  endfacet
  facet normal -0.741015 0.671488 0
    outer loop
      vertex 79.818 70.182 39
      vertex 79.5215 69.8548 2.4
      vertex 79.5215 69.8548 39
    endloop
  endfacet
  facet normal -0.941598 -0.336738 0
    outer loop
      vertex 78.8425 65.2779 2.4
      vertex 78.6938 65.6937 39
      vertex 78.6938 65.6937 2.4
    endloop
  endfacet
  facet normal -0.941598 -0.336738 0
    outer loop
      vertex 78.6938 65.6937 39
      vertex 78.8425 65.2779 2.4
      vertex 78.8425 65.2779 39
    endloop
  endfacet
  facet normal 0.514029 0.857773 -0
    outer loop
      vertex 85.5001 70.7416 2.4
      vertex 85.1213 70.9686 39
      vertex 85.5001 70.7416 39
    endloop
  endfacet
  facet normal 0.514029 0.857773 0
    outer loop
      vertex 85.1213 70.9686 39
      vertex 85.5001 70.7416 2.4
      vertex 85.1213 70.9686 2.4
    endloop
  endfacet
  facet normal 0.595753 0.803168 -0
    outer loop
      vertex 85.8548 70.4785 2.4
      vertex 85.5001 70.7416 39
      vertex 85.8548 70.4785 39
    endloop
  endfacet
  facet normal 0.595753 0.803168 0
    outer loop
      vertex 85.5001 70.7416 39
      vertex 85.8548 70.4785 2.4
      vertex 85.5001 70.7416 2.4
    endloop
  endfacet
  facet normal 0.146746 -0.989174 0
    outer loop
      vertex 83.4411 62.5217 2.4
      vertex 83.8779 62.5865 39
      vertex 83.4411 62.5217 39
    endloop
  endfacet
  facet normal 0.146746 -0.989174 0
    outer loop
      vertex 83.8779 62.5865 39
      vertex 83.4411 62.5217 2.4
      vertex 83.8779 62.5865 2.4
    endloop
  endfacet
  facet normal 0.741015 -0.671488 0
    outer loop
      vertex 86.182 63.818 39
      vertex 86.4785 64.1452 2.4
      vertex 86.4785 64.1452 39
    endloop
  endfacet
  facet normal 0.741015 -0.671488 0
    outer loop
      vertex 86.4785 64.1452 2.4
      vertex 86.182 63.818 39
      vertex 86.182 63.818 2.4
    endloop
  endfacet
  facet normal 0.803168 -0.595753 0
    outer loop
      vertex 86.4785 64.1452 39
      vertex 86.7416 64.4999 2.4
      vertex 86.7416 64.4999 39
    endloop
  endfacet
  facet normal 0.803168 -0.595753 0
    outer loop
      vertex 86.7416 64.4999 2.4
      vertex 86.4785 64.1452 39
      vertex 86.4785 64.1452 2.4
    endloop
  endfacet
  facet normal 0.242962 -0.970036 0
    outer loop
      vertex 83.8779 62.5865 2.4
      vertex 84.3063 62.6938 39
      vertex 83.8779 62.5865 39
    endloop
  endfacet
  facet normal 0.242962 -0.970036 0
    outer loop
      vertex 84.3063 62.6938 39
      vertex 83.8779 62.5865 2.4
      vertex 84.3063 62.6938 2.4
    endloop
  endfacet
  facet normal -0.242962 0.970036 0
    outer loop
      vertex 82.1221 71.4135 2.4
      vertex 81.6937 71.3062 39
      vertex 82.1221 71.4135 39
    endloop
  endfacet
  facet normal -0.242962 0.970036 0
    outer loop
      vertex 81.6937 71.3062 39
      vertex 82.1221 71.4135 2.4
      vertex 81.6937 71.3062 2.4
    endloop
  endfacet
  facet normal 0.803168 0.595753 0
    outer loop
      vertex 86.7416 69.5001 39
      vertex 86.4785 69.8548 2.4
      vertex 86.4785 69.8548 39
    endloop
  endfacet
  facet normal 0.803168 0.595753 0
    outer loop
      vertex 86.4785 69.8548 2.4
      vertex 86.7416 69.5001 39
      vertex 86.7416 69.5001 2.4
    endloop
  endfacet
  facet normal 0.0491358 0.998792 -0
    outer loop
      vertex 83.4411 71.4783 2.4
      vertex 83 71.5 39
      vertex 83.4411 71.4783 39
    endloop
  endfacet
  facet normal 0.0491358 0.998792 0
    outer loop
      vertex 83 71.5 39
      vertex 83.4411 71.4783 2.4
      vertex 83 71.5 2.4
    endloop
  endfacet
  facet normal -0.857773 0.514029 0
    outer loop
      vertex 79.0314 69.1213 2.4
      vertex 79.2584 69.5001 39
      vertex 79.2584 69.5001 2.4
    endloop
  endfacet
  facet normal -0.857773 0.514029 0
    outer loop
      vertex 79.2584 69.5001 39
      vertex 79.0314 69.1213 2.4
      vertex 79.0314 69.1213 39
    endloop
  endfacet
  facet normal 0.427726 0.903908 -0
    outer loop
      vertex 85.1213 70.9686 2.4
      vertex 84.7221 71.1575 39
      vertex 85.1213 70.9686 39
    endloop
  endfacet
  facet normal 0.427726 0.903908 0
    outer loop
      vertex 84.7221 71.1575 39
      vertex 85.1213 70.9686 2.4
      vertex 84.7221 71.1575 2.4
    endloop
  endfacet
  facet normal -0.857773 -0.514029 0
    outer loop
      vertex 79.2584 64.4999 2.4
      vertex 79.0314 64.8787 39
      vertex 79.0314 64.8787 2.4
    endloop
  endfacet
  facet normal -0.857773 -0.514029 0
    outer loop
      vertex 79.0314 64.8787 39
      vertex 79.2584 64.4999 2.4
      vertex 79.2584 64.4999 39
    endloop
  endfacet
  facet normal -0.427726 -0.903908 0
    outer loop
      vertex 80.8787 63.0314 2.4
      vertex 81.2779 62.8425 39
      vertex 80.8787 63.0314 39
    endloop
  endfacet
  facet normal -0.427726 -0.903908 -0
    outer loop
      vertex 81.2779 62.8425 39
      vertex 80.8787 63.0314 2.4
      vertex 81.2779 62.8425 2.4
    endloop
  endfacet
  facet normal -0.741015 -0.671488 0
    outer loop
      vertex 79.818 63.818 2.4
      vertex 79.5215 64.1452 39
      vertex 79.5215 64.1452 2.4
    endloop
  endfacet
  facet normal -0.741015 -0.671488 0
    outer loop
      vertex 79.5215 64.1452 39
      vertex 79.818 63.818 2.4
      vertex 79.818 63.818 39
    endloop
  endfacet
  facet normal -0.336738 0.941598 0
    outer loop
      vertex 81.6937 71.3062 2.4
      vertex 81.2779 71.1575 39
      vertex 81.6937 71.3062 39
    endloop
  endfacet
  facet normal -0.336738 0.941598 0
    outer loop
      vertex 81.2779 71.1575 39
      vertex 81.6937 71.3062 2.4
      vertex 81.2779 71.1575 2.4
    endloop
  endfacet
  facet normal -0.514029 -0.857773 0
    outer loop
      vertex 80.4999 63.2584 2.4
      vertex 80.8787 63.0314 39
      vertex 80.4999 63.2584 39
    endloop
  endfacet
  facet normal -0.514029 -0.857773 -0
    outer loop
      vertex 80.8787 63.0314 39
      vertex 80.4999 63.2584 2.4
      vertex 80.8787 63.0314 2.4
    endloop
  endfacet
  facet normal 0.595753 -0.803168 0
    outer loop
      vertex 85.5001 63.2584 2.4
      vertex 85.8548 63.5215 39
      vertex 85.5001 63.2584 39
    endloop
  endfacet
  facet normal 0.595753 -0.803168 0
    outer loop
      vertex 85.8548 63.5215 39
      vertex 85.5001 63.2584 2.4
      vertex 85.8548 63.5215 2.4
    endloop
  endfacet
  facet normal -0.0491358 0.998792 0
    outer loop
      vertex 83 71.5 2.4
      vertex 82.5589 71.4783 39
      vertex 83 71.5 39
    endloop
  endfacet
  facet normal -0.0491358 0.998792 0
    outer loop
      vertex 82.5589 71.4783 39
      vertex 83 71.5 2.4
      vertex 82.5589 71.4783 2.4
    endloop
  endfacet
  facet normal -0.941598 0.336738 0
    outer loop
      vertex 78.6938 68.3063 2.4
      vertex 78.8425 68.7221 39
      vertex 78.8425 68.7221 2.4
    endloop
  endfacet
  facet normal -0.941598 0.336738 0
    outer loop
      vertex 78.8425 68.7221 39
      vertex 78.6938 68.3063 2.4
      vertex 78.6938 68.3063 39
    endloop
  endfacet
  facet normal -0.989174 -0.146746 0
    outer loop
      vertex 78.5865 66.1221 2.4
      vertex 78.5217 66.5589 39
      vertex 78.5217 66.5589 2.4
    endloop
  endfacet
  facet normal -0.989174 -0.146746 0
    outer loop
      vertex 78.5217 66.5589 39
      vertex 78.5865 66.1221 2.4
      vertex 78.5865 66.1221 39
    endloop
  endfacet
  facet normal 0.336738 0.941598 -0
    outer loop
      vertex 84.7221 71.1575 2.4
      vertex 84.3063 71.3062 39
      vertex 84.7221 71.1575 39
    endloop
  endfacet
  facet normal 0.336738 0.941598 0
    outer loop
      vertex 84.3063 71.3062 39
      vertex 84.7221 71.1575 2.4
      vertex 84.3063 71.3062 2.4
    endloop
  endfacet
  facet normal -0.803168 -0.595753 0
    outer loop
      vertex 79.5215 64.1452 2.4
      vertex 79.2584 64.4999 39
      vertex 79.2584 64.4999 2.4
    endloop
  endfacet
  facet normal -0.803168 -0.595753 0
    outer loop
      vertex 79.2584 64.4999 39
      vertex 79.5215 64.1452 2.4
      vertex 79.5215 64.1452 39
    endloop
  endfacet
  facet normal -0.970036 0.242962 0
    outer loop
      vertex 78.5865 67.8779 2.4
      vertex 78.6938 68.3063 39
      vertex 78.6938 68.3063 2.4
    endloop
  endfacet
  facet normal -0.970036 0.242962 0
    outer loop
      vertex 78.6938 68.3063 39
      vertex 78.5865 67.8779 2.4
      vertex 78.5865 67.8779 39
    endloop
  endfacet
  facet normal -0.903908 0.427726 0
    outer loop
      vertex 78.8425 68.7221 2.4
      vertex 79.0314 69.1213 39
      vertex 79.0314 69.1213 2.4
    endloop
  endfacet
  facet normal -0.903908 0.427726 0
    outer loop
      vertex 79.0314 69.1213 39
      vertex 78.8425 68.7221 2.4
      vertex 78.8425 68.7221 39
    endloop
  endfacet
  facet normal 0.514029 -0.857773 0
    outer loop
      vertex 85.1213 63.0314 2.4
      vertex 85.5001 63.2584 39
      vertex 85.1213 63.0314 39
    endloop
  endfacet
  facet normal 0.514029 -0.857773 0
    outer loop
      vertex 85.5001 63.2584 39
      vertex 85.1213 63.0314 2.4
      vertex 85.5001 63.2584 2.4
    endloop
  endfacet
  facet normal -0.671488 -0.741015 0
    outer loop
      vertex 79.818 63.818 2.4
      vertex 80.1452 63.5215 39
      vertex 79.818 63.818 39
    endloop
  endfacet
  facet normal -0.671488 -0.741015 -0
    outer loop
      vertex 80.1452 63.5215 39
      vertex 79.818 63.818 2.4
      vertex 80.1452 63.5215 2.4
    endloop
  endfacet
  facet normal -0.803168 0.595753 0
    outer loop
      vertex 79.2584 69.5001 2.4
      vertex 79.5215 69.8548 39
      vertex 79.5215 69.8548 2.4
    endloop
  endfacet
  facet normal -0.803168 0.595753 0
    outer loop
      vertex 79.5215 69.8548 39
      vertex 79.2584 69.5001 2.4
      vertex 79.2584 69.5001 39
    endloop
  endfacet
  facet normal -0.0491358 -0.998792 0
    outer loop
      vertex 82.5589 62.5217 2.4
      vertex 83 62.5 39
      vertex 82.5589 62.5217 39
    endloop
  endfacet
  facet normal -0.0491358 -0.998792 -0
    outer loop
      vertex 83 62.5 39
      vertex 82.5589 62.5217 2.4
      vertex 83 62.5 2.4
    endloop
  endfacet
  facet normal -0.146746 -0.989174 0
    outer loop
      vertex 82.1221 62.5865 2.4
      vertex 82.5589 62.5217 39
      vertex 82.1221 62.5865 39
    endloop
  endfacet
  facet normal -0.146746 -0.989174 -0
    outer loop
      vertex 82.5589 62.5217 39
      vertex 82.1221 62.5865 2.4
      vertex 82.5589 62.5217 2.4
    endloop
  endfacet
  facet normal -0.989174 0.146746 0
    outer loop
      vertex 78.5217 67.4411 2.4
      vertex 78.5865 67.8779 39
      vertex 78.5865 67.8779 2.4
    endloop
  endfacet
  facet normal -0.989174 0.146746 0
    outer loop
      vertex 78.5865 67.8779 39
      vertex 78.5217 67.4411 2.4
      vertex 78.5217 67.4411 39
    endloop
  endfacet
  facet normal -0.998792 0.0491358 0
    outer loop
      vertex 78.5 67 2.4
      vertex 78.5217 67.4411 39
      vertex 78.5217 67.4411 2.4
    endloop
  endfacet
  facet normal -0.998792 0.0491358 0
    outer loop
      vertex 78.5217 67.4411 39
      vertex 78.5 67 2.4
      vertex 78.5 67 39
    endloop
  endfacet
  facet normal -0.336738 -0.941598 0
    outer loop
      vertex 81.2779 62.8425 2.4
      vertex 81.6937 62.6938 39
      vertex 81.2779 62.8425 39
    endloop
  endfacet
  facet normal -0.336738 -0.941598 -0
    outer loop
      vertex 81.6937 62.6938 39
      vertex 81.2779 62.8425 2.4
      vertex 81.6937 62.6938 2.4
    endloop
  endfacet
  facet normal 0.671488 -0.741015 0
    outer loop
      vertex 85.8548 63.5215 2.4
      vertex 86.182 63.818 39
      vertex 85.8548 63.5215 39
    endloop
  endfacet
  facet normal 0.671488 -0.741015 0
    outer loop
      vertex 86.182 63.818 39
      vertex 85.8548 63.5215 2.4
      vertex 86.182 63.818 2.4
    endloop
  endfacet
  facet normal 0 0 1
    outer loop
      vertex 85.1 67 39
      vertex 87.5 67 39
      vertex 87.4783 67.4411 39
    endloop
  endfacet
  facet normal 0 0 1
    outer loop
      vertex 85.0899 67.2058 39
      vertex 87.4783 67.4411 39
      vertex 87.4135 67.8779 39
    endloop
  endfacet
  facet normal 0 0 1
    outer loop
      vertex 87.5 67 39
      vertex 85.1 67 39
      vertex 87.4783 66.5589 39
    endloop
  endfacet
  facet normal 0 0 1
    outer loop
      vertex 85.0596 67.4097 39
      vertex 87.4135 67.8779 39
      vertex 87.3062 68.3063 39
    endloop
  endfacet
  facet normal -0 0 1
    outer loop
      vertex 85.0899 66.7942 39
      vertex 87.4783 66.5589 39
      vertex 85.1 67 39
    endloop
  endfacet
  facet normal 0 0 1
    outer loop
      vertex 85.0096 67.6096 39
      vertex 87.3062 68.3063 39
      vertex 87.1575 68.7221 39
    endloop
  endfacet
  facet normal 0 0 1
    outer loop
      vertex 87.4783 66.5589 39
      vertex 85.0899 66.7942 39
      vertex 87.4135 66.1221 39
    endloop
  endfacet
  facet normal 0 0 1
    outer loop
      vertex 84.9401 67.8036 39
      vertex 87.1575 68.7221 39
      vertex 86.9686 69.1213 39
    endloop
  endfacet
  facet normal -0 0 1
    outer loop
      vertex 85.0596 66.5903 39
      vertex 87.4135 66.1221 39
      vertex 85.0899 66.7942 39
    endloop
  endfacet
  facet normal 0 0 1
    outer loop
      vertex 84.852 67.9899 39
      vertex 86.9686 69.1213 39
      vertex 86.7416 69.5001 39
    endloop
  endfacet
  facet normal 0 0 1
    outer loop
      vertex 87.4135 66.1221 39
      vertex 85.0596 66.5903 39
      vertex 87.3062 65.6937 39
    endloop
  endfacet
  facet normal 0 0 1
    outer loop
      vertex 84.7461 68.1667 39
      vertex 86.7416 69.5001 39
      vertex 86.4785 69.8548 39
    endloop
  endfacet
  facet normal -0 0 1
    outer loop
      vertex 85.0096 66.3904 39
      vertex 87.3062 65.6937 39
      vertex 85.0596 66.5903 39
    endloop
  endfacet
  facet normal 0 0 1
    outer loop
      vertex 84.6233 68.3322 39
      vertex 86.4785 69.8548 39
      vertex 86.182 70.182 39
    endloop
  endfacet
  facet normal 0 0 1
    outer loop
      vertex 87.3062 65.6937 39
      vertex 85.0096 66.3904 39
      vertex 87.1575 65.2779 39
    endloop
  endfacet
  facet normal 0 0 1
    outer loop
      vertex 84.4849 68.4849 39
      vertex 86.182 70.182 39
      vertex 85.8548 70.4785 39
    endloop
  endfacet
  facet normal -0 0 1
    outer loop
      vertex 84.9401 66.1964 39
      vertex 87.1575 65.2779 39
      vertex 85.0096 66.3904 39
    endloop
  endfacet
  facet normal 0 0 1
    outer loop
      vertex 84.3322 68.6233 39
      vertex 85.8548 70.4785 39
      vertex 85.5001 70.7416 39
    endloop
  endfacet
  facet normal 0 0 1
    outer loop
      vertex 87.1575 65.2779 39
      vertex 84.9401 66.1964 39
      vertex 86.9686 64.8787 39
    endloop
  endfacet
  facet normal 0 0 1
    outer loop
      vertex 84.1667 68.7461 39
      vertex 85.5001 70.7416 39
      vertex 85.1213 70.9686 39
    endloop
  endfacet
  facet normal -0 0 1
    outer loop
      vertex 84.852 66.0101 39
      vertex 86.9686 64.8787 39
      vertex 84.9401 66.1964 39
    endloop
  endfacet
  facet normal 0 0 1
    outer loop
      vertex 86.9686 64.8787 39
      vertex 84.852 66.0101 39
      vertex 86.7416 64.4999 39
    endloop
  endfacet
  facet normal 0 0 1
    outer loop
      vertex 87.4783 67.4411 39
      vertex 85.0899 67.2058 39
      vertex 85.1 67 39
    endloop
  endfacet
  facet normal 0 0 1
    outer loop
      vertex 87.4135 67.8779 39
      vertex 85.0596 67.4097 39
      vertex 85.0899 67.2058 39
    endloop
  endfacet
  facet normal 0 0 1
    outer loop
      vertex 87.3062 68.3063 39
      vertex 85.0096 67.6096 39
      vertex 85.0596 67.4097 39
    endloop
  endfacet
  facet normal 0 0 1
    outer loop
      vertex 87.1575 68.7221 39
      vertex 84.9401 67.8036 39
      vertex 85.0096 67.6096 39
    endloop
  endfacet
  facet normal 0 0 1
    outer loop
      vertex 86.9686 69.1213 39
      vertex 84.852 67.9899 39
      vertex 84.9401 67.8036 39
    endloop
  endfacet
  facet normal 0 0 1
    outer loop
      vertex 86.7416 69.5001 39
      vertex 84.7461 68.1667 39
      vertex 84.852 67.9899 39
    endloop
  endfacet
  facet normal 0 0 1
    outer loop
      vertex 83.9899 68.852 39
      vertex 85.1213 70.9686 39
      vertex 84.7221 71.1575 39
    endloop
  endfacet
  facet normal 0 0 1
    outer loop
      vertex 86.4785 69.8548 39
      vertex 84.6233 68.3322 39
      vertex 84.7461 68.1667 39
    endloop
  endfacet
  facet normal 0 0 1
    outer loop
      vertex 86.182 70.182 39
      vertex 84.4849 68.4849 39
      vertex 84.6233 68.3322 39
    endloop
  endfacet
  facet normal 0 0 1
    outer loop
      vertex 85.8548 70.4785 39
      vertex 84.3322 68.6233 39
      vertex 84.4849 68.4849 39
    endloop
  endfacet
  facet normal 0 0 1
    outer loop
      vertex 83.8036 68.9401 39
      vertex 84.7221 71.1575 39
      vertex 84.3063 71.3062 39
    endloop
  endfacet
  facet normal 0 0 1
    outer loop
      vertex 85.5001 70.7416 39
      vertex 84.1667 68.7461 39
      vertex 84.3322 68.6233 39
    endloop
  endfacet
  facet normal 0 0 1
    outer loop
      vertex 85.1213 70.9686 39
      vertex 83.9899 68.852 39
      vertex 84.1667 68.7461 39
    endloop
  endfacet
  facet normal 0 0 1
    outer loop
      vertex 83.6096 69.0096 39
      vertex 84.3063 71.3062 39
      vertex 83.8779 71.4135 39
    endloop
  endfacet
  facet normal 0 0 1
    outer loop
      vertex 84.7221 71.1575 39
      vertex 83.8036 68.9401 39
      vertex 83.9899 68.852 39
    endloop
  endfacet
  facet normal 0 0 1
    outer loop
      vertex 84.3063 71.3062 39
      vertex 83.6096 69.0096 39
      vertex 83.8036 68.9401 39
    endloop
  endfacet
  facet normal 0 0 1
    outer loop
      vertex 83.4097 69.0596 39
      vertex 83.8779 71.4135 39
      vertex 83.4411 71.4783 39
    endloop
  endfacet
  facet normal 0 0 1
    outer loop
      vertex 83.8779 71.4135 39
      vertex 83.4097 69.0596 39
      vertex 83.6096 69.0096 39
    endloop
  endfacet
  facet normal 0 0 1
    outer loop
      vertex 83.4411 71.4783 39
      vertex 83.2058 69.0899 39
      vertex 83.4097 69.0596 39
    endloop
  endfacet
  facet normal 0 0 1
    outer loop
      vertex 83 71.5 39
      vertex 83.2058 69.0899 39
      vertex 83.4411 71.4783 39
    endloop
  endfacet
  facet normal 0 0 1
    outer loop
      vertex 83 71.5 39
      vertex 83 69.1 39
      vertex 83.2058 69.0899 39
    endloop
  endfacet
  facet normal 0 0 1
    outer loop
      vertex 83 71.5 39
      vertex 82.7942 69.0899 39
      vertex 83 69.1 39
    endloop
  endfacet
  facet normal -0 0 1
    outer loop
      vertex 82.5589 71.4783 39
      vertex 82.7942 69.0899 39
      vertex 83 71.5 39
    endloop
  endfacet
  facet normal 0 0 1
    outer loop
      vertex 82.7942 69.0899 39
      vertex 82.5589 71.4783 39
      vertex 82.5903 69.0596 39
    endloop
  endfacet
  facet normal -0 0 1
    outer loop
      vertex 82.1221 71.4135 39
      vertex 82.5903 69.0596 39
      vertex 82.5589 71.4783 39
    endloop
  endfacet
  facet normal 0 0 1
    outer loop
      vertex 82.5903 69.0596 39
      vertex 82.1221 71.4135 39
      vertex 82.3904 69.0096 39
    endloop
  endfacet
  facet normal -0 0 1
    outer loop
      vertex 81.6937 71.3062 39
      vertex 82.3904 69.0096 39
      vertex 82.1221 71.4135 39
    endloop
  endfacet
  facet normal 0 0 1
    outer loop
      vertex 82.3904 69.0096 39
      vertex 81.6937 71.3062 39
      vertex 82.1964 68.9401 39
    endloop
  endfacet
  facet normal -0 0 1
    outer loop
      vertex 81.2779 71.1575 39
      vertex 82.1964 68.9401 39
      vertex 81.6937 71.3062 39
    endloop
  endfacet
  facet normal 0 0 1
    outer loop
      vertex 82.1964 68.9401 39
      vertex 81.2779 71.1575 39
      vertex 82.0101 68.852 39
    endloop
  endfacet
  facet normal -0 0 1
    outer loop
      vertex 80.8787 70.9686 39
      vertex 82.0101 68.852 39
      vertex 81.2779 71.1575 39
    endloop
  endfacet
  facet normal 0 0 1
    outer loop
      vertex 82.0101 68.852 39
      vertex 80.8787 70.9686 39
      vertex 81.8333 68.7461 39
    endloop
  endfacet
  facet normal -0 0 1
    outer loop
      vertex 80.4999 70.7416 39
      vertex 81.8333 68.7461 39
      vertex 80.8787 70.9686 39
    endloop
  endfacet
  facet normal 0 0 1
    outer loop
      vertex 81.8333 68.7461 39
      vertex 80.4999 70.7416 39
      vertex 81.6678 68.6233 39
    endloop
  endfacet
  facet normal -0 0 1
    outer loop
      vertex 80.1452 70.4785 39
      vertex 81.6678 68.6233 39
      vertex 80.4999 70.7416 39
    endloop
  endfacet
  facet normal 0 0 1
    outer loop
      vertex 81.6678 68.6233 39
      vertex 80.1452 70.4785 39
      vertex 81.5151 68.4849 39
    endloop
  endfacet
  facet normal -0 0 1
    outer loop
      vertex 79.818 70.182 39
      vertex 81.5151 68.4849 39
      vertex 80.1452 70.4785 39
    endloop
  endfacet
  facet normal 0 0 1
    outer loop
      vertex 81.5151 68.4849 39
      vertex 79.818 70.182 39
      vertex 81.3767 68.3322 39
    endloop
  endfacet
  facet normal -0 0 1
    outer loop
      vertex 79.5215 69.8548 39
      vertex 81.3767 68.3322 39
      vertex 79.818 70.182 39
    endloop
  endfacet
  facet normal 0 0 1
    outer loop
      vertex 81.3767 68.3322 39
      vertex 79.5215 69.8548 39
      vertex 81.2539 68.1667 39
    endloop
  endfacet
  facet normal 0 0 1
    outer loop
      vertex 81.2539 68.1667 39
      vertex 79.2584 69.5001 39
      vertex 81.148 67.9899 39
    endloop
  endfacet
  facet normal -0 0 1
    outer loop
      vertex 79.2584 69.5001 39
      vertex 81.2539 68.1667 39
      vertex 79.5215 69.8548 39
    endloop
  endfacet
  facet normal -0 0 1
    outer loop
      vertex 84.7461 65.8333 39
      vertex 86.7416 64.4999 39
      vertex 84.852 66.0101 39
    endloop
  endfacet
  facet normal 0 0 1
    outer loop
      vertex 86.7416 64.4999 39
      vertex 84.7461 65.8333 39
      vertex 86.4785 64.1452 39
    endloop
  endfacet
  facet normal -0 0 1
    outer loop
      vertex 84.6233 65.6678 39
      vertex 86.4785 64.1452 39
      vertex 84.7461 65.8333 39
    endloop
  endfacet
  facet normal 0 0 1
    outer loop
      vertex 86.4785 64.1452 39
      vertex 84.6233 65.6678 39
      vertex 86.182 63.818 39
    endloop
  endfacet
  facet normal -0 0 1
    outer loop
      vertex 84.4849 65.5151 39
      vertex 86.182 63.818 39
      vertex 84.6233 65.6678 39
    endloop
  endfacet
  facet normal 0 0 1
    outer loop
      vertex 86.182 63.818 39
      vertex 84.4849 65.5151 39
      vertex 85.8548 63.5215 39
    endloop
  endfacet
  facet normal -0 0 1
    outer loop
      vertex 84.3322 65.3767 39
      vertex 85.8548 63.5215 39
      vertex 84.4849 65.5151 39
    endloop
  endfacet
  facet normal 0 0 1
    outer loop
      vertex 85.8548 63.5215 39
      vertex 84.3322 65.3767 39
      vertex 85.5001 63.2584 39
    endloop
  endfacet
  facet normal -0 0 1
    outer loop
      vertex 84.1667 65.2539 39
      vertex 85.5001 63.2584 39
      vertex 84.3322 65.3767 39
    endloop
  endfacet
  facet normal 0 0 1
    outer loop
      vertex 85.5001 63.2584 39
      vertex 84.1667 65.2539 39
      vertex 85.1213 63.0314 39
    endloop
  endfacet
  facet normal -0 0 1
    outer loop
      vertex 83.9899 65.148 39
      vertex 85.1213 63.0314 39
      vertex 84.1667 65.2539 39
    endloop
  endfacet
  facet normal 0 0 1
    outer loop
      vertex 85.1213 63.0314 39
      vertex 83.9899 65.148 39
      vertex 84.7221 62.8425 39
    endloop
  endfacet
  facet normal -0 0 1
    outer loop
      vertex 83.8036 65.0599 39
      vertex 84.7221 62.8425 39
      vertex 83.9899 65.148 39
    endloop
  endfacet
  facet normal 0 0 1
    outer loop
      vertex 84.7221 62.8425 39
      vertex 83.8036 65.0599 39
      vertex 84.3063 62.6938 39
    endloop
  endfacet
  facet normal -0 0 1
    outer loop
      vertex 83.6096 64.9904 39
      vertex 84.3063 62.6938 39
      vertex 83.8036 65.0599 39
    endloop
  endfacet
  facet normal 0 0 1
    outer loop
      vertex 84.3063 62.6938 39
      vertex 83.6096 64.9904 39
      vertex 83.8779 62.5865 39
    endloop
  endfacet
  facet normal -0 0 1
    outer loop
      vertex 83.4097 64.9404 39
      vertex 83.8779 62.5865 39
      vertex 83.6096 64.9904 39
    endloop
  endfacet
  facet normal 0 0 1
    outer loop
      vertex 83.8779 62.5865 39
      vertex 83.4097 64.9404 39
      vertex 83.4411 62.5217 39
    endloop
  endfacet
  facet normal -0 0 1
    outer loop
      vertex 83.2058 64.9101 39
      vertex 83.4411 62.5217 39
      vertex 83.4097 64.9404 39
    endloop
  endfacet
  facet normal -0 0 1
    outer loop
      vertex 83 64.9 39
      vertex 83.4411 62.5217 39
      vertex 83.2058 64.9101 39
    endloop
  endfacet
  facet normal 0 0 1
    outer loop
      vertex 83 64.9 39
      vertex 83 62.5 39
      vertex 83.4411 62.5217 39
    endloop
  endfacet
  facet normal 0 0 1
    outer loop
      vertex 82.7942 64.9101 39
      vertex 83 62.5 39
      vertex 83 64.9 39
    endloop
  endfacet
  facet normal 0 0 1
    outer loop
      vertex 82.5589 62.5217 39
      vertex 82.7942 64.9101 39
      vertex 82.5903 64.9404 39
    endloop
  endfacet
  facet normal 0 0 1
    outer loop
      vertex 82.7942 64.9101 39
      vertex 82.5589 62.5217 39
      vertex 83 62.5 39
    endloop
  endfacet
  facet normal 0 0 1
    outer loop
      vertex 82.1221 62.5865 39
      vertex 82.5903 64.9404 39
      vertex 82.3904 64.9904 39
    endloop
  endfacet
  facet normal 0 0 1
    outer loop
      vertex 81.6937 62.6938 39
      vertex 82.3904 64.9904 39
      vertex 82.1964 65.0599 39
    endloop
  endfacet
  facet normal 0 0 1
    outer loop
      vertex 82.5903 64.9404 39
      vertex 82.1221 62.5865 39
      vertex 82.5589 62.5217 39
    endloop
  endfacet
  facet normal 0 0 1
    outer loop
      vertex 81.2779 62.8425 39
      vertex 82.1964 65.0599 39
      vertex 82.0101 65.148 39
    endloop
  endfacet
  facet normal 0 0 1
    outer loop
      vertex 80.8787 63.0314 39
      vertex 82.0101 65.148 39
      vertex 81.8333 65.2539 39
    endloop
  endfacet
  facet normal 0 0 1
    outer loop
      vertex 82.3904 64.9904 39
      vertex 81.6937 62.6938 39
      vertex 82.1221 62.5865 39
    endloop
  endfacet
  facet normal 0 0 1
    outer loop
      vertex 80.4999 63.2584 39
      vertex 81.8333 65.2539 39
      vertex 81.6678 65.3767 39
    endloop
  endfacet
  facet normal 0 0 1
    outer loop
      vertex 80.1452 63.5215 39
      vertex 81.6678 65.3767 39
      vertex 81.5151 65.5151 39
    endloop
  endfacet
  facet normal 0 0 1
    outer loop
      vertex 79.818 63.818 39
      vertex 81.5151 65.5151 39
      vertex 81.3767 65.6678 39
    endloop
  endfacet
  facet normal 0 0 1
    outer loop
      vertex 82.1964 65.0599 39
      vertex 81.2779 62.8425 39
      vertex 81.6937 62.6938 39
    endloop
  endfacet
  facet normal 0 0 1
    outer loop
      vertex 79.5215 64.1452 39
      vertex 81.3767 65.6678 39
      vertex 81.2539 65.8333 39
    endloop
  endfacet
  facet normal 0 0 1
    outer loop
      vertex 79.2584 64.4999 39
      vertex 81.2539 65.8333 39
      vertex 81.148 66.0101 39
    endloop
  endfacet
  facet normal 0 0 1
    outer loop
      vertex 79.0314 64.8787 39
      vertex 81.148 66.0101 39
      vertex 81.0599 66.1964 39
    endloop
  endfacet
  facet normal 0 0 1
    outer loop
      vertex 78.8425 65.2779 39
      vertex 81.0599 66.1964 39
      vertex 80.9904 66.3904 39
    endloop
  endfacet
  facet normal 0 0 1
    outer loop
      vertex 78.6938 65.6937 39
      vertex 80.9904 66.3904 39
      vertex 80.9404 66.5903 39
    endloop
  endfacet
  facet normal 0 0 1
    outer loop
      vertex 78.5865 66.1221 39
      vertex 80.9404 66.5903 39
      vertex 80.9101 66.7942 39
    endloop
  endfacet
  facet normal 0 0 1
    outer loop
      vertex 82.0101 65.148 39
      vertex 80.8787 63.0314 39
      vertex 81.2779 62.8425 39
    endloop
  endfacet
  facet normal 0 0 1
    outer loop
      vertex 78.5217 66.5589 39
      vertex 80.9101 66.7942 39
      vertex 80.9 67 39
    endloop
  endfacet
  facet normal -0 0 1
    outer loop
      vertex 79.0314 69.1213 39
      vertex 81.148 67.9899 39
      vertex 79.2584 69.5001 39
    endloop
  endfacet
  facet normal 0 0 1
    outer loop
      vertex 81.148 67.9899 39
      vertex 79.0314 69.1213 39
      vertex 81.0599 67.8036 39
    endloop
  endfacet
  facet normal 0 0 1
    outer loop
      vertex 81.8333 65.2539 39
      vertex 80.4999 63.2584 39
      vertex 80.8787 63.0314 39
    endloop
  endfacet
  facet normal -0 0 1
    outer loop
      vertex 78.8425 68.7221 39
      vertex 81.0599 67.8036 39
      vertex 79.0314 69.1213 39
    endloop
  endfacet
  facet normal 0 0 1
    outer loop
      vertex 81.6678 65.3767 39
      vertex 80.1452 63.5215 39
      vertex 80.4999 63.2584 39
    endloop
  endfacet
  facet normal 0 0 1
    outer loop
      vertex 81.0599 67.8036 39
      vertex 78.8425 68.7221 39
      vertex 80.9904 67.6096 39
    endloop
  endfacet
  facet normal 0 0 1
    outer loop
      vertex 81.5151 65.5151 39
      vertex 79.818 63.818 39
      vertex 80.1452 63.5215 39
    endloop
  endfacet
  facet normal -0 0 1
    outer loop
      vertex 78.6938 68.3063 39
      vertex 80.9904 67.6096 39
      vertex 78.8425 68.7221 39
    endloop
  endfacet
  facet normal 0 0 1
    outer loop
      vertex 81.3767 65.6678 39
      vertex 79.5215 64.1452 39
      vertex 79.818 63.818 39
    endloop
  endfacet
  facet normal 0 0 1
    outer loop
      vertex 80.9904 67.6096 39
      vertex 78.6938 68.3063 39
      vertex 80.9404 67.4097 39
    endloop
  endfacet
  facet normal 0 0 1
    outer loop
      vertex 81.2539 65.8333 39
      vertex 79.2584 64.4999 39
      vertex 79.5215 64.1452 39
    endloop
  endfacet
  facet normal -0 0 1
    outer loop
      vertex 78.5865 67.8779 39
      vertex 80.9404 67.4097 39
      vertex 78.6938 68.3063 39
    endloop
  endfacet
  facet normal 0 0 1
    outer loop
      vertex 81.148 66.0101 39
      vertex 79.0314 64.8787 39
      vertex 79.2584 64.4999 39
    endloop
  endfacet
  facet normal 0 0 1
    outer loop
      vertex 80.9404 67.4097 39
      vertex 78.5865 67.8779 39
      vertex 80.9101 67.2058 39
    endloop
  endfacet
  facet normal 0 0 1
    outer loop
      vertex 81.0599 66.1964 39
      vertex 78.8425 65.2779 39
      vertex 79.0314 64.8787 39
    endloop
  endfacet
  facet normal -0 0 1
    outer loop
      vertex 78.5217 67.4411 39
      vertex 80.9101 67.2058 39
      vertex 78.5865 67.8779 39
    endloop
  endfacet
  facet normal 0 0 1
    outer loop
      vertex 80.9904 66.3904 39
      vertex 78.6938 65.6937 39
      vertex 78.8425 65.2779 39
    endloop
  endfacet
  facet normal 0 0 1
    outer loop
      vertex 80.9101 67.2058 39
      vertex 78.5217 67.4411 39
      vertex 80.9 67 39
    endloop
  endfacet
  facet normal 0 0 1
    outer loop
      vertex 80.9404 66.5903 39
      vertex 78.5865 66.1221 39
      vertex 78.6938 65.6937 39
    endloop
  endfacet
  facet normal 0 0 1
    outer loop
      vertex 78.5 67 39
      vertex 80.9 67 39
      vertex 78.5217 67.4411 39
    endloop
  endfacet
  facet normal 0 0 1
    outer loop
      vertex 80.9101 66.7942 39
      vertex 78.5217 66.5589 39
      vertex 78.5865 66.1221 39
    endloop
  endfacet
  facet normal 0 0 1
    outer loop
      vertex 80.9 67 39
      vertex 78.5 67 39
      vertex 78.5217 66.5589 39
    endloop
  endfacet
  facet normal -0.989138 -0.146988 0
    outer loop
      vertex 85.0899 67.2058 33.5
      vertex 85.0596 67.4097 39
      vertex 85.0596 67.4097 33.5
    endloop
  endfacet
  facet normal -0.989138 -0.146988 0
    outer loop
      vertex 85.0596 67.4097 39
      vertex 85.0899 67.2058 33.5
      vertex 85.0899 67.2058 39
    endloop
  endfacet
  facet normal -0.998798 -0.0490178 0
    outer loop
      vertex 85.1 67 33.5
      vertex 85.0899 67.2058 39
      vertex 85.0899 67.2058 33.5
    endloop
  endfacet
  facet normal -0.998798 -0.0490178 0
    outer loop
      vertex 85.0899 67.2058 39
      vertex 85.1 67 33.5
      vertex 85.1 67 39
    endloop
  endfacet
  facet normal -0.970114 -0.24265 0
    outer loop
      vertex 85.0596 67.4097 33.5
      vertex 85.0096 67.6096 39
      vertex 85.0096 67.6096 33.5
    endloop
  endfacet
  facet normal -0.970114 -0.24265 0
    outer loop
      vertex 85.0096 67.6096 39
      vertex 85.0596 67.4097 33.5
      vertex 85.0596 67.4097 39
    endloop
  endfacet
  facet normal -0.998798 0.0490178 0
    outer loop
      vertex 85.0899 66.7942 33.5
      vertex 85.1 67 39
      vertex 85.1 67 33.5
    endloop
  endfacet
  facet normal -0.998798 0.0490178 0
    outer loop
      vertex 85.1 67 39
      vertex 85.0899 66.7942 33.5
      vertex 85.0899 66.7942 39
    endloop
  endfacet
  facet normal -0.337258 0.941412 0
    outer loop
      vertex 83.8036 65.0599 33.5
      vertex 83.6096 64.9904 39
      vertex 83.8036 65.0599 39
    endloop
  endfacet
  facet normal -0.337258 0.941412 0
    outer loop
      vertex 83.6096 64.9904 39
      vertex 83.8036 65.0599 33.5
      vertex 83.6096 64.9904 33.5
    endloop
  endfacet
  facet normal 0.427502 0.904014 -0
    outer loop
      vertex 82.1964 65.0599 33.5
      vertex 82.0101 65.148 39
      vertex 82.1964 65.0599 39
    endloop
  endfacet
  facet normal 0.427502 0.904014 0
    outer loop
      vertex 82.0101 65.148 39
      vertex 82.1964 65.0599 33.5
      vertex 82.0101 65.148 33.5
    endloop
  endfacet
  facet normal 0.989138 0.146988 0
    outer loop
      vertex 80.9404 66.5903 39
      vertex 80.9101 66.7942 33.5
      vertex 80.9101 66.7942 39
    endloop
  endfacet
  facet normal 0.989138 0.146988 0
    outer loop
      vertex 80.9101 66.7942 33.5
      vertex 80.9404 66.5903 39
      vertex 80.9404 66.5903 33.5
    endloop
  endfacet
  facet normal 0.671561 -0.740949 0
    outer loop
      vertex 81.5151 68.4849 33.5
      vertex 81.6678 68.6233 39
      vertex 81.5151 68.4849 39
    endloop
  endfacet
  facet normal 0.671561 -0.740949 0
    outer loop
      vertex 81.6678 68.6233 39
      vertex 81.5151 68.4849 33.5
      vertex 81.6678 68.6233 33.5
    endloop
  endfacet
  facet normal 0.24265 0.970114 -0
    outer loop
      vertex 82.5903 64.9404 33.5
      vertex 82.3904 64.9904 39
      vertex 82.5903 64.9404 39
    endloop
  endfacet
  facet normal 0.24265 0.970114 0
    outer loop
      vertex 82.3904 64.9904 39
      vertex 82.5903 64.9404 33.5
      vertex 82.3904 64.9904 33.5
    endloop
  endfacet
  facet normal 0.970114 -0.24265 0
    outer loop
      vertex 80.9404 67.4097 39
      vertex 80.9904 67.6096 33.5
      vertex 80.9904 67.6096 39
    endloop
  endfacet
  facet normal 0.970114 -0.24265 0
    outer loop
      vertex 80.9904 67.6096 33.5
      vertex 80.9404 67.4097 39
      vertex 80.9404 67.4097 33.5
    endloop
  endfacet
  facet normal -0.803076 -0.595877 0
    outer loop
      vertex 84.7461 68.1667 33.5
      vertex 84.6233 68.3322 39
      vertex 84.6233 68.3322 33.5
    endloop
  endfacet
  facet normal -0.803076 -0.595877 0
    outer loop
      vertex 84.6233 68.3322 39
      vertex 84.7461 68.1667 33.5
      vertex 84.7461 68.1667 39
    endloop
  endfacet
  facet normal 0.0490178 -0.998798 0
    outer loop
      vertex 82.7942 69.0899 33.5
      vertex 83 69.1 39
      vertex 82.7942 69.0899 39
    endloop
  endfacet
  facet normal 0.0490178 -0.998798 0
    outer loop
      vertex 83 69.1 39
      vertex 82.7942 69.0899 33.5
      vertex 83 69.1 33.5
    endloop
  endfacet
  facet normal 0.740949 0.671561 0
    outer loop
      vertex 81.5151 65.5151 39
      vertex 81.3767 65.6678 33.5
      vertex 81.3767 65.6678 39
    endloop
  endfacet
  facet normal 0.740949 0.671561 0
    outer loop
      vertex 81.3767 65.6678 33.5
      vertex 81.5151 65.5151 39
      vertex 81.5151 65.5151 33.5
    endloop
  endfacet
  facet normal 0.595877 0.803076 -0
    outer loop
      vertex 81.8333 65.2539 33.5
      vertex 81.6678 65.3767 39
      vertex 81.8333 65.2539 39
    endloop
  endfacet
  facet normal 0.595877 0.803076 0
    outer loop
      vertex 81.6678 65.3767 39
      vertex 81.8333 65.2539 33.5
      vertex 81.6678 65.3767 33.5
    endloop
  endfacet
  facet normal 0.513853 0.857878 -0
    outer loop
      vertex 82.0101 65.148 33.5
      vertex 81.8333 65.2539 39
      vertex 82.0101 65.148 39
    endloop
  endfacet
  facet normal 0.513853 0.857878 0
    outer loop
      vertex 81.8333 65.2539 39
      vertex 82.0101 65.148 33.5
      vertex 81.8333 65.2539 33.5
    endloop
  endfacet
  facet normal -0.0490178 -0.998798 0
    outer loop
      vertex 83 69.1 33.5
      vertex 83.2058 69.0899 39
      vertex 83 69.1 39
    endloop
  endfacet
  facet normal -0.0490178 -0.998798 -0
    outer loop
      vertex 83.2058 69.0899 39
      vertex 83 69.1 33.5
      vertex 83.2058 69.0899 33.5
    endloop
  endfacet
  facet normal 0.803076 0.595877 0
    outer loop
      vertex 81.3767 65.6678 39
      vertex 81.2539 65.8333 33.5
      vertex 81.2539 65.8333 39
    endloop
  endfacet
  facet normal 0.803076 0.595877 0
    outer loop
      vertex 81.2539 65.8333 33.5
      vertex 81.3767 65.6678 39
      vertex 81.3767 65.6678 33.5
    endloop
  endfacet
  facet normal -0.989138 0.146988 0
    outer loop
      vertex 85.0596 66.5903 33.5
      vertex 85.0899 66.7942 39
      vertex 85.0899 66.7942 33.5
    endloop
  endfacet
  facet normal -0.989138 0.146988 0
    outer loop
      vertex 85.0899 66.7942 39
      vertex 85.0596 66.5903 33.5
      vertex 85.0596 66.5903 39
    endloop
  endfacet
  facet normal 0.740949 -0.671561 0
    outer loop
      vertex 81.3767 68.3322 39
      vertex 81.5151 68.4849 33.5
      vertex 81.5151 68.4849 39
    endloop
  endfacet
  facet normal 0.740949 -0.671561 0
    outer loop
      vertex 81.5151 68.4849 33.5
      vertex 81.3767 68.3322 39
      vertex 81.3767 68.3322 33.5
    endloop
  endfacet
  facet normal -0.941412 0.337258 0
    outer loop
      vertex 84.9401 66.1964 33.5
      vertex 85.0096 66.3904 39
      vertex 85.0096 66.3904 33.5
    endloop
  endfacet
  facet normal -0.941412 0.337258 0
    outer loop
      vertex 85.0096 66.3904 39
      vertex 84.9401 66.1964 33.5
      vertex 84.9401 66.1964 39
    endloop
  endfacet
  facet normal 0.337258 -0.941412 0
    outer loop
      vertex 82.1964 68.9401 33.5
      vertex 82.3904 69.0096 39
      vertex 82.1964 68.9401 39
    endloop
  endfacet
  facet normal 0.337258 -0.941412 0
    outer loop
      vertex 82.3904 69.0096 39
      vertex 82.1964 68.9401 33.5
      vertex 82.3904 69.0096 33.5
    endloop
  endfacet
  facet normal -0.941412 -0.337258 0
    outer loop
      vertex 85.0096 67.6096 33.5
      vertex 84.9401 67.8036 39
      vertex 84.9401 67.8036 33.5
    endloop
  endfacet
  facet normal -0.941412 -0.337258 0
    outer loop
      vertex 84.9401 67.8036 39
      vertex 85.0096 67.6096 33.5
      vertex 85.0096 67.6096 39
    endloop
  endfacet
  facet normal 0.904014 -0.427502 0
    outer loop
      vertex 81.0599 67.8036 39
      vertex 81.148 67.9899 33.5
      vertex 81.148 67.9899 39
    endloop
  endfacet
  facet normal 0.904014 -0.427502 0
    outer loop
      vertex 81.148 67.9899 33.5
      vertex 81.0599 67.8036 39
      vertex 81.0599 67.8036 33.5
    endloop
  endfacet
  facet normal -0.970114 0.24265 0
    outer loop
      vertex 85.0096 66.3904 33.5
      vertex 85.0596 66.5903 39
      vertex 85.0596 66.5903 33.5
    endloop
  endfacet
  facet normal -0.970114 0.24265 0
    outer loop
      vertex 85.0596 66.5903 39
      vertex 85.0096 66.3904 33.5
      vertex 85.0096 66.3904 39
    endloop
  endfacet
  facet normal -0.0490178 0.998798 0
    outer loop
      vertex 83.2058 64.9101 33.5
      vertex 83 64.9 39
      vertex 83.2058 64.9101 39
    endloop
  endfacet
  facet normal -0.0490178 0.998798 0
    outer loop
      vertex 83 64.9 39
      vertex 83.2058 64.9101 33.5
      vertex 83 64.9 33.5
    endloop
  endfacet
  facet normal -0.904014 -0.427502 0
    outer loop
      vertex 84.9401 67.8036 33.5
      vertex 84.852 67.9899 39
      vertex 84.852 67.9899 33.5
    endloop
  endfacet
  facet normal -0.904014 -0.427502 0
    outer loop
      vertex 84.852 67.9899 39
      vertex 84.9401 67.8036 33.5
      vertex 84.9401 67.8036 39
    endloop
  endfacet
  facet normal 0.941412 0.337258 0
    outer loop
      vertex 81.0599 66.1964 39
      vertex 80.9904 66.3904 33.5
      vertex 80.9904 66.3904 39
    endloop
  endfacet
  facet normal 0.941412 0.337258 0
    outer loop
      vertex 80.9904 66.3904 33.5
      vertex 81.0599 66.1964 39
      vertex 81.0599 66.1964 33.5
    endloop
  endfacet
  facet normal -0.427502 0.904014 0
    outer loop
      vertex 83.9899 65.148 33.5
      vertex 83.8036 65.0599 39
      vertex 83.9899 65.148 39
    endloop
  endfacet
  facet normal -0.427502 0.904014 0
    outer loop
      vertex 83.8036 65.0599 39
      vertex 83.9899 65.148 33.5
      vertex 83.8036 65.0599 33.5
    endloop
  endfacet
  facet normal -0.427502 -0.904014 0
    outer loop
      vertex 83.8036 68.9401 33.5
      vertex 83.9899 68.852 39
      vertex 83.8036 68.9401 39
    endloop
  endfacet
  facet normal -0.427502 -0.904014 -0
    outer loop
      vertex 83.9899 68.852 39
      vertex 83.8036 68.9401 33.5
      vertex 83.9899 68.852 33.5
    endloop
  endfacet
  facet normal 0.427502 -0.904014 0
    outer loop
      vertex 82.0101 68.852 33.5
      vertex 82.1964 68.9401 39
      vertex 82.0101 68.852 39
    endloop
  endfacet
  facet normal 0.427502 -0.904014 0
    outer loop
      vertex 82.1964 68.9401 39
      vertex 82.0101 68.852 33.5
      vertex 82.1964 68.9401 33.5
    endloop
  endfacet
  facet normal -0.595877 0.803076 0
    outer loop
      vertex 84.3322 65.3767 33.5
      vertex 84.1667 65.2539 39
      vertex 84.3322 65.3767 39
    endloop
  endfacet
  facet normal -0.595877 0.803076 0
    outer loop
      vertex 84.1667 65.2539 39
      vertex 84.3322 65.3767 33.5
      vertex 84.1667 65.2539 33.5
    endloop
  endfacet
  facet normal -0.740949 0.671561 0
    outer loop
      vertex 84.4849 65.5151 33.5
      vertex 84.6233 65.6678 39
      vertex 84.6233 65.6678 33.5
    endloop
  endfacet
  facet normal -0.740949 0.671561 0
    outer loop
      vertex 84.6233 65.6678 39
      vertex 84.4849 65.5151 33.5
      vertex 84.4849 65.5151 39
    endloop
  endfacet
  facet normal 0.904014 0.427502 0
    outer loop
      vertex 81.148 66.0101 39
      vertex 81.0599 66.1964 33.5
      vertex 81.0599 66.1964 39
    endloop
  endfacet
  facet normal 0.904014 0.427502 0
    outer loop
      vertex 81.0599 66.1964 33.5
      vertex 81.148 66.0101 39
      vertex 81.148 66.0101 33.5
    endloop
  endfacet
  facet normal -0.146988 0.989138 0
    outer loop
      vertex 83.4097 64.9404 33.5
      vertex 83.2058 64.9101 39
      vertex 83.4097 64.9404 39
    endloop
  endfacet
  facet normal -0.146988 0.989138 0
    outer loop
      vertex 83.2058 64.9101 39
      vertex 83.4097 64.9404 33.5
      vertex 83.2058 64.9101 33.5
    endloop
  endfacet
  facet normal -0.24265 -0.970114 0
    outer loop
      vertex 83.4097 69.0596 33.5
      vertex 83.6096 69.0096 39
      vertex 83.4097 69.0596 39
    endloop
  endfacet
  facet normal -0.24265 -0.970114 -0
    outer loop
      vertex 83.6096 69.0096 39
      vertex 83.4097 69.0596 33.5
      vertex 83.6096 69.0096 33.5
    endloop
  endfacet
  facet normal -0.671561 -0.740949 0
    outer loop
      vertex 84.3322 68.6233 33.5
      vertex 84.4849 68.4849 39
      vertex 84.3322 68.6233 39
    endloop
  endfacet
  facet normal -0.671561 -0.740949 -0
    outer loop
      vertex 84.4849 68.4849 39
      vertex 84.3322 68.6233 33.5
      vertex 84.4849 68.4849 33.5
    endloop
  endfacet
  facet normal 0.989138 -0.146988 0
    outer loop
      vertex 80.9101 67.2058 39
      vertex 80.9404 67.4097 33.5
      vertex 80.9404 67.4097 39
    endloop
  endfacet
  facet normal 0.989138 -0.146988 0
    outer loop
      vertex 80.9404 67.4097 33.5
      vertex 80.9101 67.2058 39
      vertex 80.9101 67.2058 33.5
    endloop
  endfacet
  facet normal -0.595877 -0.803076 0
    outer loop
      vertex 84.1667 68.7461 33.5
      vertex 84.3322 68.6233 39
      vertex 84.1667 68.7461 39
    endloop
  endfacet
  facet normal -0.595877 -0.803076 -0
    outer loop
      vertex 84.3322 68.6233 39
      vertex 84.1667 68.7461 33.5
      vertex 84.3322 68.6233 33.5
    endloop
  endfacet
  facet normal -0.513853 -0.857878 0
    outer loop
      vertex 83.9899 68.852 33.5
      vertex 84.1667 68.7461 39
      vertex 83.9899 68.852 39
    endloop
  endfacet
  facet normal -0.513853 -0.857878 -0
    outer loop
      vertex 84.1667 68.7461 39
      vertex 83.9899 68.852 33.5
      vertex 84.1667 68.7461 33.5
    endloop
  endfacet
  facet normal -0.803076 0.595877 0
    outer loop
      vertex 84.6233 65.6678 33.5
      vertex 84.7461 65.8333 39
      vertex 84.7461 65.8333 33.5
    endloop
  endfacet
  facet normal -0.803076 0.595877 0
    outer loop
      vertex 84.7461 65.8333 39
      vertex 84.6233 65.6678 33.5
      vertex 84.6233 65.6678 39
    endloop
  endfacet
  facet normal -0.337258 -0.941412 0
    outer loop
      vertex 83.6096 69.0096 33.5
      vertex 83.8036 68.9401 39
      vertex 83.6096 69.0096 39
    endloop
  endfacet
  facet normal -0.337258 -0.941412 -0
    outer loop
      vertex 83.8036 68.9401 39
      vertex 83.6096 69.0096 33.5
      vertex 83.8036 68.9401 33.5
    endloop
  endfacet
  facet normal -0.24265 0.970114 0
    outer loop
      vertex 83.6096 64.9904 33.5
      vertex 83.4097 64.9404 39
      vertex 83.6096 64.9904 39
    endloop
  endfacet
  facet normal -0.24265 0.970114 0
    outer loop
      vertex 83.4097 64.9404 39
      vertex 83.6096 64.9904 33.5
      vertex 83.4097 64.9404 33.5
    endloop
  endfacet
  facet normal -0.740949 -0.671561 0
    outer loop
      vertex 84.6233 68.3322 33.5
      vertex 84.4849 68.4849 39
      vertex 84.4849 68.4849 33.5
    endloop
  endfacet
  facet normal -0.740949 -0.671561 0
    outer loop
      vertex 84.4849 68.4849 39
      vertex 84.6233 68.3322 33.5
      vertex 84.6233 68.3322 39
    endloop
  endfacet
  facet normal -0.857878 -0.513853 0
    outer loop
      vertex 84.852 67.9899 33.5
      vertex 84.7461 68.1667 39
      vertex 84.7461 68.1667 33.5
    endloop
  endfacet
  facet normal -0.857878 -0.513853 0
    outer loop
      vertex 84.7461 68.1667 39
      vertex 84.852 67.9899 33.5
      vertex 84.852 67.9899 39
    endloop
  endfacet
  facet normal 0.671561 0.740949 -0
    outer loop
      vertex 81.6678 65.3767 33.5
      vertex 81.5151 65.5151 39
      vertex 81.6678 65.3767 39
    endloop
  endfacet
  facet normal 0.671561 0.740949 0
    outer loop
      vertex 81.5151 65.5151 39
      vertex 81.6678 65.3767 33.5
      vertex 81.5151 65.5151 33.5
    endloop
  endfacet
  facet normal 0.513853 -0.857878 0
    outer loop
      vertex 81.8333 68.7461 33.5
      vertex 82.0101 68.852 39
      vertex 81.8333 68.7461 39
    endloop
  endfacet
  facet normal 0.513853 -0.857878 0
    outer loop
      vertex 82.0101 68.852 39
      vertex 81.8333 68.7461 33.5
      vertex 82.0101 68.852 33.5
    endloop
  endfacet
  facet normal 0.24265 -0.970114 0
    outer loop
      vertex 82.3904 69.0096 33.5
      vertex 82.5903 69.0596 39
      vertex 82.3904 69.0096 39
    endloop
  endfacet
  facet normal 0.24265 -0.970114 0
    outer loop
      vertex 82.5903 69.0596 39
      vertex 82.3904 69.0096 33.5
      vertex 82.5903 69.0596 33.5
    endloop
  endfacet
  facet normal 0 0 1
    outer loop
      vertex 85.0899 67.2058 33.5
      vertex 85.0899 66.7942 33.5
      vertex 85.1 67 33.5
    endloop
  endfacet
  facet normal 0 0 1
    outer loop
      vertex 85.0596 67.4097 33.5
      vertex 85.0899 66.7942 33.5
      vertex 85.0899 67.2058 33.5
    endloop
  endfacet
  facet normal 0 0 1
    outer loop
      vertex 85.0596 67.4097 33.5
      vertex 85.0596 66.5903 33.5
      vertex 85.0899 66.7942 33.5
    endloop
  endfacet
  facet normal 0 0 1
    outer loop
      vertex 85.0096 67.6096 33.5
      vertex 85.0596 66.5903 33.5
      vertex 85.0596 67.4097 33.5
    endloop
  endfacet
  facet normal 0 0 1
    outer loop
      vertex 85.0096 67.6096 33.5
      vertex 85.0096 66.3904 33.5
      vertex 85.0596 66.5903 33.5
    endloop
  endfacet
  facet normal 0 0 1
    outer loop
      vertex 84.9401 67.8036 33.5
      vertex 85.0096 66.3904 33.5
      vertex 85.0096 67.6096 33.5
    endloop
  endfacet
  facet normal 0 0 1
    outer loop
      vertex 84.9401 67.8036 33.5
      vertex 84.9401 66.1964 33.5
      vertex 85.0096 66.3904 33.5
    endloop
  endfacet
  facet normal 0 0 1
    outer loop
      vertex 84.852 67.9899 33.5
      vertex 84.9401 66.1964 33.5
      vertex 84.9401 67.8036 33.5
    endloop
  endfacet
  facet normal 0 0 1
    outer loop
      vertex 84.852 67.9899 33.5
      vertex 84.852 66.0101 33.5
      vertex 84.9401 66.1964 33.5
    endloop
  endfacet
  facet normal 0 0 1
    outer loop
      vertex 84.7461 68.1667 33.5
      vertex 84.852 66.0101 33.5
      vertex 84.852 67.9899 33.5
    endloop
  endfacet
  facet normal 0 0 1
    outer loop
      vertex 84.7461 68.1667 33.5
      vertex 84.7461 65.8333 33.5
      vertex 84.852 66.0101 33.5
    endloop
  endfacet
  facet normal 0 0 1
    outer loop
      vertex 84.6233 68.3322 33.5
      vertex 84.7461 65.8333 33.5
      vertex 84.7461 68.1667 33.5
    endloop
  endfacet
  facet normal 0 0 1
    outer loop
      vertex 84.6233 68.3322 33.5
      vertex 84.6233 65.6678 33.5
      vertex 84.7461 65.8333 33.5
    endloop
  endfacet
  facet normal 0 0 1
    outer loop
      vertex 84.4849 68.4849 33.5
      vertex 84.6233 65.6678 33.5
      vertex 84.6233 68.3322 33.5
    endloop
  endfacet
  facet normal 0 0 1
    outer loop
      vertex 84.4849 68.4849 33.5
      vertex 84.4849 65.5151 33.5
      vertex 84.6233 65.6678 33.5
    endloop
  endfacet
  facet normal 0 0 1
    outer loop
      vertex 84.3322 68.6233 33.5
      vertex 84.4849 65.5151 33.5
      vertex 84.4849 68.4849 33.5
    endloop
  endfacet
  facet normal 0 0 1
    outer loop
      vertex 84.3322 68.6233 33.5
      vertex 84.3322 65.3767 33.5
      vertex 84.4849 65.5151 33.5
    endloop
  endfacet
  facet normal 0 0 1
    outer loop
      vertex 84.1667 68.7461 33.5
      vertex 84.3322 65.3767 33.5
      vertex 84.3322 68.6233 33.5
    endloop
  endfacet
  facet normal 0 0 1
    outer loop
      vertex 84.1667 68.7461 33.5
      vertex 84.1667 65.2539 33.5
      vertex 84.3322 65.3767 33.5
    endloop
  endfacet
  facet normal 0 0 1
    outer loop
      vertex 83.9899 68.852 33.5
      vertex 84.1667 65.2539 33.5
      vertex 84.1667 68.7461 33.5
    endloop
  endfacet
  facet normal 0 0 1
    outer loop
      vertex 83.9899 68.852 33.5
      vertex 83.9899 65.148 33.5
      vertex 84.1667 65.2539 33.5
    endloop
  endfacet
  facet normal 0 0 1
    outer loop
      vertex 83.8036 68.9401 33.5
      vertex 83.9899 65.148 33.5
      vertex 83.9899 68.852 33.5
    endloop
  endfacet
  facet normal 0 0 1
    outer loop
      vertex 83.8036 68.9401 33.5
      vertex 83.8036 65.0599 33.5
      vertex 83.9899 65.148 33.5
    endloop
  endfacet
  facet normal 0 0 1
    outer loop
      vertex 83.6096 69.0096 33.5
      vertex 83.8036 65.0599 33.5
      vertex 83.8036 68.9401 33.5
    endloop
  endfacet
  facet normal 0 0 1
    outer loop
      vertex 83.6096 69.0096 33.5
      vertex 83.6096 64.9904 33.5
      vertex 83.8036 65.0599 33.5
    endloop
  endfacet
  facet normal 0 0 1
    outer loop
      vertex 83.4097 69.0596 33.5
      vertex 83.6096 64.9904 33.5
      vertex 83.6096 69.0096 33.5
    endloop
  endfacet
  facet normal 0 0 1
    outer loop
      vertex 83.4097 69.0596 33.5
      vertex 83.4097 64.9404 33.5
      vertex 83.6096 64.9904 33.5
    endloop
  endfacet
  facet normal 0 0 1
    outer loop
      vertex 83.2058 69.0899 33.5
      vertex 83.4097 64.9404 33.5
      vertex 83.4097 69.0596 33.5
    endloop
  endfacet
  facet normal 0 0 1
    outer loop
      vertex 83.2058 69.0899 33.5
      vertex 83.2058 64.9101 33.5
      vertex 83.4097 64.9404 33.5
    endloop
  endfacet
  facet normal 0 0 1
    outer loop
      vertex 83 69.1 33.5
      vertex 83.2058 64.9101 33.5
      vertex 83.2058 69.0899 33.5
    endloop
  endfacet
  facet normal 0 0 1
    outer loop
      vertex 83 69.1 33.5
      vertex 83 64.9 33.5
      vertex 83.2058 64.9101 33.5
    endloop
  endfacet
  facet normal -0 0 1
    outer loop
      vertex 82.7942 69.0899 33.5
      vertex 83 64.9 33.5
      vertex 83 69.1 33.5
    endloop
  endfacet
  facet normal 0 0 1
    outer loop
      vertex 82.7942 69.0899 33.5
      vertex 82.7942 64.9101 33.5
      vertex 83 64.9 33.5
    endloop
  endfacet
  facet normal -0 0 1
    outer loop
      vertex 82.5903 69.0596 33.5
      vertex 82.7942 64.9101 33.5
      vertex 82.7942 69.0899 33.5
    endloop
  endfacet
  facet normal 0 0 1
    outer loop
      vertex 82.5903 69.0596 33.5
      vertex 82.5903 64.9404 33.5
      vertex 82.7942 64.9101 33.5
    endloop
  endfacet
  facet normal -0 0 1
    outer loop
      vertex 82.3904 69.0096 33.5
      vertex 82.5903 64.9404 33.5
      vertex 82.5903 69.0596 33.5
    endloop
  endfacet
  facet normal 0 0 1
    outer loop
      vertex 82.3904 69.0096 33.5
      vertex 82.3904 64.9904 33.5
      vertex 82.5903 64.9404 33.5
    endloop
  endfacet
  facet normal -0 0 1
    outer loop
      vertex 82.1964 68.9401 33.5
      vertex 82.3904 64.9904 33.5
      vertex 82.3904 69.0096 33.5
    endloop
  endfacet
  facet normal 0 0 1
    outer loop
      vertex 82.1964 68.9401 33.5
      vertex 82.1964 65.0599 33.5
      vertex 82.3904 64.9904 33.5
    endloop
  endfacet
  facet normal -0 0 1
    outer loop
      vertex 82.0101 68.852 33.5
      vertex 82.1964 65.0599 33.5
      vertex 82.1964 68.9401 33.5
    endloop
  endfacet
  facet normal 0 0 1
    outer loop
      vertex 82.0101 68.852 33.5
      vertex 82.0101 65.148 33.5
      vertex 82.1964 65.0599 33.5
    endloop
  endfacet
  facet normal -0 0 1
    outer loop
      vertex 81.8333 68.7461 33.5
      vertex 82.0101 65.148 33.5
      vertex 82.0101 68.852 33.5
    endloop
  endfacet
  facet normal 0 0 1
    outer loop
      vertex 81.8333 68.7461 33.5
      vertex 81.8333 65.2539 33.5
      vertex 82.0101 65.148 33.5
    endloop
  endfacet
  facet normal -0 0 1
    outer loop
      vertex 81.6678 68.6233 33.5
      vertex 81.8333 65.2539 33.5
      vertex 81.8333 68.7461 33.5
    endloop
  endfacet
  facet normal 0 0 1
    outer loop
      vertex 81.6678 68.6233 33.5
      vertex 81.6678 65.3767 33.5
      vertex 81.8333 65.2539 33.5
    endloop
  endfacet
  facet normal -0 0 1
    outer loop
      vertex 81.5151 68.4849 33.5
      vertex 81.6678 65.3767 33.5
      vertex 81.6678 68.6233 33.5
    endloop
  endfacet
  facet normal 0 0 1
    outer loop
      vertex 81.5151 68.4849 33.5
      vertex 81.5151 65.5151 33.5
      vertex 81.6678 65.3767 33.5
    endloop
  endfacet
  facet normal -0 0 1
    outer loop
      vertex 81.3767 68.3322 33.5
      vertex 81.5151 65.5151 33.5
      vertex 81.5151 68.4849 33.5
    endloop
  endfacet
  facet normal 0 0 1
    outer loop
      vertex 81.3767 68.3322 33.5
      vertex 81.3767 65.6678 33.5
      vertex 81.5151 65.5151 33.5
    endloop
  endfacet
  facet normal -0 0 1
    outer loop
      vertex 81.2539 68.1667 33.5
      vertex 81.3767 65.6678 33.5
      vertex 81.3767 68.3322 33.5
    endloop
  endfacet
  facet normal 0 0 1
    outer loop
      vertex 81.2539 68.1667 33.5
      vertex 81.2539 65.8333 33.5
      vertex 81.3767 65.6678 33.5
    endloop
  endfacet
  facet normal -0 0 1
    outer loop
      vertex 81.148 67.9899 33.5
      vertex 81.2539 65.8333 33.5
      vertex 81.2539 68.1667 33.5
    endloop
  endfacet
  facet normal 0 0 1
    outer loop
      vertex 81.148 67.9899 33.5
      vertex 81.148 66.0101 33.5
      vertex 81.2539 65.8333 33.5
    endloop
  endfacet
  facet normal -0 0 1
    outer loop
      vertex 81.0599 67.8036 33.5
      vertex 81.148 66.0101 33.5
      vertex 81.148 67.9899 33.5
    endloop
  endfacet
  facet normal 0 0 1
    outer loop
      vertex 81.0599 67.8036 33.5
      vertex 81.0599 66.1964 33.5
      vertex 81.148 66.0101 33.5
    endloop
  endfacet
  facet normal -0 0 1
    outer loop
      vertex 80.9904 67.6096 33.5
      vertex 81.0599 66.1964 33.5
      vertex 81.0599 67.8036 33.5
    endloop
  endfacet
  facet normal 0 0 1
    outer loop
      vertex 80.9904 67.6096 33.5
      vertex 80.9904 66.3904 33.5
      vertex 81.0599 66.1964 33.5
    endloop
  endfacet
  facet normal -0 0 1
    outer loop
      vertex 80.9404 67.4097 33.5
      vertex 80.9904 66.3904 33.5
      vertex 80.9904 67.6096 33.5
    endloop
  endfacet
  facet normal 0 0 1
    outer loop
      vertex 80.9404 67.4097 33.5
      vertex 80.9404 66.5903 33.5
      vertex 80.9904 66.3904 33.5
    endloop
  endfacet
  facet normal -0 0 1
    outer loop
      vertex 80.9101 67.2058 33.5
      vertex 80.9404 66.5903 33.5
      vertex 80.9404 67.4097 33.5
    endloop
  endfacet
  facet normal 0 0 1
    outer loop
      vertex 80.9101 67.2058 33.5
      vertex 80.9101 66.7942 33.5
      vertex 80.9404 66.5903 33.5
    endloop
  endfacet
  facet normal 0 -0 1
    outer loop
      vertex 80.9101 66.7942 33.5
      vertex 80.9101 67.2058 33.5
      vertex 80.9 67 33.5
    endloop
  endfacet
  facet normal 0.146988 -0.989138 0
    outer loop
      vertex 82.5903 69.0596 33.5
      vertex 82.7942 69.0899 39
      vertex 82.5903 69.0596 39
    endloop
  endfacet
  facet normal 0.146988 -0.989138 0
    outer loop
      vertex 82.7942 69.0899 39
      vertex 82.5903 69.0596 33.5
      vertex 82.7942 69.0899 33.5
    endloop
  endfacet
  facet normal 0.998798 -0.0490178 0
    outer loop
      vertex 80.9 67 39
      vertex 80.9101 67.2058 33.5
      vertex 80.9101 67.2058 39
    endloop
  endfacet
  facet normal 0.998798 -0.0490178 0
    outer loop
      vertex 80.9101 67.2058 33.5
      vertex 80.9 67 39
      vertex 80.9 67 33.5
    endloop
  endfacet
  facet normal 0.803076 -0.595877 0
    outer loop
      vertex 81.2539 68.1667 39
      vertex 81.3767 68.3322 33.5
      vertex 81.3767 68.3322 39
    endloop
  endfacet
  facet normal 0.803076 -0.595877 0
    outer loop
      vertex 81.3767 68.3322 33.5
      vertex 81.2539 68.1667 39
      vertex 81.2539 68.1667 33.5
    endloop
  endfacet
  facet normal 0.970114 0.24265 0
    outer loop
      vertex 80.9904 66.3904 39
      vertex 80.9404 66.5903 33.5
      vertex 80.9404 66.5903 39
    endloop
  endfacet
  facet normal 0.970114 0.24265 0
    outer loop
      vertex 80.9404 66.5903 33.5
      vertex 80.9904 66.3904 39
      vertex 80.9904 66.3904 33.5
    endloop
  endfacet
  facet normal -0.857878 0.513853 0
    outer loop
      vertex 84.7461 65.8333 33.5
      vertex 84.852 66.0101 39
      vertex 84.852 66.0101 33.5
    endloop
  endfacet
  facet normal -0.857878 0.513853 0
    outer loop
      vertex 84.852 66.0101 39
      vertex 84.7461 65.8333 33.5
      vertex 84.7461 65.8333 39
    endloop
  endfacet
  facet normal -0.904014 0.427502 0
    outer loop
      vertex 84.852 66.0101 33.5
      vertex 84.9401 66.1964 39
      vertex 84.9401 66.1964 33.5
    endloop
  endfacet
  facet normal -0.904014 0.427502 0
    outer loop
      vertex 84.9401 66.1964 39
      vertex 84.852 66.0101 33.5
      vertex 84.852 66.0101 39
    endloop
  endfacet
  facet normal -0.513853 0.857878 0
    outer loop
      vertex 84.1667 65.2539 33.5
      vertex 83.9899 65.148 39
      vertex 84.1667 65.2539 39
    endloop
  endfacet
  facet normal -0.513853 0.857878 0
    outer loop
      vertex 83.9899 65.148 39
      vertex 84.1667 65.2539 33.5
      vertex 83.9899 65.148 33.5
    endloop
  endfacet
  facet normal 0.941412 -0.337258 0
    outer loop
      vertex 80.9904 67.6096 39
      vertex 81.0599 67.8036 33.5
      vertex 81.0599 67.8036 39
    endloop
  endfacet
  facet normal 0.941412 -0.337258 0
    outer loop
      vertex 81.0599 67.8036 33.5
      vertex 80.9904 67.6096 39
      vertex 80.9904 67.6096 33.5
    endloop
  endfacet
  facet normal 0.0490178 0.998798 -0
    outer loop
      vertex 83 64.9 33.5
      vertex 82.7942 64.9101 39
      vertex 83 64.9 39
    endloop
  endfacet
  facet normal 0.0490178 0.998798 0
    outer loop
      vertex 82.7942 64.9101 39
      vertex 83 64.9 33.5
      vertex 82.7942 64.9101 33.5
    endloop
  endfacet
  facet normal 0.146988 0.989138 -0
    outer loop
      vertex 82.7942 64.9101 33.5
      vertex 82.5903 64.9404 39
      vertex 82.7942 64.9101 39
    endloop
  endfacet
  facet normal 0.146988 0.989138 0
    outer loop
      vertex 82.5903 64.9404 39
      vertex 82.7942 64.9101 33.5
      vertex 82.5903 64.9404 33.5
    endloop
  endfacet
  facet normal 0.595877 -0.803076 0
    outer loop
      vertex 81.6678 68.6233 33.5
      vertex 81.8333 68.7461 39
      vertex 81.6678 68.6233 39
    endloop
  endfacet
  facet normal 0.595877 -0.803076 0
    outer loop
      vertex 81.8333 68.7461 39
      vertex 81.6678 68.6233 33.5
      vertex 81.8333 68.7461 33.5
    endloop
  endfacet
  facet normal -0.671561 0.740949 0
    outer loop
      vertex 84.4849 65.5151 33.5
      vertex 84.3322 65.3767 39
      vertex 84.4849 65.5151 39
    endloop
  endfacet
  facet normal -0.671561 0.740949 0
    outer loop
      vertex 84.3322 65.3767 39
      vertex 84.4849 65.5151 33.5
      vertex 84.3322 65.3767 33.5
    endloop
  endfacet
  facet normal 0.337258 0.941412 -0
    outer loop
      vertex 82.3904 64.9904 33.5
      vertex 82.1964 65.0599 39
      vertex 82.3904 64.9904 39
    endloop
  endfacet
  facet normal 0.337258 0.941412 0
    outer loop
      vertex 82.1964 65.0599 39
      vertex 82.3904 64.9904 33.5
      vertex 82.1964 65.0599 33.5
    endloop
  endfacet
  facet normal -0.146988 -0.989138 0
    outer loop
      vertex 83.2058 69.0899 33.5
      vertex 83.4097 69.0596 39
      vertex 83.2058 69.0899 39
    endloop
  endfacet
  facet normal -0.146988 -0.989138 -0
    outer loop
      vertex 83.4097 69.0596 39
      vertex 83.2058 69.0899 33.5
      vertex 83.4097 69.0596 33.5
    endloop
  endfacet
  facet normal 0.857878 -0.513853 0
    outer loop
      vertex 81.148 67.9899 39
      vertex 81.2539 68.1667 33.5
      vertex 81.2539 68.1667 39
    endloop
  endfacet
  facet normal 0.857878 -0.513853 0
    outer loop
      vertex 81.2539 68.1667 33.5
      vertex 81.148 67.9899 39
      vertex 81.148 67.9899 33.5
    endloop
  endfacet
  facet normal 0.998798 0.0490178 0
    outer loop
      vertex 80.9101 66.7942 39
      vertex 80.9 67 33.5
      vertex 80.9 67 39
    endloop
  endfacet
  facet normal 0.998798 0.0490178 0
    outer loop
      vertex 80.9 67 33.5
      vertex 80.9101 66.7942 39
      vertex 80.9101 66.7942 33.5
    endloop
  endfacet
  facet normal 0.857878 0.513853 0
    outer loop
      vertex 81.2539 65.8333 39
      vertex 81.148 66.0101 33.5
      vertex 81.148 66.0101 39
    endloop
  endfacet
  facet normal 0.857878 0.513853 0
    outer loop
      vertex 81.148 66.0101 33.5
      vertex 81.2539 65.8333 39
      vertex 81.2539 65.8333 33.5
    endloop
  endfacet
  facet normal 1 0 0
    outer loop
      vertex 23 28.4 5.2
      vertex 23 35 5.4
      vertex 23 28.4 5.4
    endloop
  endfacet
  facet normal 1 0 0
    outer loop
      vertex 23 35 5.4
      vertex 23 28.4 5.2
      vertex 23 35 2.4
    endloop
  endfacet
  facet normal 1 0 0
    outer loop
      vertex 23 28 2.4
      vertex 23 28.4 5.2
      vertex 23 28 5.2
    endloop
  endfacet
  facet normal 1 0 0
    outer loop
      vertex 23 28.4 5.2
      vertex 23 28 2.4
      vertex 23 35 2.4
    endloop
  endfacet
  facet normal -0 0 1
    outer loop
      vertex 16.4 35 5.4
      vertex 23 28.4 5.4
      vertex 23 35 5.4
    endloop
  endfacet
  facet normal 0 0 1
    outer loop
      vertex 23 28.4 5.4
      vertex 16.4 35 5.4
      vertex 16.4 28.4 5.4
    endloop
  endfacet
  facet normal -1 0 0
    outer loop
      vertex 16 28 2.4
      vertex 16 35 5.2
      vertex 16 35 2.4
    endloop
  endfacet
  facet normal -1 -0 0
    outer loop
      vertex 16 35 5.2
      vertex 16 28 2.4
      vertex 16 28 5.2
    endloop
  endfacet
  facet normal 0 1 0
    outer loop
      vertex 23 35 5.4
      vertex 16.4 35 5.2
      vertex 16.4 35 5.4
    endloop
  endfacet
  facet normal 0 1 -0
    outer loop
      vertex 23 35 2.4
      vertex 16.4 35 5.2
      vertex 23 35 5.4
    endloop
  endfacet
  facet normal 0 1 0
    outer loop
      vertex 16 35 2.4
      vertex 16.4 35 5.2
      vertex 23 35 2.4
    endloop
  endfacet
  facet normal 0 1 0
    outer loop
      vertex 16.4 35 5.2
      vertex 16 35 2.4
      vertex 16 35 5.2
    endloop
  endfacet
  facet normal 0 -1 0
    outer loop
      vertex 16 28 2.4
      vertex 23 28 5.2
      vertex 16 28 5.2
    endloop
  endfacet
  facet normal 0 -1 -0
    outer loop
      vertex 23 28 5.2
      vertex 16 28 2.4
      vertex 23 28 2.4
    endloop
  endfacet
  facet normal 1 0 0
    outer loop
      vertex 23 67.6 5.4
      vertex 23 61 5.4
      vertex 23 67.6 5.2
    endloop
  endfacet
  facet normal 1 -0 0
    outer loop
      vertex 23 67.6 5.2
      vertex 23 68 2.4
      vertex 23 68 5.2
    endloop
  endfacet
  facet normal 1 0 0
    outer loop
      vertex 23 61 2.4
      vertex 23 67.6 5.2
      vertex 23 61 5.4
    endloop
  endfacet
  facet normal 1 0 0
    outer loop
      vertex 23 67.6 5.2
      vertex 23 61 2.4
      vertex 23 68 2.4
    endloop
  endfacet
  facet normal -0 0 1
    outer loop
      vertex 16.4 67.6 5.4
      vertex 23 61 5.4
      vertex 23 67.6 5.4
    endloop
  endfacet
  facet normal 0 0 1
    outer loop
      vertex 23 61 5.4
      vertex 16.4 67.6 5.4
      vertex 16.4 61 5.4
    endloop
  endfacet
  facet normal -1 0 0
    outer loop
      vertex 16 61 2.4
      vertex 16 68 5.2
      vertex 16 68 2.4
    endloop
  endfacet
  facet normal -1 -0 0
    outer loop
      vertex 16 68 5.2
      vertex 16 61 2.4
      vertex 16 61 5.2
    endloop
  endfacet
  facet normal 0 1 -0
    outer loop
      vertex 23 68 2.4
      vertex 16 68 5.2
      vertex 23 68 5.2
    endloop
  endfacet
  facet normal 0 1 0
    outer loop
      vertex 16 68 5.2
      vertex 23 68 2.4
      vertex 16 68 2.4
    endloop
  endfacet
  facet normal 0 -1 0
    outer loop
      vertex 16 61 5.2
      vertex 16 61 2.4
      vertex 16.4 61 5.2
    endloop
  endfacet
  facet normal 0 -1 0
    outer loop
      vertex 16.4 61 5.2
      vertex 23 61 5.4
      vertex 16.4 61 5.4
    endloop
  endfacet
  facet normal 0 -1 0
    outer loop
      vertex 23 61 2.4
      vertex 16.4 61 5.2
      vertex 16 61 2.4
    endloop
  endfacet
  facet normal 0 -1 0
    outer loop
      vertex 16.4 61 5.2
      vertex 23 61 2.4
      vertex 23 61 5.4
    endloop
  endfacet
  facet normal 1 -0 0
    outer loop
      vertex 76 28 5.2
      vertex 76 35 2.4
      vertex 76 35 5.2
    endloop
  endfacet
  facet normal 1 0 0
    outer loop
      vertex 76 35 2.4
      vertex 76 28 5.2
      vertex 76 28 2.4
    endloop
  endfacet
  facet normal -0 0 1
    outer loop
      vertex 69 35 5.4
      vertex 75.6 28.4 5.4
      vertex 75.6 35 5.4
    endloop
  endfacet
  facet normal 0 0 1
    outer loop
      vertex 75.6 28.4 5.4
      vertex 69 35 5.4
      vertex 69 28.4 5.4
    endloop
  endfacet
  facet normal -1 0 0
    outer loop
      vertex 69 35 2.4
      vertex 69 28.4 5.2
      vertex 69 35 5.4
    endloop
  endfacet
  facet normal -1 0 0
    outer loop
      vertex 69 28 2.4
      vertex 69 28.4 5.2
      vertex 69 35 2.4
    endloop
  endfacet
  facet normal -1 -0 0
    outer loop
      vertex 69 28.4 5.2
      vertex 69 28 2.4
      vertex 69 28 5.2
    endloop
  endfacet
  facet normal -1 -0 0
    outer loop
      vertex 69 35 5.4
      vertex 69 28.4 5.2
      vertex 69 28.4 5.4
    endloop
  endfacet
  facet normal 0 1 0
    outer loop
      vertex 76 35 5.2
      vertex 76 35 2.4
      vertex 75.6 35 5.2
    endloop
  endfacet
  facet normal 0 1 -0
    outer loop
      vertex 75.6 35 5.2
      vertex 69 35 5.4
      vertex 75.6 35 5.4
    endloop
  endfacet
  facet normal 0 1 0
    outer loop
      vertex 69 35 2.4
      vertex 75.6 35 5.2
      vertex 76 35 2.4
    endloop
  endfacet
  facet normal 0 1 0
    outer loop
      vertex 75.6 35 5.2
      vertex 69 35 2.4
      vertex 69 35 5.4
    endloop
  endfacet
  facet normal 0 -1 0
    outer loop
      vertex 69 28 2.4
      vertex 76 28 5.2
      vertex 69 28 5.2
    endloop
  endfacet
  facet normal 0 -1 -0
    outer loop
      vertex 76 28 5.2
      vertex 69 28 2.4
      vertex 76 28 2.4
    endloop
  endfacet
  facet normal 1 -0 0
    outer loop
      vertex 76 61 5.2
      vertex 76 68 2.4
      vertex 76 68 5.2
    endloop
  endfacet
  facet normal 1 0 0
    outer loop
      vertex 76 68 2.4
      vertex 76 61 5.2
      vertex 76 61 2.4
    endloop
  endfacet
  facet normal -0 0 1
    outer loop
      vertex 69 67.6 5.4
      vertex 75.6 61 5.4
      vertex 75.6 67.6 5.4
    endloop
  endfacet
  facet normal 0 0 1
    outer loop
      vertex 75.6 61 5.4
      vertex 69 67.6 5.4
      vertex 69 61 5.4
    endloop
  endfacet
  facet normal -1 0 0
    outer loop
      vertex 69 68 2.4
      vertex 69 67.6 5.2
      vertex 69 68 5.2
    endloop
  endfacet
  facet normal -1 0 0
    outer loop
      vertex 69 61 2.4
      vertex 69 67.6 5.2
      vertex 69 68 2.4
    endloop
  endfacet
  facet normal -1 0 0
    outer loop
      vertex 69 61 5.4
      vertex 69 67.6 5.2
      vertex 69 61 2.4
    endloop
  endfacet
  facet normal -1 0 0
    outer loop
      vertex 69 67.6 5.2
      vertex 69 61 5.4
      vertex 69 67.6 5.4
    endloop
  endfacet
  facet normal 0 1 -0
    outer loop
      vertex 76 68 2.4
      vertex 69 68 5.2
      vertex 76 68 5.2
    endloop
  endfacet
  facet normal 0 1 0
    outer loop
      vertex 69 68 5.2
      vertex 76 68 2.4
      vertex 69 68 2.4
    endloop
  endfacet
  facet normal 0 -1 0
    outer loop
      vertex 69 61 5.4
      vertex 75.6 61 5.2
      vertex 75.6 61 5.4
    endloop
  endfacet
  facet normal 0 -1 0
    outer loop
      vertex 69 61 2.4
      vertex 75.6 61 5.2
      vertex 69 61 5.4
    endloop
  endfacet
  facet normal 0 -1 0
    outer loop
      vertex 76 61 2.4
      vertex 75.6 61 5.2
      vertex 69 61 2.4
    endloop
  endfacet
  facet normal 0 -1 0
    outer loop
      vertex 75.6 61 5.2
      vertex 76 61 2.4
      vertex 76 61 5.2
    endloop
  endfacet
  facet normal 1 -0 0
    outer loop
      vertex 23.8 27.2 7.4
      vertex 23.8 28.4 5.2
      vertex 23.8 28.4 7.4
    endloop
  endfacet
  facet normal 1 0 0
    outer loop
      vertex 23.8 28.4 5.2
      vertex 23.8 27.2 7.4
      vertex 23.8 27.2 5.2
    endloop
  endfacet
  facet normal 0 0 1
    outer loop
      vertex 16.4 35.8 7.4
      vertex 15.2 35.8 7.4
      vertex 16.4 28.4 7.4
    endloop
  endfacet
  facet normal -0 0 1
    outer loop
      vertex 16.4 28.4 7.4
      vertex 23.8 27.2 7.4
      vertex 23.8 28.4 7.4
    endloop
  endfacet
  facet normal 0 0 1
    outer loop
      vertex 16.4 28.4 7.4
      vertex 15.2 27.2 7.4
      vertex 23.8 27.2 7.4
    endloop
  endfacet
  facet normal 0 0 1
    outer loop
      vertex 15.2 27.2 7.4
      vertex 16.4 28.4 7.4
      vertex 15.2 35.8 7.4
    endloop
  endfacet
  facet normal 0 0 -1
    outer loop
      vertex 23.8 27.2 5.2
      vertex 23 28 5.2
      vertex 23.8 28.4 5.2
    endloop
  endfacet
  facet normal 0 0 -1
    outer loop
      vertex 23.8 27.2 5.2
      vertex 16 28 5.2
      vertex 23 28 5.2
    endloop
  endfacet
  facet normal -0 0 -1
    outer loop
      vertex 16 28 5.2
      vertex 15.2 27.2 5.2
      vertex 16 35 5.2
    endloop
  endfacet
  facet normal 0 0 -1
    outer loop
      vertex 15.2 27.2 5.2
      vertex 16 28 5.2
      vertex 23.8 27.2 5.2
    endloop
  endfacet
  facet normal -0 0 -1
    outer loop
      vertex 23.8 28.4 5.2
      vertex 23 28 5.2
      vertex 23 28.4 5.2
    endloop
  endfacet
  facet normal 0 0 -1
    outer loop
      vertex 16 35 5.2
      vertex 16.4 35.8 5.2
      vertex 16.4 35 5.2
    endloop
  endfacet
  facet normal 0 0 -1
    outer loop
      vertex 16 35 5.2
      vertex 15.2 35.8 5.2
      vertex 16.4 35.8 5.2
    endloop
  endfacet
  facet normal 0 0 -1
    outer loop
      vertex 15.2 35.8 5.2
      vertex 16 35 5.2
      vertex 15.2 27.2 5.2
    endloop
  endfacet
  facet normal -1 0 0
    outer loop
      vertex 15.2 27.2 5.2
      vertex 15.2 35.8 7.4
      vertex 15.2 35.8 5.2
    endloop
  endfacet
  facet normal -1 -0 0
    outer loop
      vertex 15.2 35.8 7.4
      vertex 15.2 27.2 5.2
      vertex 15.2 27.2 7.4
    endloop
  endfacet
  facet normal 0 1 0
    outer loop
      vertex 23.8 28.4 7.4
      vertex 23 28.4 5.4
      vertex 16.4 28.4 7.4
    endloop
  endfacet
  facet normal 0 1 -0
    outer loop
      vertex 23.8 28.4 5.2
      vertex 23 28.4 5.4
      vertex 23.8 28.4 7.4
    endloop
  endfacet
  facet normal 0 1 0
    outer loop
      vertex 23 28.4 5.4
      vertex 23.8 28.4 5.2
      vertex 23 28.4 5.2
    endloop
  endfacet
  facet normal 0 1 0
    outer loop
      vertex 16.4 28.4 7.4
      vertex 23 28.4 5.4
      vertex 16.4 28.4 5.4
    endloop
  endfacet
  facet normal 0 -1 0
    outer loop
      vertex 15.2 27.2 5.2
      vertex 23.8 27.2 7.4
      vertex 15.2 27.2 7.4
    endloop
  endfacet
  facet normal 0 -1 -0
    outer loop
      vertex 23.8 27.2 7.4
      vertex 15.2 27.2 5.2
      vertex 23.8 27.2 5.2
    endloop
  endfacet
  facet normal 1 0 0
    outer loop
      vertex 16.4 35.8 7.4
      vertex 16.4 35 5.4
      vertex 16.4 35.8 5.2
    endloop
  endfacet
  facet normal 1 -0 0
    outer loop
      vertex 16.4 28.4 7.4
      vertex 16.4 35 5.4
      vertex 16.4 35.8 7.4
    endloop
  endfacet
  facet normal 1 0 0
    outer loop
      vertex 16.4 35 5.4
      vertex 16.4 28.4 7.4
      vertex 16.4 28.4 5.4
    endloop
  endfacet
  facet normal 1 0 0
    outer loop
      vertex 16.4 35.8 5.2
      vertex 16.4 35 5.4
      vertex 16.4 35 5.2
    endloop
  endfacet
  facet normal 0 1 -0
    outer loop
      vertex 16.4 35.8 5.2
      vertex 15.2 35.8 7.4
      vertex 16.4 35.8 7.4
    endloop
  endfacet
  facet normal 0 1 0
    outer loop
      vertex 15.2 35.8 7.4
      vertex 16.4 35.8 5.2
      vertex 15.2 35.8 5.2
    endloop
  endfacet
  facet normal 1 -0 0
    outer loop
      vertex 76.8 27.2 7.4
      vertex 76.8 35.8 5.2
      vertex 76.8 35.8 7.4
    endloop
  endfacet
  facet normal 1 0 0
    outer loop
      vertex 76.8 35.8 5.2
      vertex 76.8 27.2 7.4
      vertex 76.8 27.2 5.2
    endloop
  endfacet
  facet normal 0 0 1
    outer loop
      vertex 75.6 28.4 7.4
      vertex 76.8 35.8 7.4
      vertex 75.6 35.8 7.4
    endloop
  endfacet
  facet normal 0 0 1
    outer loop
      vertex 76.8 35.8 7.4
      vertex 75.6 28.4 7.4
      vertex 76.8 27.2 7.4
    endloop
  endfacet
  facet normal 0 0 1
    outer loop
      vertex 68.2 27.2 7.4
      vertex 75.6 28.4 7.4
      vertex 68.2 28.4 7.4
    endloop
  endfacet
  facet normal 0 0 1
    outer loop
      vertex 75.6 28.4 7.4
      vertex 68.2 27.2 7.4
      vertex 76.8 27.2 7.4
    endloop
  endfacet
  facet normal 0 0 -1
    outer loop
      vertex 76.8 27.2 5.2
      vertex 76 28 5.2
      vertex 76.8 35.8 5.2
    endloop
  endfacet
  facet normal 0 0 -1
    outer loop
      vertex 76.8 27.2 5.2
      vertex 69 28 5.2
      vertex 76 28 5.2
    endloop
  endfacet
  facet normal 0 0 -1
    outer loop
      vertex 68.2 27.2 5.2
      vertex 69 28 5.2
      vertex 76.8 27.2 5.2
    endloop
  endfacet
  facet normal 0 0 -1
    outer loop
      vertex 68.2 28.4 5.2
      vertex 69 28 5.2
      vertex 68.2 27.2 5.2
    endloop
  endfacet
  facet normal 0 0 -1
    outer loop
      vertex 69 28 5.2
      vertex 68.2 28.4 5.2
      vertex 69 28.4 5.2
    endloop
  endfacet
  facet normal 0 0 -1
    outer loop
      vertex 76 35 5.2
      vertex 76.8 35.8 5.2
      vertex 76 28 5.2
    endloop
  endfacet
  facet normal 0 0 -1
    outer loop
      vertex 75.6 35.8 5.2
      vertex 76 35 5.2
      vertex 75.6 35 5.2
    endloop
  endfacet
  facet normal 0 0 -1
    outer loop
      vertex 76 35 5.2
      vertex 75.6 35.8 5.2
      vertex 76.8 35.8 5.2
    endloop
  endfacet
  facet normal -1 0 0
    outer loop
      vertex 68.2 27.2 5.2
      vertex 68.2 28.4 7.4
      vertex 68.2 28.4 5.2
    endloop
  endfacet
  facet normal -1 -0 0
    outer loop
      vertex 68.2 28.4 7.4
      vertex 68.2 27.2 5.2
      vertex 68.2 27.2 7.4
    endloop
  endfacet
  facet normal 0 1 0
    outer loop
      vertex 69 28.4 5.4
      vertex 75.6 28.4 7.4
      vertex 75.6 28.4 5.4
    endloop
  endfacet
  facet normal 0 1 0
    outer loop
      vertex 75.6 28.4 7.4
      vertex 69 28.4 5.4
      vertex 68.2 28.4 7.4
    endloop
  endfacet
  facet normal 0 1 0
    outer loop
      vertex 68.2 28.4 5.2
      vertex 69 28.4 5.4
      vertex 69 28.4 5.2
    endloop
  endfacet
  facet normal 0 1 0
    outer loop
      vertex 69 28.4 5.4
      vertex 68.2 28.4 5.2
      vertex 68.2 28.4 7.4
    endloop
  endfacet
  facet normal 0 -1 0
    outer loop
      vertex 68.2 27.2 5.2
      vertex 76.8 27.2 7.4
      vertex 68.2 27.2 7.4
    endloop
  endfacet
  facet normal 0 -1 -0
    outer loop
      vertex 76.8 27.2 7.4
      vertex 68.2 27.2 5.2
      vertex 76.8 27.2 5.2
    endloop
  endfacet
  facet normal -1 0 0
    outer loop
      vertex 75.6 35 5.4
      vertex 75.6 35.8 5.2
      vertex 75.6 35 5.2
    endloop
  endfacet
  facet normal -1 0 0
    outer loop
      vertex 75.6 35.8 5.2
      vertex 75.6 35 5.4
      vertex 75.6 35.8 7.4
    endloop
  endfacet
  facet normal -1 0 0
    outer loop
      vertex 75.6 28.4 7.4
      vertex 75.6 35 5.4
      vertex 75.6 28.4 5.4
    endloop
  endfacet
  facet normal -1 0 0
    outer loop
      vertex 75.6 35 5.4
      vertex 75.6 28.4 7.4
      vertex 75.6 35.8 7.4
    endloop
  endfacet
  facet normal 0 1 -0
    outer loop
      vertex 76.8 35.8 5.2
      vertex 75.6 35.8 7.4
      vertex 76.8 35.8 7.4
    endloop
  endfacet
  facet normal 0 1 0
    outer loop
      vertex 75.6 35.8 7.4
      vertex 76.8 35.8 5.2
      vertex 75.6 35.8 5.2
    endloop
  endfacet
  facet normal 1 -0 0
    outer loop
      vertex 23.8 67.6 7.4
      vertex 23.8 68.8 5.2
      vertex 23.8 68.8 7.4
    endloop
  endfacet
  facet normal 1 0 0
    outer loop
      vertex 23.8 68.8 5.2
      vertex 23.8 67.6 7.4
      vertex 23.8 67.6 5.2
    endloop
  endfacet
  facet normal 0 0 1
    outer loop
      vertex 23.8 68.8 7.4
      vertex 16.4 67.6 7.4
      vertex 23.8 67.6 7.4
    endloop
  endfacet
  facet normal -0 0 1
    outer loop
      vertex 15.2 68.8 7.4
      vertex 16.4 67.6 7.4
      vertex 23.8 68.8 7.4
    endloop
  endfacet
  facet normal 0 0 1
    outer loop
      vertex 15.2 60.2 7.4
      vertex 16.4 67.6 7.4
      vertex 15.2 68.8 7.4
    endloop
  endfacet
  facet normal 0 0 1
    outer loop
      vertex 16.4 67.6 7.4
      vertex 15.2 60.2 7.4
      vertex 16.4 60.2 7.4
    endloop
  endfacet
  facet normal 0 0 -1
    outer loop
      vertex 16.4 60.2 5.2
      vertex 16 61 5.2
      vertex 16.4 61 5.2
    endloop
  endfacet
  facet normal -0 0 -1
    outer loop
      vertex 16 61 5.2
      vertex 15.2 60.2 5.2
      vertex 16 68 5.2
    endloop
  endfacet
  facet normal 0 0 -1
    outer loop
      vertex 15.2 60.2 5.2
      vertex 16 61 5.2
      vertex 16.4 60.2 5.2
    endloop
  endfacet
  facet normal 0 0 -1
    outer loop
      vertex 23 68 5.2
      vertex 23.8 67.6 5.2
      vertex 23 67.6 5.2
    endloop
  endfacet
  facet normal 0 0 -1
    outer loop
      vertex 23.8 67.6 5.2
      vertex 23 68 5.2
      vertex 23.8 68.8 5.2
    endloop
  endfacet
  facet normal 0 0 -1
    outer loop
      vertex 16 68 5.2
      vertex 23.8 68.8 5.2
      vertex 23 68 5.2
    endloop
  endfacet
  facet normal 0 0 -1
    outer loop
      vertex 16 68 5.2
      vertex 15.2 68.8 5.2
      vertex 23.8 68.8 5.2
    endloop
  endfacet
  facet normal 0 0 -1
    outer loop
      vertex 15.2 68.8 5.2
      vertex 16 68 5.2
      vertex 15.2 60.2 5.2
    endloop
  endfacet
  facet normal -1 0 0
    outer loop
      vertex 15.2 60.2 5.2
      vertex 15.2 68.8 7.4
      vertex 15.2 68.8 5.2
    endloop
  endfacet
  facet normal -1 -0 0
    outer loop
      vertex 15.2 68.8 7.4
      vertex 15.2 60.2 5.2
      vertex 15.2 60.2 7.4
    endloop
  endfacet
  facet normal 0 1 -0
    outer loop
      vertex 23.8 68.8 5.2
      vertex 15.2 68.8 7.4
      vertex 23.8 68.8 7.4
    endloop
  endfacet
  facet normal 0 1 0
    outer loop
      vertex 15.2 68.8 7.4
      vertex 23.8 68.8 5.2
      vertex 15.2 68.8 5.2
    endloop
  endfacet
  facet normal 0 -1 0
    outer loop
      vertex 23 67.6 5.4
      vertex 16.4 67.6 7.4
      vertex 16.4 67.6 5.4
    endloop
  endfacet
  facet normal 0 -1 0
    outer loop
      vertex 16.4 67.6 7.4
      vertex 23 67.6 5.4
      vertex 23.8 67.6 7.4
    endloop
  endfacet
  facet normal 0 -1 0
    outer loop
      vertex 23.8 67.6 5.2
      vertex 23 67.6 5.4
      vertex 23 67.6 5.2
    endloop
  endfacet
  facet normal 0 -1 0
    outer loop
      vertex 23 67.6 5.4
      vertex 23.8 67.6 5.2
      vertex 23.8 67.6 7.4
    endloop
  endfacet
  facet normal 1 0 0
    outer loop
      vertex 16.4 67.6 7.4
      vertex 16.4 61 5.4
      vertex 16.4 67.6 5.4
    endloop
  endfacet
  facet normal 1 -0 0
    outer loop
      vertex 16.4 60.2 7.4
      vertex 16.4 61 5.4
      vertex 16.4 67.6 7.4
    endloop
  endfacet
  facet normal 1 0 0
    outer loop
      vertex 16.4 60.2 5.2
      vertex 16.4 61 5.4
      vertex 16.4 60.2 7.4
    endloop
  endfacet
  facet normal 1 0 0
    outer loop
      vertex 16.4 61 5.4
      vertex 16.4 60.2 5.2
      vertex 16.4 61 5.2
    endloop
  endfacet
  facet normal 0 -1 0
    outer loop
      vertex 15.2 60.2 5.2
      vertex 16.4 60.2 7.4
      vertex 15.2 60.2 7.4
    endloop
  endfacet
  facet normal 0 -1 -0
    outer loop
      vertex 16.4 60.2 7.4
      vertex 15.2 60.2 5.2
      vertex 16.4 60.2 5.2
    endloop
  endfacet
  facet normal 1 -0 0
    outer loop
      vertex 76.8 60.2 7.4
      vertex 76.8 68.8 5.2
      vertex 76.8 68.8 7.4
    endloop
  endfacet
  facet normal 1 0 0
    outer loop
      vertex 76.8 68.8 5.2
      vertex 76.8 60.2 7.4
      vertex 76.8 60.2 5.2
    endloop
  endfacet
  facet normal 0 0 1
    outer loop
      vertex 76.8 68.8 7.4
      vertex 75.6 67.6 7.4
      vertex 76.8 60.2 7.4
    endloop
  endfacet
  facet normal -0 0 1
    outer loop
      vertex 68.2 68.8 7.4
      vertex 75.6 67.6 7.4
      vertex 76.8 68.8 7.4
    endloop
  endfacet
  facet normal 0 0 1
    outer loop
      vertex 75.6 67.6 7.4
      vertex 68.2 68.8 7.4
      vertex 68.2 67.6 7.4
    endloop
  endfacet
  facet normal 0 0 1
    outer loop
      vertex 76.8 60.2 7.4
      vertex 75.6 67.6 7.4
      vertex 75.6 60.2 7.4
    endloop
  endfacet
  facet normal 0 0 -1
    outer loop
      vertex 69 67.6 5.2
      vertex 68.2 67.6 5.2
      vertex 69 68 5.2
    endloop
  endfacet
  facet normal 0 0 -1
    outer loop
      vertex 76.8 60.2 5.2
      vertex 76 61 5.2
      vertex 76.8 68.8 5.2
    endloop
  endfacet
  facet normal 0 0 -1
    outer loop
      vertex 75.6 60.2 5.2
      vertex 76 61 5.2
      vertex 76.8 60.2 5.2
    endloop
  endfacet
  facet normal -0 0 -1
    outer loop
      vertex 76 61 5.2
      vertex 75.6 60.2 5.2
      vertex 75.6 61 5.2
    endloop
  endfacet
  facet normal 0 0 -1
    outer loop
      vertex 76 68 5.2
      vertex 76.8 68.8 5.2
      vertex 76 61 5.2
    endloop
  endfacet
  facet normal 0 0 -1
    outer loop
      vertex 69 68 5.2
      vertex 76.8 68.8 5.2
      vertex 76 68 5.2
    endloop
  endfacet
  facet normal 0 0 -1
    outer loop
      vertex 69 68 5.2
      vertex 68.2 68.8 5.2
      vertex 76.8 68.8 5.2
    endloop
  endfacet
  facet normal 0 0 -1
    outer loop
      vertex 68.2 68.8 5.2
      vertex 69 68 5.2
      vertex 68.2 67.6 5.2
    endloop
  endfacet
  facet normal -1 0 0
    outer loop
      vertex 68.2 67.6 5.2
      vertex 68.2 68.8 7.4
      vertex 68.2 68.8 5.2
    endloop
  endfacet
  facet normal -1 -0 0
    outer loop
      vertex 68.2 68.8 7.4
      vertex 68.2 67.6 5.2
      vertex 68.2 67.6 7.4
    endloop
  endfacet
  facet normal 0 1 -0
    outer loop
      vertex 76.8 68.8 5.2
      vertex 68.2 68.8 7.4
      vertex 76.8 68.8 7.4
    endloop
  endfacet
  facet normal 0 1 0
    outer loop
      vertex 68.2 68.8 7.4
      vertex 76.8 68.8 5.2
      vertex 68.2 68.8 5.2
    endloop
  endfacet
  facet normal 0 -1 0
    outer loop
      vertex 68.2 67.6 7.4
      vertex 69 67.6 5.4
      vertex 75.6 67.6 7.4
    endloop
  endfacet
  facet normal 0 -1 0
    outer loop
      vertex 68.2 67.6 5.2
      vertex 69 67.6 5.4
      vertex 68.2 67.6 7.4
    endloop
  endfacet
  facet normal 0 -1 -0
    outer loop
      vertex 69 67.6 5.4
      vertex 68.2 67.6 5.2
      vertex 69 67.6 5.2
    endloop
  endfacet
  facet normal 0 -1 -0
    outer loop
      vertex 75.6 67.6 7.4
      vertex 69 67.6 5.4
      vertex 75.6 67.6 5.4
    endloop
  endfacet
  facet normal -1 0 0
    outer loop
      vertex 75.6 61 5.2
      vertex 75.6 60.2 5.2
      vertex 75.6 61 5.4
    endloop
  endfacet
  facet normal -1 0 0
    outer loop
      vertex 75.6 61 5.4
      vertex 75.6 67.6 7.4
      vertex 75.6 67.6 5.4
    endloop
  endfacet
  facet normal -1 0 0
    outer loop
      vertex 75.6 60.2 7.4
      vertex 75.6 61 5.4
      vertex 75.6 60.2 5.2
    endloop
  endfacet
  facet normal -1 0 0
    outer loop
      vertex 75.6 61 5.4
      vertex 75.6 60.2 7.4
      vertex 75.6 67.6 7.4
    endloop
  endfacet
  facet normal 0 -1 0
    outer loop
      vertex 75.6 60.2 5.2
      vertex 76.8 60.2 7.4
      vertex 75.6 60.2 7.4
    endloop
  endfacet
  facet normal 0 -1 -0
    outer loop
      vertex 76.8 60.2 7.4
      vertex 75.6 60.2 5.2
      vertex 76.8 60.2 5.2
    endloop
  endfacet
  facet normal -0.989188 0 0.146655
    outer loop
      vertex 35.7568 0 19.0538
      vertex 35.8266 2.6 19.5246
      vertex 35.7568 2.6 19.0538
    endloop
  endfacet
  facet normal -0.989188 0 0.146655
    outer loop
      vertex 35.8266 2.6 19.5246
      vertex 35.7568 0 19.0538
      vertex 35.8266 0 19.5246
    endloop
  endfacet
  facet normal -0.998791 0 0.0491622
    outer loop
      vertex 35.8266 0 19.5246
      vertex 35.85 2.6 20
      vertex 35.8266 2.6 19.5246
    endloop
  endfacet
  facet normal -0.998791 0 0.0491622
    outer loop
      vertex 35.85 2.6 20
      vertex 35.8266 0 19.5246
      vertex 35.85 0 20
    endloop
  endfacet
  facet normal -0.970056 0 0.242882
    outer loop
      vertex 35.6412 0 18.5921
      vertex 35.7568 2.6 19.0538
      vertex 35.6412 2.6 18.5921
    endloop
  endfacet
  facet normal -0.970056 0 0.242882
    outer loop
      vertex 35.7568 2.6 19.0538
      vertex 35.6412 0 18.5921
      vertex 35.7568 0 19.0538
    endloop
  endfacet
  facet normal -0.998791 0 -0.0491622
    outer loop
      vertex 35.85 0 20
      vertex 35.8266 2.6 20.4754
      vertex 35.85 2.6 20
    endloop
  endfacet
  facet normal -0.998791 -0 -0.0491622
    outer loop
      vertex 35.8266 2.6 20.4754
      vertex 35.85 0 20
      vertex 35.8266 0 20.4754
    endloop
  endfacet
  facet normal -0.337015 0 -0.941499
    outer loop
      vertex 32.4079 0 24.6412
      vertex 32.856 2.6 24.4808
      vertex 32.856 0 24.4808
    endloop
  endfacet
  facet normal -0.337015 0 -0.941499
    outer loop
      vertex 32.856 2.6 24.4808
      vertex 32.4079 0 24.6412
      vertex 32.4079 2.6 24.6412
    endloop
  endfacet
  facet normal 0.989188 -0 0.146655
    outer loop
      vertex 26.1734 0 19.5246
      vertex 26.2432 2.6 19.0538
      vertex 26.1734 2.6 19.5246
    endloop
  endfacet
  facet normal 0.989188 0 0.146655
    outer loop
      vertex 26.2432 2.6 19.0538
      vertex 26.1734 0 19.5246
      vertex 26.2432 0 19.0538
    endloop
  endfacet
  facet normal -0.803241 0 0.595655
    outer loop
      vertex 34.7491 0 16.9232
      vertex 35.0326 2.6 17.3055
      vertex 34.7491 2.6 16.9232
    endloop
  endfacet
  facet normal -0.803241 0 0.595655
    outer loop
      vertex 35.0326 2.6 17.3055
      vertex 34.7491 0 16.9232
      vertex 35.0326 0 17.3055
    endloop
  endfacet
  facet normal 0.0491622 0 0.998791
    outer loop
      vertex 30.5246 2.6 15.1734
      vertex 31 0 15.15
      vertex 31 2.6 15.15
    endloop
  endfacet
  facet normal 0.0491622 0 0.998791
    outer loop
      vertex 31 0 15.15
      vertex 30.5246 2.6 15.1734
      vertex 30.5246 0 15.1734
    endloop
  endfacet
  facet normal 0.741023 0 -0.67148
    outer loop
      vertex 27.5705 0 23.4295
      vertex 27.2509 2.6 23.0768
      vertex 27.5705 2.6 23.4295
    endloop
  endfacet
  facet normal 0.741023 0 -0.67148
    outer loop
      vertex 27.2509 2.6 23.0768
      vertex 27.5705 0 23.4295
      vertex 27.2509 0 23.0768
    endloop
  endfacet
  facet normal -0.0491622 0 0.998791
    outer loop
      vertex 31 2.6 15.15
      vertex 31.4754 0 15.1734
      vertex 31.4754 2.6 15.1734
    endloop
  endfacet
  facet normal -0.0491622 0 0.998791
    outer loop
      vertex 31.4754 0 15.1734
      vertex 31 2.6 15.15
      vertex 31 0 15.15
    endloop
  endfacet
  facet normal 0.427526 0 -0.904003
    outer loop
      vertex 28.7137 0 24.2773
      vertex 29.144 2.6 24.4808
      vertex 29.144 0 24.4808
    endloop
  endfacet
  facet normal 0.427526 0 -0.904003
    outer loop
      vertex 29.144 2.6 24.4808
      vertex 28.7137 0 24.2773
      vertex 28.7137 2.6 24.2773
    endloop
  endfacet
  facet normal 0.970056 0 -0.242882
    outer loop
      vertex 26.3588 0 21.4079
      vertex 26.2432 2.6 20.9462
      vertex 26.3588 2.6 21.4079
    endloop
  endfacet
  facet normal 0.970056 0 -0.242882
    outer loop
      vertex 26.2432 2.6 20.9462
      vertex 26.3588 0 21.4079
      vertex 26.2432 0 20.9462
    endloop
  endfacet
  facet normal -0.242882 0 0.970056
    outer loop
      vertex 31.9462 2.6 15.2432
      vertex 32.4079 0 15.3588
      vertex 32.4079 2.6 15.3588
    endloop
  endfacet
  facet normal -0.242882 0 0.970056
    outer loop
      vertex 32.4079 0 15.3588
      vertex 31.9462 2.6 15.2432
      vertex 31.9462 0 15.2432
    endloop
  endfacet
  facet normal 0.803241 0 -0.595655
    outer loop
      vertex 27.2509 0 23.0768
      vertex 26.9674 2.6 22.6945
      vertex 27.2509 2.6 23.0768
    endloop
  endfacet
  facet normal 0.803241 0 -0.595655
    outer loop
      vertex 26.9674 2.6 22.6945
      vertex 27.2509 0 23.0768
      vertex 26.9674 0 22.6945
    endloop
  endfacet
  facet normal -0.989188 0 -0.146655
    outer loop
      vertex 35.8266 0 20.4754
      vertex 35.7568 2.6 20.9462
      vertex 35.8266 2.6 20.4754
    endloop
  endfacet
  facet normal -0.989188 -0 -0.146655
    outer loop
      vertex 35.7568 2.6 20.9462
      vertex 35.8266 0 20.4754
      vertex 35.7568 0 20.9462
    endloop
  endfacet
  facet normal 0.904003 0 -0.427526
    outer loop
      vertex 26.7227 0 22.2863
      vertex 26.5192 2.6 21.856
      vertex 26.7227 2.6 22.2863
    endloop
  endfacet
  facet normal 0.904003 0 -0.427526
    outer loop
      vertex 26.5192 2.6 21.856
      vertex 26.7227 0 22.2863
      vertex 26.5192 0 21.856
    endloop
  endfacet
  facet normal -0.941499 0 0.337015
    outer loop
      vertex 35.4808 0 18.144
      vertex 35.6412 2.6 18.5921
      vertex 35.4808 2.6 18.144
    endloop
  endfacet
  facet normal -0.941499 0 0.337015
    outer loop
      vertex 35.6412 2.6 18.5921
      vertex 35.4808 0 18.144
      vertex 35.6412 0 18.5921
    endloop
  endfacet
  facet normal 0.857697 -0 0.514156
    outer loop
      vertex 26.7227 0 17.7137
      vertex 26.9674 2.6 17.3055
      vertex 26.7227 2.6 17.7137
    endloop
  endfacet
  facet normal 0.857697 0 0.514156
    outer loop
      vertex 26.9674 2.6 17.3055
      vertex 26.7227 0 17.7137
      vertex 26.9674 0 17.3055
    endloop
  endfacet
  facet normal 0.595655 0 0.803241
    outer loop
      vertex 27.9232 2.6 16.2509
      vertex 28.3055 0 15.9674
      vertex 28.3055 2.6 15.9674
    endloop
  endfacet
  facet normal 0.595655 0 0.803241
    outer loop
      vertex 28.3055 0 15.9674
      vertex 27.9232 2.6 16.2509
      vertex 27.9232 0 16.2509
    endloop
  endfacet
  facet normal -0.970056 0 -0.242882
    outer loop
      vertex 35.7568 0 20.9462
      vertex 35.6412 2.6 21.4079
      vertex 35.7568 2.6 20.9462
    endloop
  endfacet
  facet normal -0.970056 -0 -0.242882
    outer loop
      vertex 35.6412 2.6 21.4079
      vertex 35.7568 0 20.9462
      vertex 35.6412 0 21.4079
    endloop
  endfacet
  facet normal 0.0491622 0 -0.998791
    outer loop
      vertex 30.5246 0 24.8266
      vertex 31 2.6 24.85
      vertex 31 0 24.85
    endloop
  endfacet
  facet normal 0.0491622 0 -0.998791
    outer loop
      vertex 31 2.6 24.85
      vertex 30.5246 0 24.8266
      vertex 30.5246 2.6 24.8266
    endloop
  endfacet
  facet normal 0.427526 0 0.904003
    outer loop
      vertex 28.7137 2.6 15.7227
      vertex 29.144 0 15.5192
      vertex 29.144 2.6 15.5192
    endloop
  endfacet
  facet normal 0.427526 0 0.904003
    outer loop
      vertex 29.144 0 15.5192
      vertex 28.7137 2.6 15.7227
      vertex 28.7137 0 15.7227
    endloop
  endfacet
  facet normal -0.904003 0 0.427526
    outer loop
      vertex 35.2773 0 17.7137
      vertex 35.4808 2.6 18.144
      vertex 35.2773 2.6 17.7137
    endloop
  endfacet
  facet normal -0.904003 0 0.427526
    outer loop
      vertex 35.4808 2.6 18.144
      vertex 35.2773 0 17.7137
      vertex 35.4808 0 18.144
    endloop
  endfacet
  facet normal 0.146655 0 -0.989188
    outer loop
      vertex 30.0538 0 24.7568
      vertex 30.5246 2.6 24.8266
      vertex 30.5246 0 24.8266
    endloop
  endfacet
  facet normal 0.146655 0 -0.989188
    outer loop
      vertex 30.5246 2.6 24.8266
      vertex 30.0538 0 24.7568
      vertex 30.0538 2.6 24.7568
    endloop
  endfacet
  facet normal -0.427526 0 -0.904003
    outer loop
      vertex 32.856 0 24.4808
      vertex 33.2863 2.6 24.2773
      vertex 33.2863 0 24.2773
    endloop
  endfacet
  facet normal -0.427526 0 -0.904003
    outer loop
      vertex 33.2863 2.6 24.2773
      vertex 32.856 0 24.4808
      vertex 32.856 2.6 24.4808
    endloop
  endfacet
  facet normal -0.427526 0 0.904003
    outer loop
      vertex 32.856 2.6 15.5192
      vertex 33.2863 0 15.7227
      vertex 33.2863 2.6 15.7227
    endloop
  endfacet
  facet normal -0.427526 0 0.904003
    outer loop
      vertex 33.2863 0 15.7227
      vertex 32.856 2.6 15.5192
      vertex 32.856 0 15.5192
    endloop
  endfacet
  facet normal -0.514156 0 -0.857697
    outer loop
      vertex 33.2863 0 24.2773
      vertex 33.6945 2.6 24.0326
      vertex 33.6945 0 24.0326
    endloop
  endfacet
  facet normal -0.514156 0 -0.857697
    outer loop
      vertex 33.6945 2.6 24.0326
      vertex 33.2863 0 24.2773
      vertex 33.2863 2.6 24.2773
    endloop
  endfacet
  facet normal 0.904003 -0 0.427526
    outer loop
      vertex 26.5192 0 18.144
      vertex 26.7227 2.6 17.7137
      vertex 26.5192 2.6 18.144
    endloop
  endfacet
  facet normal 0.904003 0 0.427526
    outer loop
      vertex 26.7227 2.6 17.7137
      vertex 26.5192 0 18.144
      vertex 26.7227 0 17.7137
    endloop
  endfacet
  facet normal -0.146655 0 -0.989188
    outer loop
      vertex 31.4754 0 24.8266
      vertex 31.9462 2.6 24.7568
      vertex 31.9462 0 24.7568
    endloop
  endfacet
  facet normal -0.146655 0 -0.989188
    outer loop
      vertex 31.9462 2.6 24.7568
      vertex 31.4754 0 24.8266
      vertex 31.4754 2.6 24.8266
    endloop
  endfacet
  facet normal 0.998791 -0 0.0491622
    outer loop
      vertex 26.15 0 20
      vertex 26.1734 2.6 19.5246
      vertex 26.15 2.6 20
    endloop
  endfacet
  facet normal 0.998791 0 0.0491622
    outer loop
      vertex 26.1734 2.6 19.5246
      vertex 26.15 0 20
      vertex 26.1734 0 19.5246
    endloop
  endfacet
  facet normal -0.67148 0 0.741023
    outer loop
      vertex 34.0768 2.6 16.2509
      vertex 34.4295 0 16.5705
      vertex 34.4295 2.6 16.5705
    endloop
  endfacet
  facet normal -0.67148 0 0.741023
    outer loop
      vertex 34.4295 0 16.5705
      vertex 34.0768 2.6 16.2509
      vertex 34.0768 0 16.2509
    endloop
  endfacet
  facet normal 0.242882 0 -0.970056
    outer loop
      vertex 29.5921 0 24.6412
      vertex 30.0538 2.6 24.7568
      vertex 30.0538 0 24.7568
    endloop
  endfacet
  facet normal 0.242882 0 -0.970056
    outer loop
      vertex 30.0538 2.6 24.7568
      vertex 29.5921 0 24.6412
      vertex 29.5921 2.6 24.6412
    endloop
  endfacet
  facet normal -0.595655 0 0.803241
    outer loop
      vertex 33.6945 2.6 15.9674
      vertex 34.0768 0 16.2509
      vertex 34.0768 2.6 16.2509
    endloop
  endfacet
  facet normal -0.595655 0 0.803241
    outer loop
      vertex 34.0768 0 16.2509
      vertex 33.6945 2.6 15.9674
      vertex 33.6945 0 15.9674
    endloop
  endfacet
  facet normal -0.514156 0 0.857697
    outer loop
      vertex 33.2863 2.6 15.7227
      vertex 33.6945 0 15.9674
      vertex 33.6945 2.6 15.9674
    endloop
  endfacet
  facet normal -0.514156 0 0.857697
    outer loop
      vertex 33.6945 0 15.9674
      vertex 33.2863 2.6 15.7227
      vertex 33.2863 0 15.7227
    endloop
  endfacet
  facet normal 0.146655 0 0.989188
    outer loop
      vertex 30.0538 2.6 15.2432
      vertex 30.5246 0 15.1734
      vertex 30.5246 2.6 15.1734
    endloop
  endfacet
  facet normal 0.146655 0 0.989188
    outer loop
      vertex 30.5246 0 15.1734
      vertex 30.0538 2.6 15.2432
      vertex 30.0538 0 15.2432
    endloop
  endfacet
  facet normal -0.337015 0 0.941499
    outer loop
      vertex 32.4079 2.6 15.3588
      vertex 32.856 0 15.5192
      vertex 32.856 2.6 15.5192
    endloop
  endfacet
  facet normal -0.337015 0 0.941499
    outer loop
      vertex 32.856 0 15.5192
      vertex 32.4079 2.6 15.3588
      vertex 32.4079 0 15.3588
    endloop
  endfacet
  facet normal -0.242882 0 -0.970056
    outer loop
      vertex 31.9462 0 24.7568
      vertex 32.4079 2.6 24.6412
      vertex 32.4079 0 24.6412
    endloop
  endfacet
  facet normal -0.242882 0 -0.970056
    outer loop
      vertex 32.4079 2.6 24.6412
      vertex 31.9462 0 24.7568
      vertex 31.9462 2.6 24.7568
    endloop
  endfacet
  facet normal -0.741023 0 0.67148
    outer loop
      vertex 34.4295 0 16.5705
      vertex 34.7491 2.6 16.9232
      vertex 34.4295 2.6 16.5705
    endloop
  endfacet
  facet normal -0.741023 0 0.67148
    outer loop
      vertex 34.7491 2.6 16.9232
      vertex 34.4295 0 16.5705
      vertex 34.7491 0 16.9232
    endloop
  endfacet
  facet normal -0.0491622 0 -0.998791
    outer loop
      vertex 31 0 24.85
      vertex 31.4754 2.6 24.8266
      vertex 31.4754 0 24.8266
    endloop
  endfacet
  facet normal -0.0491622 0 -0.998791
    outer loop
      vertex 31.4754 2.6 24.8266
      vertex 31 0 24.85
      vertex 31 2.6 24.85
    endloop
  endfacet
  facet normal -0.857697 0 0.514156
    outer loop
      vertex 35.0326 0 17.3055
      vertex 35.2773 2.6 17.7137
      vertex 35.0326 2.6 17.3055
    endloop
  endfacet
  facet normal -0.857697 0 0.514156
    outer loop
      vertex 35.2773 2.6 17.7137
      vertex 35.0326 0 17.3055
      vertex 35.2773 0 17.7137
    endloop
  endfacet
  facet normal -0.857697 0 -0.514156
    outer loop
      vertex 35.2773 0 22.2863
      vertex 35.0326 2.6 22.6945
      vertex 35.2773 2.6 22.2863
    endloop
  endfacet
  facet normal -0.857697 -0 -0.514156
    outer loop
      vertex 35.0326 2.6 22.6945
      vertex 35.2773 0 22.2863
      vertex 35.0326 0 22.6945
    endloop
  endfacet
  facet normal 0.67148 0 -0.741023
    outer loop
      vertex 27.5705 0 23.4295
      vertex 27.9232 2.6 23.7491
      vertex 27.9232 0 23.7491
    endloop
  endfacet
  facet normal 0.67148 0 -0.741023
    outer loop
      vertex 27.9232 2.6 23.7491
      vertex 27.5705 0 23.4295
      vertex 27.5705 2.6 23.4295
    endloop
  endfacet
  facet normal 0.941499 0 -0.337015
    outer loop
      vertex 26.5192 0 21.856
      vertex 26.3588 2.6 21.4079
      vertex 26.5192 2.6 21.856
    endloop
  endfacet
  facet normal 0.941499 0 -0.337015
    outer loop
      vertex 26.3588 2.6 21.4079
      vertex 26.5192 0 21.856
      vertex 26.3588 0 21.4079
    endloop
  endfacet
  facet normal 0.67148 0 0.741023
    outer loop
      vertex 27.5705 2.6 16.5705
      vertex 27.9232 0 16.2509
      vertex 27.9232 2.6 16.2509
    endloop
  endfacet
  facet normal 0.67148 0 0.741023
    outer loop
      vertex 27.9232 0 16.2509
      vertex 27.5705 2.6 16.5705
      vertex 27.5705 0 16.5705
    endloop
  endfacet
  facet normal 0.337015 0 0.941499
    outer loop
      vertex 29.144 2.6 15.5192
      vertex 29.5921 0 15.3588
      vertex 29.5921 2.6 15.3588
    endloop
  endfacet
  facet normal 0.337015 0 0.941499
    outer loop
      vertex 29.5921 0 15.3588
      vertex 29.144 2.6 15.5192
      vertex 29.144 0 15.5192
    endloop
  endfacet
  facet normal -0.803241 0 -0.595655
    outer loop
      vertex 35.0326 0 22.6945
      vertex 34.7491 2.6 23.0768
      vertex 35.0326 2.6 22.6945
    endloop
  endfacet
  facet normal -0.803241 -0 -0.595655
    outer loop
      vertex 34.7491 2.6 23.0768
      vertex 35.0326 0 22.6945
      vertex 34.7491 0 23.0768
    endloop
  endfacet
  facet normal 0.242882 0 0.970056
    outer loop
      vertex 29.5921 2.6 15.3588
      vertex 30.0538 0 15.2432
      vertex 30.0538 2.6 15.2432
    endloop
  endfacet
  facet normal 0.242882 0 0.970056
    outer loop
      vertex 30.0538 0 15.2432
      vertex 29.5921 2.6 15.3588
      vertex 29.5921 0 15.3588
    endloop
  endfacet
  facet normal 0.741023 -0 0.67148
    outer loop
      vertex 27.2509 0 16.9232
      vertex 27.5705 2.6 16.5705
      vertex 27.2509 2.6 16.9232
    endloop
  endfacet
  facet normal 0.741023 0 0.67148
    outer loop
      vertex 27.5705 2.6 16.5705
      vertex 27.2509 0 16.9232
      vertex 27.5705 0 16.5705
    endloop
  endfacet
  facet normal 0.803241 -0 0.595655
    outer loop
      vertex 26.9674 0 17.3055
      vertex 27.2509 2.6 16.9232
      vertex 26.9674 2.6 17.3055
    endloop
  endfacet
  facet normal 0.803241 0 0.595655
    outer loop
      vertex 27.2509 2.6 16.9232
      vertex 26.9674 0 17.3055
      vertex 27.2509 0 16.9232
    endloop
  endfacet
  facet normal -0.941499 0 -0.337015
    outer loop
      vertex 35.6412 0 21.4079
      vertex 35.4808 2.6 21.856
      vertex 35.6412 2.6 21.4079
    endloop
  endfacet
  facet normal -0.941499 -0 -0.337015
    outer loop
      vertex 35.4808 2.6 21.856
      vertex 35.6412 0 21.4079
      vertex 35.4808 0 21.856
    endloop
  endfacet
  facet normal 0.514156 0 -0.857697
    outer loop
      vertex 28.3055 0 24.0326
      vertex 28.7137 2.6 24.2773
      vertex 28.7137 0 24.2773
    endloop
  endfacet
  facet normal 0.514156 0 -0.857697
    outer loop
      vertex 28.7137 2.6 24.2773
      vertex 28.3055 0 24.0326
      vertex 28.3055 2.6 24.0326
    endloop
  endfacet
  facet normal 0.998791 0 -0.0491622
    outer loop
      vertex 26.1734 0 20.4754
      vertex 26.15 2.6 20
      vertex 26.1734 2.6 20.4754
    endloop
  endfacet
  facet normal 0.998791 0 -0.0491622
    outer loop
      vertex 26.15 2.6 20
      vertex 26.1734 0 20.4754
      vertex 26.15 0 20
    endloop
  endfacet
  facet normal 0.857697 0 -0.514156
    outer loop
      vertex 26.9674 0 22.6945
      vertex 26.7227 2.6 22.2863
      vertex 26.9674 2.6 22.6945
    endloop
  endfacet
  facet normal 0.857697 0 -0.514156
    outer loop
      vertex 26.7227 2.6 22.2863
      vertex 26.9674 0 22.6945
      vertex 26.7227 0 22.2863
    endloop
  endfacet
  facet normal -0.595655 0 -0.803241
    outer loop
      vertex 33.6945 0 24.0326
      vertex 34.0768 2.6 23.7491
      vertex 34.0768 0 23.7491
    endloop
  endfacet
  facet normal -0.595655 0 -0.803241
    outer loop
      vertex 34.0768 2.6 23.7491
      vertex 33.6945 0 24.0326
      vertex 33.6945 2.6 24.0326
    endloop
  endfacet
  facet normal -0.146655 0 0.989188
    outer loop
      vertex 31.4754 2.6 15.1734
      vertex 31.9462 0 15.2432
      vertex 31.9462 2.6 15.2432
    endloop
  endfacet
  facet normal -0.146655 0 0.989188
    outer loop
      vertex 31.9462 0 15.2432
      vertex 31.4754 2.6 15.1734
      vertex 31.4754 0 15.1734
    endloop
  endfacet
  facet normal -0.904003 0 -0.427526
    outer loop
      vertex 35.4808 0 21.856
      vertex 35.2773 2.6 22.2863
      vertex 35.4808 2.6 21.856
    endloop
  endfacet
  facet normal -0.904003 -0 -0.427526
    outer loop
      vertex 35.2773 2.6 22.2863
      vertex 35.4808 0 21.856
      vertex 35.2773 0 22.2863
    endloop
  endfacet
  facet normal 0.514156 0 0.857697
    outer loop
      vertex 28.3055 2.6 15.9674
      vertex 28.7137 0 15.7227
      vertex 28.7137 2.6 15.7227
    endloop
  endfacet
  facet normal 0.514156 0 0.857697
    outer loop
      vertex 28.7137 0 15.7227
      vertex 28.3055 2.6 15.9674
      vertex 28.3055 0 15.9674
    endloop
  endfacet
  facet normal 0.595655 0 -0.803241
    outer loop
      vertex 27.9232 0 23.7491
      vertex 28.3055 2.6 24.0326
      vertex 28.3055 0 24.0326
    endloop
  endfacet
  facet normal 0.595655 0 -0.803241
    outer loop
      vertex 28.3055 2.6 24.0326
      vertex 27.9232 0 23.7491
      vertex 27.9232 2.6 23.7491
    endloop
  endfacet
  facet normal 0.970056 -0 0.242882
    outer loop
      vertex 26.2432 0 19.0538
      vertex 26.3588 2.6 18.5921
      vertex 26.2432 2.6 19.0538
    endloop
  endfacet
  facet normal 0.970056 0 0.242882
    outer loop
      vertex 26.3588 2.6 18.5921
      vertex 26.2432 0 19.0538
      vertex 26.3588 0 18.5921
    endloop
  endfacet
  facet normal -0.67148 0 -0.741023
    outer loop
      vertex 34.0768 0 23.7491
      vertex 34.4295 2.6 23.4295
      vertex 34.4295 0 23.4295
    endloop
  endfacet
  facet normal -0.67148 0 -0.741023
    outer loop
      vertex 34.4295 2.6 23.4295
      vertex 34.0768 0 23.7491
      vertex 34.0768 2.6 23.7491
    endloop
  endfacet
  facet normal -0.741023 0 -0.67148
    outer loop
      vertex 34.7491 0 23.0768
      vertex 34.4295 2.6 23.4295
      vertex 34.7491 2.6 23.0768
    endloop
  endfacet
  facet normal -0.741023 -0 -0.67148
    outer loop
      vertex 34.4295 2.6 23.4295
      vertex 34.7491 0 23.0768
      vertex 34.4295 0 23.4295
    endloop
  endfacet
  facet normal 0.941499 -0 0.337015
    outer loop
      vertex 26.3588 0 18.5921
      vertex 26.5192 2.6 18.144
      vertex 26.3588 2.6 18.5921
    endloop
  endfacet
  facet normal 0.941499 0 0.337015
    outer loop
      vertex 26.5192 2.6 18.144
      vertex 26.3588 0 18.5921
      vertex 26.5192 0 18.144
    endloop
  endfacet
  facet normal 0.337015 0 -0.941499
    outer loop
      vertex 29.144 0 24.4808
      vertex 29.5921 2.6 24.6412
      vertex 29.5921 0 24.6412
    endloop
  endfacet
  facet normal 0.337015 0 -0.941499
    outer loop
      vertex 29.5921 2.6 24.6412
      vertex 29.144 0 24.4808
      vertex 29.144 2.6 24.4808
    endloop
  endfacet
  facet normal 0.989188 0 -0.146655
    outer loop
      vertex 26.2432 0 20.9462
      vertex 26.1734 2.6 20.4754
      vertex 26.2432 2.6 20.9462
    endloop
  endfacet
  facet normal 0.989188 0 -0.146655
    outer loop
      vertex 26.1734 2.6 20.4754
      vertex 26.2432 0 20.9462
      vertex 26.1734 0 20.4754
    endloop
  endfacet
  facet normal -0.336886 0 0.941545
    outer loop
      vertex 62.6691 2.6 14.4976
      vertex 63.2004 0 14.6877
      vertex 63.2004 2.6 14.6877
    endloop
  endfacet
  facet normal -0.336886 0 0.941545
    outer loop
      vertex 63.2004 0 14.6877
      vertex 62.6691 2.6 14.4976
      vertex 62.6691 0 14.4976
    endloop
  endfacet
  facet normal -0.74099 0 -0.671516
    outer loop
      vertex 65.4448 0 23.6478
      vertex 65.0659 2.6 24.0659
      vertex 65.4448 2.6 23.6478
    endloop
  endfacet
  facet normal -0.74099 -0 -0.671516
    outer loop
      vertex 65.0659 2.6 24.0659
      vertex 65.4448 0 23.6478
      vertex 65.0659 0 24.0659
    endloop
  endfacet
  facet normal -0.803199 0 -0.595711
    outer loop
      vertex 65.781 0 23.1945
      vertex 65.4448 2.6 23.6478
      vertex 65.781 2.6 23.1945
    endloop
  endfacet
  facet normal -0.803199 -0 -0.595711
    outer loop
      vertex 65.4448 2.6 23.6478
      vertex 65.781 0 23.1945
      vertex 65.4448 0 23.6478
    endloop
  endfacet
  facet normal -0.0490891 0 0.998794
    outer loop
      vertex 61 2.6 14.25
      vertex 61.5636 0 14.2777
      vertex 61.5636 2.6 14.2777
    endloop
  endfacet
  facet normal -0.0490891 0 0.998794
    outer loop
      vertex 61.5636 0 14.2777
      vertex 61 2.6 14.25
      vertex 61 0 14.25
    endloop
  endfacet
  facet normal -0.146728 0 0.989177
    outer loop
      vertex 61.5636 2.6 14.2777
      vertex 62.1218 0 14.3605
      vertex 62.1218 2.6 14.3605
    endloop
  endfacet
  facet normal -0.146728 0 0.989177
    outer loop
      vertex 62.1218 0 14.3605
      vertex 61.5636 2.6 14.2777
      vertex 61.5636 0 14.2777
    endloop
  endfacet
  facet normal -0.336886 0 -0.941545
    outer loop
      vertex 62.6691 0 25.5024
      vertex 63.2004 2.6 25.3123
      vertex 63.2004 0 25.3123
    endloop
  endfacet
  facet normal -0.336886 0 -0.941545
    outer loop
      vertex 63.2004 2.6 25.3123
      vertex 62.6691 0 25.5024
      vertex 62.6691 2.6 25.5024
    endloop
  endfacet
  facet normal -0.903961 0 -0.427614
    outer loop
      vertex 66.3123 0 22.2004
      vertex 66.071 2.6 22.7105
      vertex 66.3123 2.6 22.2004
    endloop
  endfacet
  facet normal -0.903961 -0 -0.427614
    outer loop
      vertex 66.071 2.6 22.7105
      vertex 66.3123 0 22.2004
      vertex 66.071 0 22.7105
    endloop
  endfacet
  facet normal 0.671516 0 0.74099
    outer loop
      vertex 56.9341 2.6 15.9341
      vertex 57.3522 0 15.5552
      vertex 57.3522 2.6 15.5552
    endloop
  endfacet
  facet normal 0.671516 0 0.74099
    outer loop
      vertex 57.3522 0 15.5552
      vertex 56.9341 2.6 15.9341
      vertex 56.9341 0 15.9341
    endloop
  endfacet
  facet normal -0.0490891 0 -0.998794
    outer loop
      vertex 61 0 25.75
      vertex 61.5636 2.6 25.7223
      vertex 61.5636 0 25.7223
    endloop
  endfacet
  facet normal -0.0490891 0 -0.998794
    outer loop
      vertex 61.5636 2.6 25.7223
      vertex 61 0 25.75
      vertex 61 2.6 25.75
    endloop
  endfacet
  facet normal -0.242994 0 -0.970028
    outer loop
      vertex 62.1218 0 25.6395
      vertex 62.6691 2.6 25.5024
      vertex 62.6691 0 25.5024
    endloop
  endfacet
  facet normal -0.242994 0 -0.970028
    outer loop
      vertex 62.6691 2.6 25.5024
      vertex 62.1218 0 25.6395
      vertex 62.1218 2.6 25.6395
    endloop
  endfacet
  facet normal -0.989177 0 0.146728
    outer loop
      vertex 66.6395 0 18.8782
      vertex 66.7223 2.6 19.4364
      vertex 66.6395 2.6 18.8782
    endloop
  endfacet
  facet normal -0.989177 0 0.146728
    outer loop
      vertex 66.7223 2.6 19.4364
      vertex 66.6395 0 18.8782
      vertex 66.7223 0 19.4364
    endloop
  endfacet
  facet normal 0.998794 0 -0.0490891
    outer loop
      vertex 55.2777 0 20.5636
      vertex 55.25 2.6 20
      vertex 55.2777 2.6 20.5636
    endloop
  endfacet
  facet normal 0.998794 0 -0.0490891
    outer loop
      vertex 55.25 2.6 20
      vertex 55.2777 0 20.5636
      vertex 55.25 0 20
    endloop
  endfacet
  facet normal 0.998794 -0 0.0490891
    outer loop
      vertex 55.25 0 20
      vertex 55.2777 2.6 19.4364
      vertex 55.25 2.6 20
    endloop
  endfacet
  facet normal 0.998794 0 0.0490891
    outer loop
      vertex 55.2777 2.6 19.4364
      vertex 55.25 0 20
      vertex 55.2777 0 19.4364
    endloop
  endfacet
  facet normal 0.857806 0 -0.513974
    outer loop
      vertex 56.219 0 23.1945
      vertex 55.929 2.6 22.7105
      vertex 56.219 2.6 23.1945
    endloop
  endfacet
  facet normal 0.857806 0 -0.513974
    outer loop
      vertex 55.929 2.6 22.7105
      vertex 56.219 0 23.1945
      vertex 55.929 0 22.7105
    endloop
  endfacet
  facet normal -0.989177 0 -0.146728
    outer loop
      vertex 66.7223 0 20.5636
      vertex 66.6395 2.6 21.1218
      vertex 66.7223 2.6 20.5636
    endloop
  endfacet
  facet normal -0.989177 -0 -0.146728
    outer loop
      vertex 66.6395 2.6 21.1218
      vertex 66.7223 0 20.5636
      vertex 66.6395 0 21.1218
    endloop
  endfacet
  facet normal -0.671516 0 0.74099
    outer loop
      vertex 64.6478 2.6 15.5552
      vertex 65.0659 0 15.9341
      vertex 65.0659 2.6 15.9341
    endloop
  endfacet
  facet normal -0.671516 0 0.74099
    outer loop
      vertex 65.0659 0 15.9341
      vertex 64.6478 2.6 15.5552
      vertex 64.6478 0 15.5552
    endloop
  endfacet
  facet normal -0.998794 0 0.0490891
    outer loop
      vertex 66.7223 0 19.4364
      vertex 66.75 2.6 20
      vertex 66.7223 2.6 19.4364
    endloop
  endfacet
  facet normal -0.998794 0 0.0490891
    outer loop
      vertex 66.75 2.6 20
      vertex 66.7223 0 19.4364
      vertex 66.75 0 20
    endloop
  endfacet
  facet normal -0.941545 0 0.336886
    outer loop
      vertex 66.3123 0 17.7996
      vertex 66.5024 2.6 18.3309
      vertex 66.3123 2.6 17.7996
    endloop
  endfacet
  facet normal -0.941545 0 0.336886
    outer loop
      vertex 66.5024 2.6 18.3309
      vertex 66.3123 0 17.7996
      vertex 66.5024 0 18.3309
    endloop
  endfacet
  facet normal 0.242994 0 0.970028
    outer loop
      vertex 59.3309 2.6 14.4976
      vertex 59.8782 0 14.3605
      vertex 59.8782 2.6 14.3605
    endloop
  endfacet
  facet normal 0.242994 0 0.970028
    outer loop
      vertex 59.8782 0 14.3605
      vertex 59.3309 2.6 14.4976
      vertex 59.3309 0 14.4976
    endloop
  endfacet
  facet normal 0.242994 0 -0.970028
    outer loop
      vertex 59.3309 0 25.5024
      vertex 59.8782 2.6 25.6395
      vertex 59.8782 0 25.6395
    endloop
  endfacet
  facet normal 0.242994 0 -0.970028
    outer loop
      vertex 59.8782 2.6 25.6395
      vertex 59.3309 0 25.5024
      vertex 59.3309 2.6 25.5024
    endloop
  endfacet
  facet normal -0.998794 0 -0.0490891
    outer loop
      vertex 66.75 0 20
      vertex 66.7223 2.6 20.5636
      vertex 66.75 2.6 20
    endloop
  endfacet
  facet normal -0.998794 -0 -0.0490891
    outer loop
      vertex 66.7223 2.6 20.5636
      vertex 66.75 0 20
      vertex 66.7223 0 20.5636
    endloop
  endfacet
  facet normal -0.970028 0 0.242994
    outer loop
      vertex 66.5024 0 18.3309
      vertex 66.6395 2.6 18.8782
      vertex 66.5024 2.6 18.3309
    endloop
  endfacet
  facet normal -0.970028 0 0.242994
    outer loop
      vertex 66.6395 2.6 18.8782
      vertex 66.5024 0 18.3309
      vertex 66.6395 0 18.8782
    endloop
  endfacet
  facet normal 0.146728 0 0.989177
    outer loop
      vertex 59.8782 2.6 14.3605
      vertex 60.4364 0 14.2777
      vertex 60.4364 2.6 14.2777
    endloop
  endfacet
  facet normal 0.146728 0 0.989177
    outer loop
      vertex 60.4364 0 14.2777
      vertex 59.8782 2.6 14.3605
      vertex 59.8782 0 14.3605
    endloop
  endfacet
  facet normal -0.595596 0 -0.803284
    outer loop
      vertex 64.1945 0 24.7809
      vertex 64.6478 2.6 24.4448
      vertex 64.6478 0 24.4448
    endloop
  endfacet
  facet normal -0.595596 0 -0.803284
    outer loop
      vertex 64.6478 2.6 24.4448
      vertex 64.1945 0 24.7809
      vertex 64.1945 2.6 24.7809
    endloop
  endfacet
  facet normal -0.803199 0 0.595711
    outer loop
      vertex 65.4448 0 16.3522
      vertex 65.781 2.6 16.8055
      vertex 65.4448 2.6 16.3522
    endloop
  endfacet
  facet normal -0.803199 0 0.595711
    outer loop
      vertex 65.781 2.6 16.8055
      vertex 65.4448 0 16.3522
      vertex 65.781 0 16.8055
    endloop
  endfacet
  facet normal 0.595711 0 0.803199
    outer loop
      vertex 57.3522 2.6 15.5552
      vertex 57.8055 0 15.219
      vertex 57.8055 2.6 15.219
    endloop
  endfacet
  facet normal 0.595711 0 0.803199
    outer loop
      vertex 57.8055 0 15.219
      vertex 57.3522 2.6 15.5552
      vertex 57.3522 0 15.5552
    endloop
  endfacet
  facet normal 0.336886 0 0.941545
    outer loop
      vertex 58.7996 2.6 14.6877
      vertex 59.3309 0 14.4976
      vertex 59.3309 2.6 14.4976
    endloop
  endfacet
  facet normal 0.336886 0 0.941545
    outer loop
      vertex 59.3309 0 14.4976
      vertex 58.7996 2.6 14.6877
      vertex 58.7996 0 14.6877
    endloop
  endfacet
  facet normal 0.989177 0 -0.146728
    outer loop
      vertex 55.3605 0 21.1218
      vertex 55.2777 2.6 20.5636
      vertex 55.3605 2.6 21.1218
    endloop
  endfacet
  facet normal 0.989177 0 -0.146728
    outer loop
      vertex 55.2777 2.6 20.5636
      vertex 55.3605 0 21.1218
      vertex 55.2777 0 20.5636
    endloop
  endfacet
  facet normal -0.514105 0 -0.857727
    outer loop
      vertex 63.7105 0 25.071
      vertex 64.1945 2.6 24.7809
      vertex 64.1945 0 24.7809
    endloop
  endfacet
  facet normal -0.514105 0 -0.857727
    outer loop
      vertex 64.1945 2.6 24.7809
      vertex 63.7105 0 25.071
      vertex 63.7105 2.6 25.071
    endloop
  endfacet
  facet normal 0.74099 -0 0.671516
    outer loop
      vertex 56.5552 0 16.3522
      vertex 56.9341 2.6 15.9341
      vertex 56.5552 2.6 16.3522
    endloop
  endfacet
  facet normal 0.74099 0 0.671516
    outer loop
      vertex 56.9341 2.6 15.9341
      vertex 56.5552 0 16.3522
      vertex 56.9341 0 15.9341
    endloop
  endfacet
  facet normal -0.857806 0 -0.513974
    outer loop
      vertex 66.071 0 22.7105
      vertex 65.781 2.6 23.1945
      vertex 66.071 2.6 22.7105
    endloop
  endfacet
  facet normal -0.857806 -0 -0.513974
    outer loop
      vertex 65.781 2.6 23.1945
      vertex 66.071 0 22.7105
      vertex 65.781 0 23.1945
    endloop
  endfacet
  facet normal -0.857806 0 0.513974
    outer loop
      vertex 65.781 0 16.8055
      vertex 66.071 2.6 17.2895
      vertex 65.781 2.6 16.8055
    endloop
  endfacet
  facet normal -0.857806 0 0.513974
    outer loop
      vertex 66.071 2.6 17.2895
      vertex 65.781 0 16.8055
      vertex 66.071 0 17.2895
    endloop
  endfacet
  facet normal -0.146728 0 -0.989177
    outer loop
      vertex 61.5636 0 25.7223
      vertex 62.1218 2.6 25.6395
      vertex 62.1218 0 25.6395
    endloop
  endfacet
  facet normal -0.146728 0 -0.989177
    outer loop
      vertex 62.1218 2.6 25.6395
      vertex 61.5636 0 25.7223
      vertex 61.5636 2.6 25.7223
    endloop
  endfacet
  facet normal -0.903961 0 0.427614
    outer loop
      vertex 66.071 0 17.2895
      vertex 66.3123 2.6 17.7996
      vertex 66.071 2.6 17.2895
    endloop
  endfacet
  facet normal -0.903961 0 0.427614
    outer loop
      vertex 66.3123 2.6 17.7996
      vertex 66.071 0 17.2895
      vertex 66.3123 0 17.7996
    endloop
  endfacet
  facet normal 0.941545 -0 0.336886
    outer loop
      vertex 55.4976 0 18.3309
      vertex 55.6877 2.6 17.7996
      vertex 55.4976 2.6 18.3309
    endloop
  endfacet
  facet normal 0.941545 0 0.336886
    outer loop
      vertex 55.6877 2.6 17.7996
      vertex 55.4976 0 18.3309
      vertex 55.6877 0 17.7996
    endloop
  endfacet
  facet normal 0.903961 -0 0.427614
    outer loop
      vertex 55.6877 0 17.7996
      vertex 55.929 2.6 17.2895
      vertex 55.6877 2.6 17.7996
    endloop
  endfacet
  facet normal 0.903961 0 0.427614
    outer loop
      vertex 55.929 2.6 17.2895
      vertex 55.6877 0 17.7996
      vertex 55.929 0 17.2895
    endloop
  endfacet
  facet normal -0.941545 0 -0.336886
    outer loop
      vertex 66.5024 0 21.6691
      vertex 66.3123 2.6 22.2004
      vertex 66.5024 2.6 21.6691
    endloop
  endfacet
  facet normal -0.941545 -0 -0.336886
    outer loop
      vertex 66.3123 2.6 22.2004
      vertex 66.5024 0 21.6691
      vertex 66.3123 0 22.2004
    endloop
  endfacet
  facet normal 0.970028 -0 0.242994
    outer loop
      vertex 55.3605 0 18.8782
      vertex 55.4976 2.6 18.3309
      vertex 55.3605 2.6 18.8782
    endloop
  endfacet
  facet normal 0.970028 0 0.242994
    outer loop
      vertex 55.4976 2.6 18.3309
      vertex 55.3605 0 18.8782
      vertex 55.4976 0 18.3309
    endloop
  endfacet
  facet normal -0.74099 0 0.671516
    outer loop
      vertex 65.0659 0 15.9341
      vertex 65.4448 2.6 16.3522
      vertex 65.0659 2.6 15.9341
    endloop
  endfacet
  facet normal -0.74099 0 0.671516
    outer loop
      vertex 65.4448 2.6 16.3522
      vertex 65.0659 0 15.9341
      vertex 65.4448 0 16.3522
    endloop
  endfacet
  facet normal -0.595711 0 0.803199
    outer loop
      vertex 64.1945 2.6 15.219
      vertex 64.6478 0 15.5552
      vertex 64.6478 2.6 15.5552
    endloop
  endfacet
  facet normal -0.595711 0 0.803199
    outer loop
      vertex 64.6478 0 15.5552
      vertex 64.1945 2.6 15.219
      vertex 64.1945 0 15.219
    endloop
  endfacet
  facet normal 0.595596 0 -0.803284
    outer loop
      vertex 57.3522 0 24.4448
      vertex 57.8055 2.6 24.7809
      vertex 57.8055 0 24.7809
    endloop
  endfacet
  facet normal 0.595596 0 -0.803284
    outer loop
      vertex 57.8055 2.6 24.7809
      vertex 57.3522 0 24.4448
      vertex 57.3522 2.6 24.4448
    endloop
  endfacet
  facet normal -0.427614 0 0.903961
    outer loop
      vertex 63.2004 2.6 14.6877
      vertex 63.7105 0 14.929
      vertex 63.7105 2.6 14.929
    endloop
  endfacet
  facet normal -0.427614 0 0.903961
    outer loop
      vertex 63.7105 0 14.929
      vertex 63.2004 2.6 14.6877
      vertex 63.2004 0 14.6877
    endloop
  endfacet
  facet normal 0.989177 -0 0.146728
    outer loop
      vertex 55.2777 0 19.4364
      vertex 55.3605 2.6 18.8782
      vertex 55.2777 2.6 19.4364
    endloop
  endfacet
  facet normal 0.989177 0 0.146728
    outer loop
      vertex 55.3605 2.6 18.8782
      vertex 55.2777 0 19.4364
      vertex 55.3605 0 18.8782
    endloop
  endfacet
  facet normal -0.513974 0 0.857806
    outer loop
      vertex 63.7105 2.6 14.929
      vertex 64.1945 0 15.219
      vertex 64.1945 2.6 15.219
    endloop
  endfacet
  facet normal -0.513974 0 0.857806
    outer loop
      vertex 64.1945 0 15.219
      vertex 63.7105 2.6 14.929
      vertex 63.7105 0 14.929
    endloop
  endfacet
  facet normal 0.74099 0 -0.671516
    outer loop
      vertex 56.9341 0 24.0659
      vertex 56.5552 2.6 23.6478
      vertex 56.9341 2.6 24.0659
    endloop
  endfacet
  facet normal 0.74099 0 -0.671516
    outer loop
      vertex 56.5552 2.6 23.6478
      vertex 56.9341 0 24.0659
      vertex 56.5552 0 23.6478
    endloop
  endfacet
  facet normal 0.671516 0 -0.74099
    outer loop
      vertex 56.9341 0 24.0659
      vertex 57.3522 2.6 24.4448
      vertex 57.3522 0 24.4448
    endloop
  endfacet
  facet normal 0.671516 0 -0.74099
    outer loop
      vertex 57.3522 2.6 24.4448
      vertex 56.9341 0 24.0659
      vertex 56.9341 2.6 24.0659
    endloop
  endfacet
  facet normal 0.941545 0 -0.336886
    outer loop
      vertex 55.6877 0 22.2004
      vertex 55.4976 2.6 21.6691
      vertex 55.6877 2.6 22.2004
    endloop
  endfacet
  facet normal 0.941545 0 -0.336886
    outer loop
      vertex 55.4976 2.6 21.6691
      vertex 55.6877 0 22.2004
      vertex 55.4976 0 21.6691
    endloop
  endfacet
  facet normal 0.427614 0 0.903961
    outer loop
      vertex 58.2895 2.6 14.929
      vertex 58.7996 0 14.6877
      vertex 58.7996 2.6 14.6877
    endloop
  endfacet
  facet normal 0.427614 0 0.903961
    outer loop
      vertex 58.7996 0 14.6877
      vertex 58.2895 2.6 14.929
      vertex 58.2895 0 14.929
    endloop
  endfacet
  facet normal 0.903961 0 -0.427614
    outer loop
      vertex 55.929 0 22.7105
      vertex 55.6877 2.6 22.2004
      vertex 55.929 2.6 22.7105
    endloop
  endfacet
  facet normal 0.903961 0 -0.427614
    outer loop
      vertex 55.6877 2.6 22.2004
      vertex 55.929 0 22.7105
      vertex 55.6877 0 22.2004
    endloop
  endfacet
  facet normal -0.970028 0 -0.242994
    outer loop
      vertex 66.6395 0 21.1218
      vertex 66.5024 2.6 21.6691
      vertex 66.6395 2.6 21.1218
    endloop
  endfacet
  facet normal -0.970028 -0 -0.242994
    outer loop
      vertex 66.5024 2.6 21.6691
      vertex 66.6395 0 21.1218
      vertex 66.5024 0 21.6691
    endloop
  endfacet
  facet normal 0.857806 -0 0.513974
    outer loop
      vertex 55.929 0 17.2895
      vertex 56.219 2.6 16.8055
      vertex 55.929 2.6 17.2895
    endloop
  endfacet
  facet normal 0.857806 0 0.513974
    outer loop
      vertex 56.219 2.6 16.8055
      vertex 55.929 0 17.2895
      vertex 56.219 0 16.8055
    endloop
  endfacet
  facet normal -0.427614 0 -0.903961
    outer loop
      vertex 63.2004 0 25.3123
      vertex 63.7105 2.6 25.071
      vertex 63.7105 0 25.071
    endloop
  endfacet
  facet normal -0.427614 0 -0.903961
    outer loop
      vertex 63.7105 2.6 25.071
      vertex 63.2004 0 25.3123
      vertex 63.2004 2.6 25.3123
    endloop
  endfacet
  facet normal 0.427614 0 -0.903961
    outer loop
      vertex 58.2895 0 25.071
      vertex 58.7996 2.6 25.3123
      vertex 58.7996 0 25.3123
    endloop
  endfacet
  facet normal 0.427614 0 -0.903961
    outer loop
      vertex 58.7996 2.6 25.3123
      vertex 58.2895 0 25.071
      vertex 58.2895 2.6 25.071
    endloop
  endfacet
  facet normal 0.970028 0 -0.242994
    outer loop
      vertex 55.4976 0 21.6691
      vertex 55.3605 2.6 21.1218
      vertex 55.4976 2.6 21.6691
    endloop
  endfacet
  facet normal 0.970028 0 -0.242994
    outer loop
      vertex 55.3605 2.6 21.1218
      vertex 55.4976 0 21.6691
      vertex 55.3605 0 21.1218
    endloop
  endfacet
  facet normal 0.0490891 0 0.998794
    outer loop
      vertex 60.4364 2.6 14.2777
      vertex 61 0 14.25
      vertex 61 2.6 14.25
    endloop
  endfacet
  facet normal 0.0490891 0 0.998794
    outer loop
      vertex 61 0 14.25
      vertex 60.4364 2.6 14.2777
      vertex 60.4364 0 14.2777
    endloop
  endfacet
  facet normal 0.0490891 0 -0.998794
    outer loop
      vertex 60.4364 0 25.7223
      vertex 61 2.6 25.75
      vertex 61 0 25.75
    endloop
  endfacet
  facet normal 0.0490891 0 -0.998794
    outer loop
      vertex 61 2.6 25.75
      vertex 60.4364 0 25.7223
      vertex 60.4364 2.6 25.7223
    endloop
  endfacet
  facet normal 0.803199 0 -0.595711
    outer loop
      vertex 56.5552 0 23.6478
      vertex 56.219 2.6 23.1945
      vertex 56.5552 2.6 23.6478
    endloop
  endfacet
  facet normal 0.803199 0 -0.595711
    outer loop
      vertex 56.219 2.6 23.1945
      vertex 56.5552 0 23.6478
      vertex 56.219 0 23.1945
    endloop
  endfacet
  facet normal -0.671516 0 -0.74099
    outer loop
      vertex 64.6478 0 24.4448
      vertex 65.0659 2.6 24.0659
      vertex 65.0659 0 24.0659
    endloop
  endfacet
  facet normal -0.671516 0 -0.74099
    outer loop
      vertex 65.0659 2.6 24.0659
      vertex 64.6478 0 24.4448
      vertex 64.6478 2.6 24.4448
    endloop
  endfacet
  facet normal 0.513974 0 0.857806
    outer loop
      vertex 57.8055 2.6 15.219
      vertex 58.2895 0 14.929
      vertex 58.2895 2.6 14.929
    endloop
  endfacet
  facet normal 0.513974 0 0.857806
    outer loop
      vertex 58.2895 0 14.929
      vertex 57.8055 2.6 15.219
      vertex 57.8055 0 15.219
    endloop
  endfacet
  facet normal 0.336886 0 -0.941545
    outer loop
      vertex 58.7996 0 25.3123
      vertex 59.3309 2.6 25.5024
      vertex 59.3309 0 25.5024
    endloop
  endfacet
  facet normal 0.336886 0 -0.941545
    outer loop
      vertex 59.3309 2.6 25.5024
      vertex 58.7996 0 25.3123
      vertex 58.7996 2.6 25.3123
    endloop
  endfacet
  facet normal 0.146728 0 -0.989177
    outer loop
      vertex 59.8782 0 25.6395
      vertex 60.4364 2.6 25.7223
      vertex 60.4364 0 25.7223
    endloop
  endfacet
  facet normal 0.146728 0 -0.989177
    outer loop
      vertex 60.4364 2.6 25.7223
      vertex 59.8782 0 25.6395
      vertex 59.8782 2.6 25.6395
    endloop
  endfacet
  facet normal 0.803199 -0 0.595711
    outer loop
      vertex 56.219 0 16.8055
      vertex 56.5552 2.6 16.3522
      vertex 56.219 2.6 16.8055
    endloop
  endfacet
  facet normal 0.803199 0 0.595711
    outer loop
      vertex 56.5552 2.6 16.3522
      vertex 56.219 0 16.8055
      vertex 56.5552 0 16.3522
    endloop
  endfacet
  facet normal -0.242994 0 0.970028
    outer loop
      vertex 62.1218 2.6 14.3605
      vertex 62.6691 0 14.4976
      vertex 62.6691 2.6 14.4976
    endloop
  endfacet
  facet normal -0.242994 0 0.970028
    outer loop
      vertex 62.6691 0 14.4976
      vertex 62.1218 2.6 14.3605
      vertex 62.1218 0 14.3605
    endloop
  endfacet
  facet normal 0.514105 0 -0.857727
    outer loop
      vertex 57.8055 0 24.7809
      vertex 58.2895 2.6 25.071
      vertex 58.2895 0 25.071
    endloop
  endfacet
  facet normal 0.514105 0 -0.857727
    outer loop
      vertex 58.2895 2.6 25.071
      vertex 57.8055 0 24.7809
      vertex 57.8055 2.6 24.7809
    endloop
  endfacet
  facet normal -1 0 0
    outer loop
      vertex 50 73.4 11
      vertex 50 76 40
      vertex 50 76 11
    endloop
  endfacet
  facet normal -1 -0 0
    outer loop
      vertex 50 76 40
      vertex 50 73.4 11
      vertex 50 73.4 40
    endloop
  endfacet
  facet normal -0 0 1
    outer loop
      vertex 42 76 11
      vertex 50 73.4 11
      vertex 50 76 11
    endloop
  endfacet
  facet normal 0 0 1
    outer loop
      vertex 50 73.4 11
      vertex 42 76 11
      vertex 42 73.4 11
    endloop
  endfacet
  facet normal 1 -0 0
    outer loop
      vertex 42 73.4 40
      vertex 42 76 11
      vertex 42 76 40
    endloop
  endfacet
  facet normal 1 0 0
    outer loop
      vertex 42 76 11
      vertex 42 73.4 40
      vertex 42 73.4 11
    endloop
  endfacet
endsolid OpenSCAD_Model
