solid OpenSCAD_Model
  facet normal -0.989176 -0.146732 0
    outer loop
      vertex 0.0768585 3.21964 0
      vertex 0.0192604 3.60793 3
      vertex 0.0192604 3.60793 0
    endloop
  endfacet
  facet normal -0.989176 -0.146732 0
    outer loop
      vertex 0.0192604 3.60793 3
      vertex 0.0768585 3.21964 0
      vertex 0.0768585 3.21964 3
    endloop
  endfacet
  facet normal 0.146729 -0.989177 0
    outer loop
      vertex 88.3921 0.0192604 0
      vertex 88.7804 0.0768585 3
      vertex 88.3921 0.0192604 3
    endloop
  endfacet
  facet normal 0.146729 -0.989177 0
    outer loop
      vertex 88.7804 0.0768585 3
      vertex 88.3921 0.0192604 0
      vertex 88.7804 0.0768585 0
    endloop
  endfacet
  facet normal -0.998796 -0.0490657 0
    outer loop
      vertex 0.0192604 3.60793 0
      vertex 0 4 3
      vertex 0 4 0
    endloop
  endfacet
  facet normal -0.998796 -0.0490657 0
    outer loop
      vertex 0 4 3
      vertex 0.0192604 3.60793 0
      vertex 0.0192604 3.60793 3
    endloop
  endfacet
  facet normal -0.989177 0.146729 0
    outer loop
      vertex 0.0192604 72.3921 0
      vertex 0.0768585 72.7804 3
      vertex 0.0768585 72.7804 0
    endloop
  endfacet
  facet normal -0.989177 0.146729 0
    outer loop
      vertex 0.0768585 72.7804 3
      vertex 0.0192604 72.3921 0
      vertex 0.0192604 72.3921 3
    endloop
  endfacet
  facet normal -0.595703 -0.803205 0
    outer loop
      vertex 1.46243 0.907958 0
      vertex 1.77772 0.674121 3
      vertex 1.46243 0.907958 3
    endloop
  endfacet
  facet normal -0.595703 -0.803205 -0
    outer loop
      vertex 1.77772 0.674121 3
      vertex 1.46243 0.907958 0
      vertex 1.77772 0.674121 0
    endloop
  endfacet
  facet normal 0.243026 -0.97002 0
    outer loop
      vertex 88.7804 0.0768585 0
      vertex 89.1611 0.172238 3
      vertex 88.7804 0.0768585 3
    endloop
  endfacet
  facet normal 0.243026 -0.97002 0
    outer loop
      vertex 89.1611 0.172238 3
      vertex 88.7804 0.0768585 0
      vertex 89.1611 0.172238 0
    endloop
  endfacet
  facet normal -0.514095 0.857733 0
    outer loop
      vertex 2.11441 75.5277 0
      vertex 1.77772 75.3259 3
      vertex 2.11441 75.5277 3
    endloop
  endfacet
  facet normal -0.514095 0.857733 0
    outer loop
      vertex 1.77772 75.3259 3
      vertex 2.11441 75.5277 0
      vertex 1.77772 75.3259 0
    endloop
  endfacet
  facet normal 1 -0 0
    outer loop
      vertex 92 4 3
      vertex 92 72 0
      vertex 92 72 3
    endloop
  endfacet
  facet normal 1 0 0
    outer loop
      vertex 92 72 0
      vertex 92 4 3
      vertex 92 4 0
    endloop
  endfacet
  facet normal 0 1 -0
    outer loop
      vertex 88 76 0
      vertex 50 76 3
      vertex 88 76 3
    endloop
  endfacet
  facet normal 0 1 0
    outer loop
      vertex 50 76 3
      vertex 88 76 0
      vertex 50 76 0
    endloop
  endfacet
  facet normal 0 1 -0
    outer loop
      vertex 42 76 0
      vertex 4 76 3
      vertex 42 76 3
    endloop
  endfacet
  facet normal 0 1 0
    outer loop
      vertex 4 76 3
      vertex 42 76 0
      vertex 4 76 0
    endloop
  endfacet
  facet normal -0.998796 0.049062 0
    outer loop
      vertex 0 72 0
      vertex 0.0192604 72.3921 3
      vertex 0.0192604 72.3921 0
    endloop
  endfacet
  facet normal -0.998796 0.049062 0
    outer loop
      vertex 0.0192604 72.3921 3
      vertex 0 72 0
      vertex 0 72 3
    endloop
  endfacet
  facet normal -0.904011 0.427509 0
    outer loop
      vertex 0.304482 73.5307 0
      vertex 0.472315 73.8856 3
      vertex 0.472315 73.8856 0
    endloop
  endfacet
  facet normal -0.904011 0.427509 0
    outer loop
      vertex 0.472315 73.8856 3
      vertex 0.304482 73.5307 0
      vertex 0.304482 73.5307 3
    endloop
  endfacet
  facet normal -0.671531 0.740977 0
    outer loop
      vertex 1.46243 75.092 0
      vertex 1.17157 74.8284 3
      vertex 1.46243 75.092 3
    endloop
  endfacet
  facet normal -0.671531 0.740977 0
    outer loop
      vertex 1.17157 74.8284 3
      vertex 1.46243 75.092 0
      vertex 1.17157 74.8284 0
    endloop
  endfacet
  facet normal 0.904044 0.42744 0
    outer loop
      vertex 91.6955 73.5307 3
      vertex 91.5277 73.8856 0
      vertex 91.5277 73.8856 3
    endloop
  endfacet
  facet normal 0.904044 0.42744 0
    outer loop
      vertex 91.5277 73.8856 0
      vertex 91.6955 73.5307 3
      vertex 91.6955 73.5307 0
    endloop
  endfacet
  facet normal -1 0 0
    outer loop
      vertex 0 4 0
      vertex 0 72 3
      vertex 0 72 0
    endloop
  endfacet
  facet normal -1 -0 0
    outer loop
      vertex 0 72 3
      vertex 0 4 0
      vertex 0 4 3
    endloop
  endfacet
  facet normal 0.671624 -0.740892 0
    outer loop
      vertex 90.5376 0.907958 0
      vertex 90.8284 1.17157 3
      vertex 90.5376 0.907958 3
    endloop
  endfacet
  facet normal 0.671624 -0.740892 0
    outer loop
      vertex 90.8284 1.17157 3
      vertex 90.5376 0.907958 0
      vertex 90.8284 1.17157 0
    endloop
  endfacet
  facet normal 0 -1 0
    outer loop
      vertex 4 0 0
      vertex 88 0 3
      vertex 4 0 3
    endloop
  endfacet
  facet normal 0 -1 -0
    outer loop
      vertex 88 0 3
      vertex 4 0 0
      vertex 88 0 0
    endloop
  endfacet
  facet normal -0.0491664 0.998791 0
    outer loop
      vertex 4 76 0
      vertex 3.60793 75.9807 3
      vertex 4 76 3
    endloop
  endfacet
  facet normal -0.0491664 0.998791 0
    outer loop
      vertex 3.60793 75.9807 3
      vertex 4 76 0
      vertex 3.60793 75.9807 0
    endloop
  endfacet
  facet normal 0.59569 -0.803214 0
    outer loop
      vertex 90.2223 0.674121 0
      vertex 90.5376 0.907958 3
      vertex 90.2223 0.674121 3
    endloop
  endfacet
  facet normal 0.59569 -0.803214 0
    outer loop
      vertex 90.5376 0.907958 3
      vertex 90.2223 0.674121 0
      vertex 90.5376 0.907958 0
    endloop
  endfacet
  facet normal 0.9415 0.337014 0
    outer loop
      vertex 91.8278 73.1611 3
      vertex 91.6955 73.5307 0
      vertex 91.6955 73.5307 3
    endloop
  endfacet
  facet normal 0.9415 0.337014 0
    outer loop
      vertex 91.6955 73.5307 0
      vertex 91.8278 73.1611 3
      vertex 91.8278 73.1611 0
    endloop
  endfacet
  facet normal 0.740908 0.671607 0
    outer loop
      vertex 91.092 74.5376 3
      vertex 90.8284 74.8284 0
      vertex 90.8284 74.8284 3
    endloop
  endfacet
  facet normal 0.740908 0.671607 0
    outer loop
      vertex 90.8284 74.8284 0
      vertex 91.092 74.5376 3
      vertex 91.092 74.5376 0
    endloop
  endfacet
  facet normal 0.049062 -0.998796 0
    outer loop
      vertex 88 0 0
      vertex 88.3921 0.0192604 3
      vertex 88 0 3
    endloop
  endfacet
  facet normal 0.049062 -0.998796 0
    outer loop
      vertex 88.3921 0.0192604 3
      vertex 88 0 0
      vertex 88.3921 0.0192604 0
    endloop
  endfacet
  facet normal 0.514084 0.85774 -0
    outer loop
      vertex 90.2223 75.3259 0
      vertex 89.8856 75.5277 3
      vertex 90.2223 75.3259 3
    endloop
  endfacet
  facet normal 0.514084 0.85774 0
    outer loop
      vertex 89.8856 75.5277 3
      vertex 90.2223 75.3259 0
      vertex 89.8856 75.5277 0
    endloop
  endfacet
  facet normal -0.740892 0.671624 0
    outer loop
      vertex 0.907958 74.5376 0
      vertex 1.17157 74.8284 3
      vertex 1.17157 74.8284 0
    endloop
  endfacet
  facet normal -0.740892 0.671624 0
    outer loop
      vertex 1.17157 74.8284 3
      vertex 0.907958 74.5376 0
      vertex 0.907958 74.5376 3
    endloop
  endfacet
  facet normal -0.242978 -0.970032 0
    outer loop
      vertex 2.83886 0.172238 0
      vertex 3.21964 0.0768585 3
      vertex 2.83886 0.172238 3
    endloop
  endfacet
  facet normal -0.242978 -0.970032 -0
    outer loop
      vertex 3.21964 0.0768585 3
      vertex 2.83886 0.172238 0
      vertex 3.21964 0.0768585 0
    endloop
  endfacet
  facet normal 0.998791 0.0491626 0
    outer loop
      vertex 92 72 3
      vertex 91.9807 72.3921 0
      vertex 91.9807 72.3921 3
    endloop
  endfacet
  facet normal 0.998791 0.0491626 0
    outer loop
      vertex 91.9807 72.3921 0
      vertex 92 72 3
      vertex 92 72 0
    endloop
  endfacet
  facet normal -0.803214 0.59569 0
    outer loop
      vertex 0.674121 74.2223 0
      vertex 0.907958 74.5376 3
      vertex 0.907958 74.5376 0
    endloop
  endfacet
  facet normal -0.803214 0.59569 0
    outer loop
      vertex 0.907958 74.5376 3
      vertex 0.674121 74.2223 0
      vertex 0.674121 74.2223 3
    endloop
  endfacet
  facet normal -0.941545 0.336888 0
    outer loop
      vertex 0.172238 73.1611 0
      vertex 0.304482 73.5307 3
      vertex 0.304482 73.5307 0
    endloop
  endfacet
  facet normal -0.941545 0.336888 0
    outer loop
      vertex 0.304482 73.5307 3
      vertex 0.172238 73.1611 0
      vertex 0.172238 73.1611 3
    endloop
  endfacet
  facet normal 0.427509 -0.904011 0
    outer loop
      vertex 89.5307 0.304482 0
      vertex 89.8856 0.472315 3
      vertex 89.5307 0.304482 3
    endloop
  endfacet
  facet normal 0.427509 -0.904011 0
    outer loop
      vertex 89.8856 0.472315 3
      vertex 89.5307 0.304482 0
      vertex 89.8856 0.472315 0
    endloop
  endfacet
  facet normal 0.595794 0.803137 -0
    outer loop
      vertex 90.5376 75.092 0
      vertex 90.2223 75.3259 3
      vertex 90.5376 75.092 3
    endloop
  endfacet
  facet normal 0.595794 0.803137 0
    outer loop
      vertex 90.2223 75.3259 3
      vertex 90.5376 75.092 0
      vertex 90.2223 75.3259 0
    endloop
  endfacet
  facet normal 0.242835 0.970068 -0
    outer loop
      vertex 89.1611 75.8278 0
      vertex 88.7804 75.9231 3
      vertex 89.1611 75.8278 3
    endloop
  endfacet
  facet normal 0.242835 0.970068 0
    outer loop
      vertex 88.7804 75.9231 3
      vertex 89.1611 75.8278 0
      vertex 88.7804 75.9231 0
    endloop
  endfacet
  facet normal -0.595806 0.803128 0
    outer loop
      vertex 1.77772 75.3259 0
      vertex 1.46243 75.092 3
      vertex 1.77772 75.3259 3
    endloop
  endfacet
  facet normal -0.595806 0.803128 0
    outer loop
      vertex 1.46243 75.092 3
      vertex 1.77772 75.3259 0
      vertex 1.46243 75.092 0
    endloop
  endfacet
  facet normal -0.42748 0.904025 0
    outer loop
      vertex 2.46927 75.6955 0
      vertex 2.11441 75.5277 3
      vertex 2.46927 75.6955 3
    endloop
  endfacet
  facet normal -0.42748 0.904025 0
    outer loop
      vertex 2.11441 75.5277 3
      vertex 2.46927 75.6955 0
      vertex 2.11441 75.5277 0
    endloop
  endfacet
  facet normal 0.989176 0.146733 0
    outer loop
      vertex 91.9807 72.3921 3
      vertex 91.9231 72.7804 0
      vertex 91.9231 72.7804 3
    endloop
  endfacet
  facet normal 0.989176 0.146733 0
    outer loop
      vertex 91.9231 72.7804 0
      vertex 91.9807 72.3921 3
      vertex 91.9807 72.3921 0
    endloop
  endfacet
  facet normal 0.970068 0.242835 0
    outer loop
      vertex 91.9231 72.7804 3
      vertex 91.8278 73.1611 0
      vertex 91.8278 73.1611 3
    endloop
  endfacet
  facet normal 0.970068 0.242835 0
    outer loop
      vertex 91.8278 73.1611 0
      vertex 91.9231 72.7804 3
      vertex 91.9231 72.7804 0
    endloop
  endfacet
  facet normal 0.857733 -0.514095 0
    outer loop
      vertex 91.3259 1.77772 3
      vertex 91.5277 2.11441 0
      vertex 91.5277 2.11441 3
    endloop
  endfacet
  facet normal 0.857733 -0.514095 0
    outer loop
      vertex 91.5277 2.11441 0
      vertex 91.3259 1.77772 3
      vertex 91.3259 1.77772 0
    endloop
  endfacet
  facet normal 0.740977 -0.671531 0
    outer loop
      vertex 90.8284 1.17157 3
      vertex 91.092 1.46243 0
      vertex 91.092 1.46243 3
    endloop
  endfacet
  facet normal 0.740977 -0.671531 0
    outer loop
      vertex 91.092 1.46243 0
      vertex 90.8284 1.17157 3
      vertex 90.8284 1.17157 0
    endloop
  endfacet
  facet normal -0.857733 0.514095 0
    outer loop
      vertex 0.472315 73.8856 0
      vertex 0.674121 74.2223 3
      vertex 0.674121 74.2223 0
    endloop
  endfacet
  facet normal -0.857733 0.514095 0
    outer loop
      vertex 0.674121 74.2223 3
      vertex 0.472315 73.8856 0
      vertex 0.472315 73.8856 3
    endloop
  endfacet
  facet normal 0.42744 0.904044 -0
    outer loop
      vertex 89.8856 75.5277 0
      vertex 89.5307 75.6955 3
      vertex 89.8856 75.5277 3
    endloop
  endfacet
  facet normal 0.42744 0.904044 0
    outer loop
      vertex 89.5307 75.6955 3
      vertex 89.8856 75.5277 0
      vertex 89.5307 75.6955 0
    endloop
  endfacet
  facet normal 0.803137 0.595794 0
    outer loop
      vertex 91.3259 74.2223 3
      vertex 91.092 74.5376 0
      vertex 91.092 74.5376 3
    endloop
  endfacet
  facet normal 0.803137 0.595794 0
    outer loop
      vertex 91.092 74.5376 0
      vertex 91.3259 74.2223 3
      vertex 91.3259 74.2223 0
    endloop
  endfacet
  facet normal -0.97002 0.243026 0
    outer loop
      vertex 0.0768585 72.7804 0
      vertex 0.172238 73.1611 3
      vertex 0.172238 73.1611 0
    endloop
  endfacet
  facet normal -0.97002 0.243026 0
    outer loop
      vertex 0.172238 73.1611 3
      vertex 0.0768585 72.7804 0
      vertex 0.0768585 72.7804 3
    endloop
  endfacet
  facet normal 0.0491626 0.998791 -0
    outer loop
      vertex 88.3921 75.9807 0
      vertex 88 76 3
      vertex 88.3921 75.9807 3
    endloop
  endfacet
  facet normal 0.0491626 0.998791 0
    outer loop
      vertex 88 76 3
      vertex 88.3921 75.9807 0
      vertex 88 76 0
    endloop
  endfacet
  facet normal 0.146733 0.989176 -0
    outer loop
      vertex 88.7804 75.9231 0
      vertex 88.3921 75.9807 3
      vertex 88.7804 75.9231 3
    endloop
  endfacet
  facet normal 0.146733 0.989176 0
    outer loop
      vertex 88.3921 75.9807 3
      vertex 88.7804 75.9231 0
      vertex 88.3921 75.9807 0
    endloop
  endfacet
  facet normal 0.671607 0.740908 -0
    outer loop
      vertex 90.8284 74.8284 0
      vertex 90.5376 75.092 3
      vertex 90.8284 74.8284 3
    endloop
  endfacet
  facet normal 0.671607 0.740908 0
    outer loop
      vertex 90.5376 75.092 3
      vertex 90.8284 74.8284 0
      vertex 90.5376 75.092 0
    endloop
  endfacet
  facet normal 0.803128 -0.595806 0
    outer loop
      vertex 91.092 1.46243 3
      vertex 91.3259 1.77772 0
      vertex 91.3259 1.77772 3
    endloop
  endfacet
  facet normal 0.803128 -0.595806 0
    outer loop
      vertex 91.3259 1.77772 0
      vertex 91.092 1.46243 3
      vertex 91.092 1.46243 0
    endloop
  endfacet
  facet normal -0.803205 -0.595703 0
    outer loop
      vertex 0.907958 1.46243 0
      vertex 0.674121 1.77772 3
      vertex 0.674121 1.77772 0
    endloop
  endfacet
  facet normal -0.803205 -0.595703 0
    outer loop
      vertex 0.674121 1.77772 3
      vertex 0.907958 1.46243 0
      vertex 0.907958 1.46243 3
    endloop
  endfacet
  facet normal 0.85774 0.514084 0
    outer loop
      vertex 91.5277 73.8856 3
      vertex 91.3259 74.2223 0
      vertex 91.3259 74.2223 3
    endloop
  endfacet
  facet normal 0.85774 0.514084 0
    outer loop
      vertex 91.3259 74.2223 0
      vertex 91.5277 73.8856 3
      vertex 91.5277 73.8856 0
    endloop
  endfacet
  facet normal 0.904025 -0.42748 0
    outer loop
      vertex 91.5277 2.11441 3
      vertex 91.6955 2.46927 0
      vertex 91.6955 2.46927 3
    endloop
  endfacet
  facet normal 0.904025 -0.42748 0
    outer loop
      vertex 91.6955 2.46927 0
      vertex 91.5277 2.11441 3
      vertex 91.5277 2.11441 0
    endloop
  endfacet
  facet normal -0.427548 -0.903993 0
    outer loop
      vertex 2.11441 0.472315 0
      vertex 2.46927 0.304482 3
      vertex 2.11441 0.472315 3
    endloop
  endfacet
  facet normal -0.427548 -0.903993 -0
    outer loop
      vertex 2.46927 0.304482 3
      vertex 2.11441 0.472315 0
      vertex 2.46927 0.304482 0
    endloop
  endfacet
  facet normal -0.336896 -0.941542 0
    outer loop
      vertex 2.46927 0.304482 0
      vertex 2.83886 0.172238 3
      vertex 2.46927 0.304482 3
    endloop
  endfacet
  facet normal -0.336896 -0.941542 -0
    outer loop
      vertex 2.83886 0.172238 3
      vertex 2.46927 0.304482 0
      vertex 2.83886 0.172238 0
    endloop
  endfacet
  facet normal -0.514106 -0.857727 0
    outer loop
      vertex 1.77772 0.674121 0
      vertex 2.11441 0.472315 3
      vertex 1.77772 0.674121 3
    endloop
  endfacet
  facet normal -0.514106 -0.857727 -0
    outer loop
      vertex 2.11441 0.472315 3
      vertex 1.77772 0.674121 0
      vertex 2.11441 0.472315 0
    endloop
  endfacet
  facet normal 0.336888 -0.941545 0
    outer loop
      vertex 89.1611 0.172238 0
      vertex 89.5307 0.304482 3
      vertex 89.1611 0.172238 3
    endloop
  endfacet
  facet normal 0.336888 -0.941545 0
    outer loop
      vertex 89.5307 0.304482 3
      vertex 89.1611 0.172238 0
      vertex 89.5307 0.304482 0
    endloop
  endfacet
  facet normal -0.146732 -0.989176 0
    outer loop
      vertex 3.21964 0.0768585 0
      vertex 3.60793 0.0192604 3
      vertex 3.21964 0.0768585 3
    endloop
  endfacet
  facet normal -0.146732 -0.989176 -0
    outer loop
      vertex 3.60793 0.0192604 3
      vertex 3.21964 0.0768585 0
      vertex 3.60793 0.0192604 0
    endloop
  endfacet
  facet normal 0.514095 -0.857733 0
    outer loop
      vertex 89.8856 0.472315 0
      vertex 90.2223 0.674121 3
      vertex 89.8856 0.472315 3
    endloop
  endfacet
  facet normal 0.514095 -0.857733 0
    outer loop
      vertex 90.2223 0.674121 3
      vertex 89.8856 0.472315 0
      vertex 90.2223 0.674121 0
    endloop
  endfacet
  facet normal 0.97008 -0.242787 0
    outer loop
      vertex 91.8278 2.83886 3
      vertex 91.9231 3.21964 0
      vertex 91.9231 3.21964 3
    endloop
  endfacet
  facet normal 0.97008 -0.242787 0
    outer loop
      vertex 91.9231 3.21964 0
      vertex 91.8278 2.83886 3
      vertex 91.8278 2.83886 0
    endloop
  endfacet
  facet normal 0.337014 0.9415 -0
    outer loop
      vertex 89.5307 75.6955 0
      vertex 89.1611 75.8278 3
      vertex 89.5307 75.6955 3
    endloop
  endfacet
  facet normal 0.337014 0.9415 0
    outer loop
      vertex 89.1611 75.8278 3
      vertex 89.5307 75.6955 0
      vertex 89.1611 75.8278 0
    endloop
  endfacet
  facet normal 0.941497 -0.337022 0
    outer loop
      vertex 91.6955 2.46927 3
      vertex 91.8278 2.83886 0
      vertex 91.8278 2.83886 3
    endloop
  endfacet
  facet normal 0.941497 -0.337022 0
    outer loop
      vertex 91.8278 2.83886 0
      vertex 91.6955 2.46927 3
      vertex 91.6955 2.46927 0
    endloop
  endfacet
  facet normal -0.337022 0.941497 0
    outer loop
      vertex 2.83886 75.8278 0
      vertex 2.46927 75.6955 3
      vertex 2.83886 75.8278 3
    endloop
  endfacet
  facet normal -0.337022 0.941497 0
    outer loop
      vertex 2.46927 75.6955 3
      vertex 2.83886 75.8278 0
      vertex 2.46927 75.6955 0
    endloop
  endfacet
  facet normal 0.989176 -0.146737 0
    outer loop
      vertex 91.9231 3.21964 3
      vertex 91.9807 3.60793 0
      vertex 91.9807 3.60793 3
    endloop
  endfacet
  facet normal 0.989176 -0.146737 0
    outer loop
      vertex 91.9807 3.60793 0
      vertex 91.9231 3.21964 3
      vertex 91.9231 3.21964 0
    endloop
  endfacet
  facet normal -0.903993 -0.427548 0
    outer loop
      vertex 0.472315 2.11441 0
      vertex 0.304482 2.46927 3
      vertex 0.304482 2.46927 0
    endloop
  endfacet
  facet normal -0.903993 -0.427548 0
    outer loop
      vertex 0.304482 2.46927 3
      vertex 0.472315 2.11441 0
      vertex 0.472315 2.11441 3
    endloop
  endfacet
  facet normal -0.740961 -0.671548 0
    outer loop
      vertex 1.17157 1.17157 0
      vertex 0.907958 1.46243 3
      vertex 0.907958 1.46243 0
    endloop
  endfacet
  facet normal -0.740961 -0.671548 0
    outer loop
      vertex 0.907958 1.46243 3
      vertex 1.17157 1.17157 0
      vertex 1.17157 1.17157 3
    endloop
  endfacet
  facet normal 0.998791 -0.0491664 0
    outer loop
      vertex 91.9807 3.60793 3
      vertex 92 4 0
      vertex 92 4 3
    endloop
  endfacet
  facet normal 0.998791 -0.0491664 0
    outer loop
      vertex 92 4 0
      vertex 91.9807 3.60793 3
      vertex 91.9807 3.60793 0
    endloop
  endfacet
  facet normal -0.146737 0.989176 0
    outer loop
      vertex 3.60793 75.9807 0
      vertex 3.21964 75.9231 3
      vertex 3.60793 75.9807 3
    endloop
  endfacet
  facet normal -0.146737 0.989176 0
    outer loop
      vertex 3.21964 75.9231 3
      vertex 3.60793 75.9807 0
      vertex 3.21964 75.9231 0
    endloop
  endfacet
  facet normal -0.0490657 -0.998796 0
    outer loop
      vertex 3.60793 0.0192604 0
      vertex 4 0 3
      vertex 3.60793 0.0192604 3
    endloop
  endfacet
  facet normal -0.0490657 -0.998796 -0
    outer loop
      vertex 4 0 3
      vertex 3.60793 0.0192604 0
      vertex 4 0 0
    endloop
  endfacet
  facet normal -0.671548 -0.740961 0
    outer loop
      vertex 1.17157 1.17157 0
      vertex 1.46243 0.907958 3
      vertex 1.17157 1.17157 3
    endloop
  endfacet
  facet normal -0.671548 -0.740961 -0
    outer loop
      vertex 1.46243 0.907958 3
      vertex 1.17157 1.17157 0
      vertex 1.46243 0.907958 0
    endloop
  endfacet
  facet normal -0.242787 0.97008 0
    outer loop
      vertex 3.21964 75.9231 0
      vertex 2.83886 75.8278 3
      vertex 3.21964 75.9231 3
    endloop
  endfacet
  facet normal -0.242787 0.97008 0
    outer loop
      vertex 2.83886 75.8278 3
      vertex 3.21964 75.9231 0
      vertex 2.83886 75.8278 0
    endloop
  endfacet
  facet normal 0 0 1
    outer loop
      vertex 80.6037 10.9666 3
      vertex 12.1 9 3
      vertex 15 4.3 3
    endloop
  endfacet
  facet normal 0 0 1
    outer loop
      vertex 80.6037 10.9666 3
      vertex 12.0851 9.30385 3
      vertex 12.1 9 3
    endloop
  endfacet
  facet normal 0 0 1
    outer loop
      vertex 80.266 65.5387 3
      vertex 11.734 65.5387 3
      vertex 80.4224 65.2777 3
    endloop
  endfacet
  facet normal 0 0 1
    outer loop
      vertex 80.6037 10.9666 3
      vertex 12.0404 9.60478 3
      vertex 12.0851 9.30385 3
    endloop
  endfacet
  facet normal 0 0 1
    outer loop
      vertex 11.5776 65.2777 3
      vertex 80.4224 65.2777 3
      vertex 11.734 65.5387 3
    endloop
  endfacet
  facet normal 0 0 1
    outer loop
      vertex 80.6037 10.9666 3
      vertex 11.9665 9.89988 3
      vertex 12.0404 9.60478 3
    endloop
  endfacet
  facet normal 0 0 1
    outer loop
      vertex 80.4224 65.2777 3
      vertex 11.5776 65.2777 3
      vertex 80.6037 65.0334 3
    endloop
  endfacet
  facet normal 0 0 1
    outer loop
      vertex 80.6037 10.9666 3
      vertex 11.864 10.1863 3
      vertex 11.9665 9.89988 3
    endloop
  endfacet
  facet normal 0 0 1
    outer loop
      vertex 11.3963 65.0334 3
      vertex 80.6037 65.0334 3
      vertex 11.5776 65.2777 3
    endloop
  endfacet
  facet normal 0 0 1
    outer loop
      vertex 80.6037 10.9666 3
      vertex 11.734 10.4613 3
      vertex 11.864 10.1863 3
    endloop
  endfacet
  facet normal 0 0 1
    outer loop
      vertex 80.6037 65.0334 3
      vertex 11.3963 65.0334 3
      vertex 80.6037 10.9666 3
    endloop
  endfacet
  facet normal 0 0 1
    outer loop
      vertex 80.6037 10.9666 3
      vertex 11.5776 10.7223 3
      vertex 11.734 10.4613 3
    endloop
  endfacet
  facet normal 0 0 1
    outer loop
      vertex 11.3963 10.9666 3
      vertex 80.6037 10.9666 3
      vertex 11.3963 65.0334 3
    endloop
  endfacet
  facet normal 0 0 1
    outer loop
      vertex 80.6037 10.9666 3
      vertex 11.3963 10.9666 3
      vertex 11.5776 10.7223 3
    endloop
  endfacet
  facet normal -0 0 1
    outer loop
      vertex 11.192 64.808 3
      vertex 11.3963 10.9666 3
      vertex 11.3963 65.0334 3
    endloop
  endfacet
  facet normal 0 0 1
    outer loop
      vertex 11.192 64.808 3
      vertex 11.192 11.192 3
      vertex 11.3963 10.9666 3
    endloop
  endfacet
  facet normal -0 0 1
    outer loop
      vertex 10.9666 64.6037 3
      vertex 11.192 11.192 3
      vertex 11.192 64.808 3
    endloop
  endfacet
  facet normal 0 0 1
    outer loop
      vertex 10.9666 64.6037 3
      vertex 10.9666 11.3963 3
      vertex 11.192 11.192 3
    endloop
  endfacet
  facet normal -0 0 1
    outer loop
      vertex 10.7223 64.4224 3
      vertex 10.9666 11.3963 3
      vertex 10.9666 64.6037 3
    endloop
  endfacet
  facet normal 0 0 1
    outer loop
      vertex 10.7223 64.4224 3
      vertex 10.7223 11.5776 3
      vertex 10.9666 11.3963 3
    endloop
  endfacet
  facet normal -0 0 1
    outer loop
      vertex 10.4613 64.266 3
      vertex 10.7223 11.5776 3
      vertex 10.7223 64.4224 3
    endloop
  endfacet
  facet normal 0 0 1
    outer loop
      vertex 10.4613 64.266 3
      vertex 10.4613 11.734 3
      vertex 10.7223 11.5776 3
    endloop
  endfacet
  facet normal -0 0 1
    outer loop
      vertex 10.1863 64.136 3
      vertex 10.4613 11.734 3
      vertex 10.4613 64.266 3
    endloop
  endfacet
  facet normal 0 0 1
    outer loop
      vertex 10.1863 64.136 3
      vertex 10.1863 11.864 3
      vertex 10.4613 11.734 3
    endloop
  endfacet
  facet normal 0 0 1
    outer loop
      vertex 4.3 61 3
      vertex 10.1863 64.136 3
      vertex 9.89988 64.0335 3
    endloop
  endfacet
  facet normal 0 0 1
    outer loop
      vertex 10.1863 64.136 3
      vertex 4.3 61 3
      vertex 10.1863 11.864 3
    endloop
  endfacet
  facet normal 0 0 1
    outer loop
      vertex 4.3 61 3
      vertex 9.89988 64.0335 3
      vertex 9.60478 63.9596 3
    endloop
  endfacet
  facet normal -0 0 1
    outer loop
      vertex 4.3 15 3
      vertex 10.1863 11.864 3
      vertex 4.3 61 3
    endloop
  endfacet
  facet normal 0 0 1
    outer loop
      vertex 4.3 61 3
      vertex 9.60478 63.9596 3
      vertex 9.30385 63.9149 3
    endloop
  endfacet
  facet normal 0 0 1
    outer loop
      vertex 10.1863 11.864 3
      vertex 4.3 15 3
      vertex 9.89988 11.9665 3
    endloop
  endfacet
  facet normal 0 0 1
    outer loop
      vertex 4.3 61 3
      vertex 9.30385 63.9149 3
      vertex 9 63.9 3
    endloop
  endfacet
  facet normal 0 0 1
    outer loop
      vertex 9.89988 11.9665 3
      vertex 4.3 15 3
      vertex 9.60478 12.0404 3
    endloop
  endfacet
  facet normal 0 0 1
    outer loop
      vertex 4.3 61 3
      vertex 9 63.9 3
      vertex 8.69615 63.9149 3
    endloop
  endfacet
  facet normal 0 0 1
    outer loop
      vertex 9.60478 12.0404 3
      vertex 4.3 15 3
      vertex 9.30385 12.0851 3
    endloop
  endfacet
  facet normal 0 0 1
    outer loop
      vertex 4.3 61 3
      vertex 8.69615 63.9149 3
      vertex 8.39522 63.9596 3
    endloop
  endfacet
  facet normal 0 0 1
    outer loop
      vertex 9.30385 12.0851 3
      vertex 4.3 15 3
      vertex 9 12.1 3
    endloop
  endfacet
  facet normal 0 0 1
    outer loop
      vertex 4.3 61 3
      vertex 8.39522 63.9596 3
      vertex 8.10012 64.0335 3
    endloop
  endfacet
  facet normal 0 0 1
    outer loop
      vertex 9 12.1 3
      vertex 4.3 15 3
      vertex 8.69615 12.0851 3
    endloop
  endfacet
  facet normal 0 0 1
    outer loop
      vertex 4.3 61 3
      vertex 8.10012 64.0335 3
      vertex 7.81368 64.136 3
    endloop
  endfacet
  facet normal 0 0 1
    outer loop
      vertex 8.69615 12.0851 3
      vertex 4.3 15 3
      vertex 8.39522 12.0404 3
    endloop
  endfacet
  facet normal 0 0 1
    outer loop
      vertex 4.3 61 3
      vertex 7.81368 64.136 3
      vertex 7.53867 64.266 3
    endloop
  endfacet
  facet normal 0 0 1
    outer loop
      vertex 8.39522 12.0404 3
      vertex 4.3 15 3
      vertex 8.10012 11.9665 3
    endloop
  endfacet
  facet normal 0 0 1
    outer loop
      vertex 4.3 61 3
      vertex 7.53867 64.266 3
      vertex 7.27773 64.4224 3
    endloop
  endfacet
  facet normal 0 0 1
    outer loop
      vertex 8.10012 11.9665 3
      vertex 4.3 15 3
      vertex 7.81368 11.864 3
    endloop
  endfacet
  facet normal 0 0 1
    outer loop
      vertex 4.3 61 3
      vertex 7.27773 64.4224 3
      vertex 7.03338 64.6037 3
    endloop
  endfacet
  facet normal 0 0 1
    outer loop
      vertex 7.81368 11.864 3
      vertex 4.3 15 3
      vertex 7.53867 11.734 3
    endloop
  endfacet
  facet normal 0 0 1
    outer loop
      vertex 4.3 61 3
      vertex 7.03338 64.6037 3
      vertex 6.80797 64.808 3
    endloop
  endfacet
  facet normal 0 0 1
    outer loop
      vertex 7.53867 11.734 3
      vertex 4.3 15 3
      vertex 7.27773 11.5776 3
    endloop
  endfacet
  facet normal 0 0 1
    outer loop
      vertex 4.3 61 3
      vertex 6.80797 64.808 3
      vertex 6.60367 65.0334 3
    endloop
  endfacet
  facet normal 0 0 1
    outer loop
      vertex 7.27773 11.5776 3
      vertex 4.3 15 3
      vertex 7.03338 11.3963 3
    endloop
  endfacet
  facet normal 0 0 1
    outer loop
      vertex 4.3 61 3
      vertex 6.60367 65.0334 3
      vertex 6.42244 65.2777 3
    endloop
  endfacet
  facet normal 0 0 1
    outer loop
      vertex 7.03338 11.3963 3
      vertex 4.3 15 3
      vertex 6.80797 11.192 3
    endloop
  endfacet
  facet normal 0 0 1
    outer loop
      vertex 4.3 61 3
      vertex 6.42244 65.2777 3
      vertex 6.26604 65.5387 3
    endloop
  endfacet
  facet normal 0 0 1
    outer loop
      vertex 6.80797 11.192 3
      vertex 4.3 15 3
      vertex 6.60367 10.9666 3
    endloop
  endfacet
  facet normal 0 0 1
    outer loop
      vertex 2.9 61 3
      vertex 6.26604 65.5387 3
      vertex 6.13597 65.8137 3
    endloop
  endfacet
  facet normal 0 0 1
    outer loop
      vertex 6.60367 10.9666 3
      vertex 4.3 15 3
      vertex 6.42244 10.7223 3
    endloop
  endfacet
  facet normal 0 0 1
    outer loop
      vertex 2.9 61 3
      vertex 6.13597 65.8137 3
      vertex 6.03348 66.1001 3
    endloop
  endfacet
  facet normal 0 0 1
    outer loop
      vertex 6.42244 10.7223 3
      vertex 4.3 15 3
      vertex 6.26604 10.4613 3
    endloop
  endfacet
  facet normal 0 0 1
    outer loop
      vertex 2.9 61 3
      vertex 6.03348 66.1001 3
      vertex 5.95957 66.3952 3
    endloop
  endfacet
  facet normal -0 0 1
    outer loop
      vertex 2.9 15 3
      vertex 6.26604 10.4613 3
      vertex 4.3 15 3
    endloop
  endfacet
  facet normal 0 0 1
    outer loop
      vertex 2.9 61 3
      vertex 5.95957 66.3952 3
      vertex 5.91493 66.6961 3
    endloop
  endfacet
  facet normal 0 0 1
    outer loop
      vertex 6.26604 10.4613 3
      vertex 2.9 15 3
      vertex 6.13597 10.1863 3
    endloop
  endfacet
  facet normal 0 0 1
    outer loop
      vertex 0 72 3
      vertex 5.91493 66.6961 3
      vertex 5.9 67 3
    endloop
  endfacet
  facet normal 0 0 1
    outer loop
      vertex 6.13597 10.1863 3
      vertex 2.9 15 3
      vertex 6.03348 9.89988 3
    endloop
  endfacet
  facet normal 0 0 1
    outer loop
      vertex 42 76 3
      vertex 15 73.1 3
      vertex 42 73.1 3
    endloop
  endfacet
  facet normal 0 0 1
    outer loop
      vertex 10.4613 69.734 3
      vertex 15 71.7 3
      vertex 15 73.1 3
    endloop
  endfacet
  facet normal 0 0 1
    outer loop
      vertex 12.0851 66.6961 3
      vertex 15 71.7 3
      vertex 12.1 67 3
    endloop
  endfacet
  facet normal 0 0 1
    outer loop
      vertex 11.734 65.5387 3
      vertex 80.266 65.5387 3
      vertex 11.864 65.8137 3
    endloop
  endfacet
  facet normal 0 0 1
    outer loop
      vertex 15 71.7 3
      vertex 12.0851 67.3039 3
      vertex 12.1 67 3
    endloop
  endfacet
  facet normal 0 0 1
    outer loop
      vertex 15 71.7 3
      vertex 12.0404 67.6048 3
      vertex 12.0851 67.3039 3
    endloop
  endfacet
  facet normal 0 0 1
    outer loop
      vertex 15 71.7 3
      vertex 11.9665 67.8999 3
      vertex 12.0404 67.6048 3
    endloop
  endfacet
  facet normal 0 0 1
    outer loop
      vertex 15 71.7 3
      vertex 11.864 68.1863 3
      vertex 11.9665 67.8999 3
    endloop
  endfacet
  facet normal 0 0 1
    outer loop
      vertex 15 71.7 3
      vertex 11.734 68.4613 3
      vertex 11.864 68.1863 3
    endloop
  endfacet
  facet normal 0 0 1
    outer loop
      vertex 15 71.7 3
      vertex 11.5776 68.7223 3
      vertex 11.734 68.4613 3
    endloop
  endfacet
  facet normal 0 0 1
    outer loop
      vertex 15 71.7 3
      vertex 11.3963 68.9666 3
      vertex 11.5776 68.7223 3
    endloop
  endfacet
  facet normal 0 0 1
    outer loop
      vertex 15 71.7 3
      vertex 11.192 69.192 3
      vertex 11.3963 68.9666 3
    endloop
  endfacet
  facet normal 0 0 1
    outer loop
      vertex 15 71.7 3
      vertex 10.9666 69.3963 3
      vertex 11.192 69.192 3
    endloop
  endfacet
  facet normal 0 0 1
    outer loop
      vertex 15 71.7 3
      vertex 10.7223 69.5776 3
      vertex 10.9666 69.3963 3
    endloop
  endfacet
  facet normal 0 0 1
    outer loop
      vertex 15 71.7 3
      vertex 10.4613 69.734 3
      vertex 10.7223 69.5776 3
    endloop
  endfacet
  facet normal 0 0 1
    outer loop
      vertex 15 73.1 3
      vertex 10.1863 69.864 3
      vertex 10.4613 69.734 3
    endloop
  endfacet
  facet normal 0 0 1
    outer loop
      vertex 15 73.1 3
      vertex 9.89988 69.9665 3
      vertex 10.1863 69.864 3
    endloop
  endfacet
  facet normal 0 0 1
    outer loop
      vertex 15 73.1 3
      vertex 9.60478 70.0404 3
      vertex 9.89988 69.9665 3
    endloop
  endfacet
  facet normal 0 0 1
    outer loop
      vertex 15 73.1 3
      vertex 9.30385 70.0851 3
      vertex 9.60478 70.0404 3
    endloop
  endfacet
  facet normal 0 0 1
    outer loop
      vertex 4 76 3
      vertex 9.30385 70.0851 3
      vertex 15 73.1 3
    endloop
  endfacet
  facet normal 0 0 1
    outer loop
      vertex 9.30385 70.0851 3
      vertex 4 76 3
      vertex 9 70.1 3
    endloop
  endfacet
  facet normal 0 0 1
    outer loop
      vertex 9 70.1 3
      vertex 4 76 3
      vertex 8.69615 70.0851 3
    endloop
  endfacet
  facet normal 0 0 1
    outer loop
      vertex 8.69615 70.0851 3
      vertex 4 76 3
      vertex 8.39522 70.0404 3
    endloop
  endfacet
  facet normal 0 0 1
    outer loop
      vertex 8.39522 70.0404 3
      vertex 4 76 3
      vertex 8.10012 69.9665 3
    endloop
  endfacet
  facet normal 0 0 1
    outer loop
      vertex 6.03348 9.89988 3
      vertex 2.9 15 3
      vertex 5.95957 9.60478 3
    endloop
  endfacet
  facet normal 0 0 1
    outer loop
      vertex 0 72 3
      vertex 5.9 67 3
      vertex 5.91493 67.3039 3
    endloop
  endfacet
  facet normal 0 0 1
    outer loop
      vertex 0 72 3
      vertex 5.91493 67.3039 3
      vertex 5.95957 67.6048 3
    endloop
  endfacet
  facet normal 0 0 1
    outer loop
      vertex 0 72 3
      vertex 5.95957 67.6048 3
      vertex 6.03348 67.8999 3
    endloop
  endfacet
  facet normal -0 0 1
    outer loop
      vertex 4 76 3
      vertex 15 73.1 3
      vertex 42 76 3
    endloop
  endfacet
  facet normal 0 0 1
    outer loop
      vertex 8.10012 69.9665 3
      vertex 4 76 3
      vertex 7.81368 69.864 3
    endloop
  endfacet
  facet normal 0 0 1
    outer loop
      vertex 4 76 3
      vertex 7.53867 69.734 3
      vertex 7.81368 69.864 3
    endloop
  endfacet
  facet normal 0 0 1
    outer loop
      vertex 4 76 3
      vertex 7.27773 69.5776 3
      vertex 7.53867 69.734 3
    endloop
  endfacet
  facet normal 0 0 1
    outer loop
      vertex 4 76 3
      vertex 7.03338 69.3963 3
      vertex 7.27773 69.5776 3
    endloop
  endfacet
  facet normal 0 0 1
    outer loop
      vertex 4 76 3
      vertex 6.80797 69.192 3
      vertex 7.03338 69.3963 3
    endloop
  endfacet
  facet normal -0 0 1
    outer loop
      vertex 0 72 3
      vertex 6.80797 69.192 3
      vertex 4 76 3
    endloop
  endfacet
  facet normal 0 0 1
    outer loop
      vertex 6.80797 69.192 3
      vertex 0 72 3
      vertex 6.60367 68.9666 3
    endloop
  endfacet
  facet normal 0 0 1
    outer loop
      vertex 6.60367 68.9666 3
      vertex 0 72 3
      vertex 6.42244 68.7223 3
    endloop
  endfacet
  facet normal 0 0 1
    outer loop
      vertex 6.42244 68.7223 3
      vertex 0 72 3
      vertex 6.26604 68.4613 3
    endloop
  endfacet
  facet normal 0 0 1
    outer loop
      vertex 6.26604 68.4613 3
      vertex 0 72 3
      vertex 6.13597 68.1863 3
    endloop
  endfacet
  facet normal 0 0 1
    outer loop
      vertex 6.13597 68.1863 3
      vertex 0 72 3
      vertex 6.03348 67.8999 3
    endloop
  endfacet
  facet normal 0 0 1
    outer loop
      vertex 0 72 3
      vertex 4 76 3
      vertex 3.60793 75.9807 3
    endloop
  endfacet
  facet normal 0 0 1
    outer loop
      vertex 0 72 3
      vertex 3.60793 75.9807 3
      vertex 3.21964 75.9231 3
    endloop
  endfacet
  facet normal 0 0 1
    outer loop
      vertex 5.91493 66.6961 3
      vertex 0 72 3
      vertex 2.9 61 3
    endloop
  endfacet
  facet normal 0 0 1
    outer loop
      vertex 6.26604 65.5387 3
      vertex 2.9 61 3
      vertex 4.3 61 3
    endloop
  endfacet
  facet normal 0 0 1
    outer loop
      vertex 0 72 3
      vertex 3.21964 75.9231 3
      vertex 2.83886 75.8278 3
    endloop
  endfacet
  facet normal 0 0 1
    outer loop
      vertex 80.266 10.4613 3
      vertex 15 4.3 3
      vertex 80.136 10.1863 3
    endloop
  endfacet
  facet normal 0 0 1
    outer loop
      vertex 80.136 10.1863 3
      vertex 15 4.3 3
      vertex 77 4.3 3
    endloop
  endfacet
  facet normal -0 0 1
    outer loop
      vertex 85.864 65.8137 3
      vertex 89.1 61 3
      vertex 85.9665 66.1001 3
    endloop
  endfacet
  facet normal 0 0 1
    outer loop
      vertex 87.7 15 3
      vertex 86.0851 9.30385 3
      vertex 86.1 9 3
    endloop
  endfacet
  facet normal -0 0 1
    outer loop
      vertex 85.734 65.5387 3
      vertex 89.1 61 3
      vertex 85.864 65.8137 3
    endloop
  endfacet
  facet normal 0 0 1
    outer loop
      vertex 87.7 15 3
      vertex 86.0404 9.60478 3
      vertex 86.0851 9.30385 3
    endloop
  endfacet
  facet normal 0 0 1
    outer loop
      vertex 89.1 61 3
      vertex 85.734 65.5387 3
      vertex 87.7 61 3
    endloop
  endfacet
  facet normal 0 0 1
    outer loop
      vertex 87.7 15 3
      vertex 85.9665 9.89988 3
      vertex 86.0404 9.60478 3
    endloop
  endfacet
  facet normal -0 0 1
    outer loop
      vertex 85.5776 65.2777 3
      vertex 87.7 61 3
      vertex 85.734 65.5387 3
    endloop
  endfacet
  facet normal 0 0 1
    outer loop
      vertex 87.7 15 3
      vertex 85.864 10.1863 3
      vertex 85.9665 9.89988 3
    endloop
  endfacet
  facet normal -0 0 1
    outer loop
      vertex 85.3963 65.0334 3
      vertex 87.7 61 3
      vertex 85.5776 65.2777 3
    endloop
  endfacet
  facet normal 0 0 1
    outer loop
      vertex 87.7 15 3
      vertex 85.734 10.4613 3
      vertex 85.864 10.1863 3
    endloop
  endfacet
  facet normal -0 0 1
    outer loop
      vertex 85.192 64.808 3
      vertex 87.7 61 3
      vertex 85.3963 65.0334 3
    endloop
  endfacet
  facet normal 0 0 1
    outer loop
      vertex 87.7 15 3
      vertex 85.5776 10.7223 3
      vertex 85.734 10.4613 3
    endloop
  endfacet
  facet normal -0 0 1
    outer loop
      vertex 84.9666 64.6037 3
      vertex 87.7 61 3
      vertex 85.192 64.808 3
    endloop
  endfacet
  facet normal 0 0 1
    outer loop
      vertex 87.7 15 3
      vertex 85.3963 10.9666 3
      vertex 85.5776 10.7223 3
    endloop
  endfacet
  facet normal -0 0 1
    outer loop
      vertex 84.7223 64.4224 3
      vertex 87.7 61 3
      vertex 84.9666 64.6037 3
    endloop
  endfacet
  facet normal 0 0 1
    outer loop
      vertex 87.7 15 3
      vertex 85.192 11.192 3
      vertex 85.3963 10.9666 3
    endloop
  endfacet
  facet normal -0 0 1
    outer loop
      vertex 84.4613 64.266 3
      vertex 87.7 61 3
      vertex 84.7223 64.4224 3
    endloop
  endfacet
  facet normal 0 0 1
    outer loop
      vertex 87.7 15 3
      vertex 84.9666 11.3963 3
      vertex 85.192 11.192 3
    endloop
  endfacet
  facet normal -0 0 1
    outer loop
      vertex 84.1863 64.136 3
      vertex 87.7 61 3
      vertex 84.4613 64.266 3
    endloop
  endfacet
  facet normal 0 0 1
    outer loop
      vertex 87.7 15 3
      vertex 84.7223 11.5776 3
      vertex 84.9666 11.3963 3
    endloop
  endfacet
  facet normal -0 0 1
    outer loop
      vertex 83.8999 64.0335 3
      vertex 87.7 61 3
      vertex 84.1863 64.136 3
    endloop
  endfacet
  facet normal 0 0 1
    outer loop
      vertex 87.7 15 3
      vertex 84.4613 11.734 3
      vertex 84.7223 11.5776 3
    endloop
  endfacet
  facet normal -0 0 1
    outer loop
      vertex 83.6048 63.9596 3
      vertex 87.7 61 3
      vertex 83.8999 64.0335 3
    endloop
  endfacet
  facet normal 0 0 1
    outer loop
      vertex 87.7 15 3
      vertex 84.1863 11.864 3
      vertex 84.4613 11.734 3
    endloop
  endfacet
  facet normal -0 0 1
    outer loop
      vertex 83.3039 63.9149 3
      vertex 87.7 61 3
      vertex 83.6048 63.9596 3
    endloop
  endfacet
  facet normal 0 0 1
    outer loop
      vertex 87.7 15 3
      vertex 83.8999 11.9665 3
      vertex 84.1863 11.864 3
    endloop
  endfacet
  facet normal -0 0 1
    outer loop
      vertex 83 63.9 3
      vertex 87.7 61 3
      vertex 83.3039 63.9149 3
    endloop
  endfacet
  facet normal 0 0 1
    outer loop
      vertex 87.7 15 3
      vertex 83.6048 12.0404 3
      vertex 83.8999 11.9665 3
    endloop
  endfacet
  facet normal 0 0 1
    outer loop
      vertex 82.6961 63.9149 3
      vertex 87.7 61 3
      vertex 83 63.9 3
    endloop
  endfacet
  facet normal 0 0 1
    outer loop
      vertex 87.7 15 3
      vertex 83.3039 12.0851 3
      vertex 83.6048 12.0404 3
    endloop
  endfacet
  facet normal 0 0 1
    outer loop
      vertex 82.3952 63.9596 3
      vertex 87.7 61 3
      vertex 82.6961 63.9149 3
    endloop
  endfacet
  facet normal 0 0 1
    outer loop
      vertex 87.7 15 3
      vertex 83 12.1 3
      vertex 83.3039 12.0851 3
    endloop
  endfacet
  facet normal 0 0 1
    outer loop
      vertex 82.1001 64.0335 3
      vertex 87.7 61 3
      vertex 82.3952 63.9596 3
    endloop
  endfacet
  facet normal 0 0 1
    outer loop
      vertex 87.7 15 3
      vertex 82.6961 12.0851 3
      vertex 83 12.1 3
    endloop
  endfacet
  facet normal 0 0 1
    outer loop
      vertex 81.8137 64.136 3
      vertex 87.7 61 3
      vertex 82.1001 64.0335 3
    endloop
  endfacet
  facet normal 0 0 1
    outer loop
      vertex 87.7 15 3
      vertex 82.3952 12.0404 3
      vertex 82.6961 12.0851 3
    endloop
  endfacet
  facet normal 0 0 1
    outer loop
      vertex 87.7 61 3
      vertex 81.8137 64.136 3
      vertex 87.7 15 3
    endloop
  endfacet
  facet normal 0 0 1
    outer loop
      vertex 87.7 15 3
      vertex 82.1001 11.9665 3
      vertex 82.3952 12.0404 3
    endloop
  endfacet
  facet normal 0 0 1
    outer loop
      vertex 81.8137 11.864 3
      vertex 87.7 15 3
      vertex 81.8137 64.136 3
    endloop
  endfacet
  facet normal 0 0 1
    outer loop
      vertex 87.7 15 3
      vertex 81.8137 11.864 3
      vertex 82.1001 11.9665 3
    endloop
  endfacet
  facet normal 0 0 1
    outer loop
      vertex 81.5387 64.266 3
      vertex 81.8137 11.864 3
      vertex 81.8137 64.136 3
    endloop
  endfacet
  facet normal 0 0 1
    outer loop
      vertex 81.5387 64.266 3
      vertex 81.5387 11.734 3
      vertex 81.8137 11.864 3
    endloop
  endfacet
  facet normal 0 0 1
    outer loop
      vertex 81.2777 64.4224 3
      vertex 81.5387 11.734 3
      vertex 81.5387 64.266 3
    endloop
  endfacet
  facet normal 0 0 1
    outer loop
      vertex 81.2777 64.4224 3
      vertex 81.2777 11.5776 3
      vertex 81.5387 11.734 3
    endloop
  endfacet
  facet normal 0 0 1
    outer loop
      vertex 81.0334 64.6037 3
      vertex 81.2777 11.5776 3
      vertex 81.2777 64.4224 3
    endloop
  endfacet
  facet normal 0 0 1
    outer loop
      vertex 81.0334 64.6037 3
      vertex 81.0334 11.3963 3
      vertex 81.2777 11.5776 3
    endloop
  endfacet
  facet normal 0 0 1
    outer loop
      vertex 80.808 64.808 3
      vertex 81.0334 11.3963 3
      vertex 81.0334 64.6037 3
    endloop
  endfacet
  facet normal 0 0 1
    outer loop
      vertex 80.808 64.808 3
      vertex 80.808 11.192 3
      vertex 81.0334 11.3963 3
    endloop
  endfacet
  facet normal 0 0 1
    outer loop
      vertex 80.6037 65.0334 3
      vertex 80.808 11.192 3
      vertex 80.808 64.808 3
    endloop
  endfacet
  facet normal 0 0 1
    outer loop
      vertex 80.6037 65.0334 3
      vertex 80.6037 10.9666 3
      vertex 80.808 11.192 3
    endloop
  endfacet
  facet normal 0 0 1
    outer loop
      vertex 11.864 65.8137 3
      vertex 15 71.7 3
      vertex 11.9665 66.1001 3
    endloop
  endfacet
  facet normal 0 0 1
    outer loop
      vertex 15 71.7 3
      vertex 11.864 65.8137 3
      vertex 80.136 65.8137 3
    endloop
  endfacet
  facet normal 0 0 1
    outer loop
      vertex 11.9665 66.1001 3
      vertex 15 71.7 3
      vertex 12.0404 66.3952 3
    endloop
  endfacet
  facet normal 0 0 1
    outer loop
      vertex 80.136 65.8137 3
      vertex 11.864 65.8137 3
      vertex 80.266 65.5387 3
    endloop
  endfacet
  facet normal 0 0 1
    outer loop
      vertex 12.0404 66.3952 3
      vertex 15 71.7 3
      vertex 12.0851 66.6961 3
    endloop
  endfacet
  facet normal 0 0 1
    outer loop
      vertex 80.6037 10.9666 3
      vertex 15 4.3 3
      vertex 80.4224 10.7223 3
    endloop
  endfacet
  facet normal 0 0 1
    outer loop
      vertex 77 71.7 3
      vertex 80.136 65.8137 3
      vertex 80.0335 66.1001 3
    endloop
  endfacet
  facet normal -0 0 1
    outer loop
      vertex 15 71.7 3
      vertex 80.136 65.8137 3
      vertex 77 71.7 3
    endloop
  endfacet
  facet normal 0 0 1
    outer loop
      vertex 77 71.7 3
      vertex 80.0335 66.1001 3
      vertex 79.9596 66.3952 3
    endloop
  endfacet
  facet normal 0 0 1
    outer loop
      vertex 80.4224 10.7223 3
      vertex 15 4.3 3
      vertex 80.266 10.4613 3
    endloop
  endfacet
  facet normal 0 0 1
    outer loop
      vertex 77 71.7 3
      vertex 79.9596 66.3952 3
      vertex 79.9149 66.6961 3
    endloop
  endfacet
  facet normal 0 0 1
    outer loop
      vertex 80.136 10.1863 3
      vertex 77 4.3 3
      vertex 80.0335 9.89988 3
    endloop
  endfacet
  facet normal 0 0 1
    outer loop
      vertex 77 71.7 3
      vertex 79.9149 66.6961 3
      vertex 79.9 67 3
    endloop
  endfacet
  facet normal 0 0 1
    outer loop
      vertex 80.0335 9.89988 3
      vertex 77 4.3 3
      vertex 79.9596 9.60478 3
    endloop
  endfacet
  facet normal 0 0 1
    outer loop
      vertex 85.192 69.192 3
      vertex 92 72 3
      vertex 91.9807 72.3921 3
    endloop
  endfacet
  facet normal 0 0 1
    outer loop
      vertex 92 72 3
      vertex 89.1 61 3
      vertex 92 4 3
    endloop
  endfacet
  facet normal 0 0 1
    outer loop
      vertex 85.192 69.192 3
      vertex 91.9807 72.3921 3
      vertex 91.9231 72.7804 3
    endloop
  endfacet
  facet normal -0 0 1
    outer loop
      vertex 89.1 15 3
      vertex 92 4 3
      vertex 89.1 61 3
    endloop
  endfacet
  facet normal 0 0 1
    outer loop
      vertex 85.192 69.192 3
      vertex 91.9231 72.7804 3
      vertex 91.8278 73.1611 3
    endloop
  endfacet
  facet normal -0 0 1
    outer loop
      vertex 86.1 9 3
      vertex 92 4 3
      vertex 89.1 15 3
    endloop
  endfacet
  facet normal 0 0 1
    outer loop
      vertex 85.192 69.192 3
      vertex 91.8278 73.1611 3
      vertex 91.6955 73.5307 3
    endloop
  endfacet
  facet normal -0 0 1
    outer loop
      vertex 86.0851 8.69615 3
      vertex 92 4 3
      vertex 86.1 9 3
    endloop
  endfacet
  facet normal 0 0 1
    outer loop
      vertex 85.192 69.192 3
      vertex 91.6955 73.5307 3
      vertex 91.5277 73.8856 3
    endloop
  endfacet
  facet normal -0 0 1
    outer loop
      vertex 86.0404 8.39522 3
      vertex 92 4 3
      vertex 86.0851 8.69615 3
    endloop
  endfacet
  facet normal 0 0 1
    outer loop
      vertex 85.192 69.192 3
      vertex 91.5277 73.8856 3
      vertex 91.3259 74.2223 3
    endloop
  endfacet
  facet normal -0 0 1
    outer loop
      vertex 85.9665 8.10012 3
      vertex 92 4 3
      vertex 86.0404 8.39522 3
    endloop
  endfacet
  facet normal 0 0 1
    outer loop
      vertex 85.192 69.192 3
      vertex 91.3259 74.2223 3
      vertex 91.092 74.5376 3
    endloop
  endfacet
  facet normal -0 0 1
    outer loop
      vertex 85.864 7.81368 3
      vertex 92 4 3
      vertex 85.9665 8.10012 3
    endloop
  endfacet
  facet normal 0 0 1
    outer loop
      vertex 85.192 69.192 3
      vertex 91.092 74.5376 3
      vertex 90.8284 74.8284 3
    endloop
  endfacet
  facet normal -0 0 1
    outer loop
      vertex 85.734 7.53867 3
      vertex 92 4 3
      vertex 85.864 7.81368 3
    endloop
  endfacet
  facet normal 0 0 1
    outer loop
      vertex 85.192 69.192 3
      vertex 90.8284 74.8284 3
      vertex 90.5376 75.092 3
    endloop
  endfacet
  facet normal -0 0 1
    outer loop
      vertex 85.5776 7.27773 3
      vertex 92 4 3
      vertex 85.734 7.53867 3
    endloop
  endfacet
  facet normal 0 0 1
    outer loop
      vertex 85.192 69.192 3
      vertex 90.5376 75.092 3
      vertex 90.2223 75.3259 3
    endloop
  endfacet
  facet normal -0 0 1
    outer loop
      vertex 85.3963 7.03338 3
      vertex 92 4 3
      vertex 85.5776 7.27773 3
    endloop
  endfacet
  facet normal 0 0 1
    outer loop
      vertex 85.192 69.192 3
      vertex 90.2223 75.3259 3
      vertex 89.8856 75.5277 3
    endloop
  endfacet
  facet normal -0 0 1
    outer loop
      vertex 85.192 6.80797 3
      vertex 92 4 3
      vertex 85.3963 7.03338 3
    endloop
  endfacet
  facet normal 0 0 1
    outer loop
      vertex 85.192 69.192 3
      vertex 89.8856 75.5277 3
      vertex 89.5307 75.6955 3
    endloop
  endfacet
  facet normal 0 0 1
    outer loop
      vertex 91.9807 3.60793 3
      vertex 85.192 6.80797 3
      vertex 91.9231 3.21964 3
    endloop
  endfacet
  facet normal 0 0 1
    outer loop
      vertex 85.192 69.192 3
      vertex 89.5307 75.6955 3
      vertex 89.1611 75.8278 3
    endloop
  endfacet
  facet normal 0 0 1
    outer loop
      vertex 91.9231 3.21964 3
      vertex 85.192 6.80797 3
      vertex 91.8278 2.83886 3
    endloop
  endfacet
  facet normal 0 0 1
    outer loop
      vertex 91.8278 2.83886 3
      vertex 85.192 6.80797 3
      vertex 91.6955 2.46927 3
    endloop
  endfacet
  facet normal 0 0 1
    outer loop
      vertex 85.192 69.192 3
      vertex 89.1611 75.8278 3
      vertex 88.7804 75.9231 3
    endloop
  endfacet
  facet normal 0 0 1
    outer loop
      vertex 85.192 69.192 3
      vertex 88.7804 75.9231 3
      vertex 88.3921 75.9807 3
    endloop
  endfacet
  facet normal 0 0 1
    outer loop
      vertex 85.192 69.192 3
      vertex 88.3921 75.9807 3
      vertex 88 76 3
    endloop
  endfacet
  facet normal 0 0 1
    outer loop
      vertex 92 72 3
      vertex 86.0851 67.3039 3
      vertex 86.1 67 3
    endloop
  endfacet
  facet normal -0 0 1
    outer loop
      vertex 86.0404 66.3952 3
      vertex 89.1 61 3
      vertex 86.0851 66.6961 3
    endloop
  endfacet
  facet normal 0 0 1
    outer loop
      vertex 86.0851 66.6961 3
      vertex 92 72 3
      vertex 86.1 67 3
    endloop
  endfacet
  facet normal 0 0 1
    outer loop
      vertex 92 72 3
      vertex 86.0851 66.6961 3
      vertex 89.1 61 3
    endloop
  endfacet
  facet normal 0 0 1
    outer loop
      vertex 92 72 3
      vertex 86.0404 67.6048 3
      vertex 86.0851 67.3039 3
    endloop
  endfacet
  facet normal 0 0 1
    outer loop
      vertex 92 72 3
      vertex 85.9665 67.8999 3
      vertex 86.0404 67.6048 3
    endloop
  endfacet
  facet normal 0 0 1
    outer loop
      vertex 92 72 3
      vertex 85.864 68.1863 3
      vertex 85.9665 67.8999 3
    endloop
  endfacet
  facet normal 0 0 1
    outer loop
      vertex 92 72 3
      vertex 85.734 68.4613 3
      vertex 85.864 68.1863 3
    endloop
  endfacet
  facet normal 0 0 1
    outer loop
      vertex 92 72 3
      vertex 85.5776 68.7223 3
      vertex 85.734 68.4613 3
    endloop
  endfacet
  facet normal 0 0 1
    outer loop
      vertex 92 72 3
      vertex 85.3963 68.9666 3
      vertex 85.5776 68.7223 3
    endloop
  endfacet
  facet normal 0 0 1
    outer loop
      vertex 92 72 3
      vertex 85.192 69.192 3
      vertex 85.3963 68.9666 3
    endloop
  endfacet
  facet normal 0 0 1
    outer loop
      vertex 88 76 3
      vertex 84.9666 69.3963 3
      vertex 85.192 69.192 3
    endloop
  endfacet
  facet normal 0 0 1
    outer loop
      vertex 88 76 3
      vertex 84.7223 69.5776 3
      vertex 84.9666 69.3963 3
    endloop
  endfacet
  facet normal 0 0 1
    outer loop
      vertex 88 76 3
      vertex 84.4613 69.734 3
      vertex 84.7223 69.5776 3
    endloop
  endfacet
  facet normal 0 0 1
    outer loop
      vertex 88 76 3
      vertex 84.1863 69.864 3
      vertex 84.4613 69.734 3
    endloop
  endfacet
  facet normal 0 0 1
    outer loop
      vertex 88 76 3
      vertex 83.8999 69.9665 3
      vertex 84.1863 69.864 3
    endloop
  endfacet
  facet normal 0 0 1
    outer loop
      vertex 88 76 3
      vertex 83.6048 70.0404 3
      vertex 83.8999 69.9665 3
    endloop
  endfacet
  facet normal 0 0 1
    outer loop
      vertex 88 76 3
      vertex 83.3039 70.0851 3
      vertex 83.6048 70.0404 3
    endloop
  endfacet
  facet normal 0 0 1
    outer loop
      vertex 88 76 3
      vertex 83 70.1 3
      vertex 83.3039 70.0851 3
    endloop
  endfacet
  facet normal 0 0 1
    outer loop
      vertex 88 76 3
      vertex 82.6961 70.0851 3
      vertex 83 70.1 3
    endloop
  endfacet
  facet normal -0 0 1
    outer loop
      vertex 77 73.1 3
      vertex 82.6961 70.0851 3
      vertex 88 76 3
    endloop
  endfacet
  facet normal 0 0 1
    outer loop
      vertex 82.6961 70.0851 3
      vertex 77 73.1 3
      vertex 82.3952 70.0404 3
    endloop
  endfacet
  facet normal 0 0 1
    outer loop
      vertex 82.3952 70.0404 3
      vertex 77 73.1 3
      vertex 82.1001 69.9665 3
    endloop
  endfacet
  facet normal 0 0 1
    outer loop
      vertex 82.1001 69.9665 3
      vertex 77 73.1 3
      vertex 81.8137 69.864 3
    endloop
  endfacet
  facet normal 0 0 1
    outer loop
      vertex 81.8137 69.864 3
      vertex 77 73.1 3
      vertex 81.5387 69.734 3
    endloop
  endfacet
  facet normal -0 0 1
    outer loop
      vertex 77 71.7 3
      vertex 81.5387 69.734 3
      vertex 77 73.1 3
    endloop
  endfacet
  facet normal 0 0 1
    outer loop
      vertex 81.5387 69.734 3
      vertex 77 71.7 3
      vertex 81.2777 69.5776 3
    endloop
  endfacet
  facet normal 0 0 1
    outer loop
      vertex 79.9149 67.3039 3
      vertex 77 71.7 3
      vertex 79.9 67 3
    endloop
  endfacet
  facet normal 0 0 1
    outer loop
      vertex 79.9596 67.6048 3
      vertex 77 71.7 3
      vertex 79.9149 67.3039 3
    endloop
  endfacet
  facet normal 0 0 1
    outer loop
      vertex 80.0335 67.8999 3
      vertex 77 71.7 3
      vertex 79.9596 67.6048 3
    endloop
  endfacet
  facet normal 0 0 1
    outer loop
      vertex 80.136 68.1863 3
      vertex 77 71.7 3
      vertex 80.0335 67.8999 3
    endloop
  endfacet
  facet normal 0 0 1
    outer loop
      vertex 80.266 68.4613 3
      vertex 77 71.7 3
      vertex 80.136 68.1863 3
    endloop
  endfacet
  facet normal 0 0 1
    outer loop
      vertex 80.4224 68.7223 3
      vertex 77 71.7 3
      vertex 80.266 68.4613 3
    endloop
  endfacet
  facet normal 0 0 1
    outer loop
      vertex 80.6037 68.9666 3
      vertex 77 71.7 3
      vertex 80.4224 68.7223 3
    endloop
  endfacet
  facet normal 0 0 1
    outer loop
      vertex 80.808 69.192 3
      vertex 77 71.7 3
      vertex 80.6037 68.9666 3
    endloop
  endfacet
  facet normal 0 0 1
    outer loop
      vertex 81.0334 69.3963 3
      vertex 77 71.7 3
      vertex 80.808 69.192 3
    endloop
  endfacet
  facet normal 0 0 1
    outer loop
      vertex 81.2777 69.5776 3
      vertex 77 71.7 3
      vertex 81.0334 69.3963 3
    endloop
  endfacet
  facet normal -0 0 1
    outer loop
      vertex 50 76 3
      vertex 77 73.1 3
      vertex 88 76 3
    endloop
  endfacet
  facet normal 0 0 1
    outer loop
      vertex 77 73.1 3
      vertex 50 76 3
      vertex 50 73.1 3
    endloop
  endfacet
  facet normal 0 0 1
    outer loop
      vertex 91.6955 2.46927 3
      vertex 85.192 6.80797 3
      vertex 91.5277 2.11441 3
    endloop
  endfacet
  facet normal 0 0 1
    outer loop
      vertex 91.5277 2.11441 3
      vertex 85.192 6.80797 3
      vertex 91.3259 1.77772 3
    endloop
  endfacet
  facet normal 0 0 1
    outer loop
      vertex 91.3259 1.77772 3
      vertex 85.192 6.80797 3
      vertex 91.092 1.46243 3
    endloop
  endfacet
  facet normal 0 0 1
    outer loop
      vertex 91.092 1.46243 3
      vertex 85.192 6.80797 3
      vertex 90.8284 1.17157 3
    endloop
  endfacet
  facet normal 0 0 1
    outer loop
      vertex 86.1 9 3
      vertex 89.1 15 3
      vertex 87.7 15 3
    endloop
  endfacet
  facet normal -0 0 1
    outer loop
      vertex 85.9665 66.1001 3
      vertex 89.1 61 3
      vertex 86.0404 66.3952 3
    endloop
  endfacet
  facet normal 0 0 1
    outer loop
      vertex 92 4 3
      vertex 85.192 6.80797 3
      vertex 91.9807 3.60793 3
    endloop
  endfacet
  facet normal 0 0 1
    outer loop
      vertex 90.8284 1.17157 3
      vertex 85.192 6.80797 3
      vertex 90.5376 0.907958 3
    endloop
  endfacet
  facet normal 0 0 1
    outer loop
      vertex 90.5376 0.907958 3
      vertex 85.192 6.80797 3
      vertex 90.2223 0.674121 3
    endloop
  endfacet
  facet normal 0 0 1
    outer loop
      vertex 90.2223 0.674121 3
      vertex 85.192 6.80797 3
      vertex 89.8856 0.472315 3
    endloop
  endfacet
  facet normal 0 0 1
    outer loop
      vertex 89.8856 0.472315 3
      vertex 85.192 6.80797 3
      vertex 89.5307 0.304482 3
    endloop
  endfacet
  facet normal 0 0 1
    outer loop
      vertex 89.5307 0.304482 3
      vertex 85.192 6.80797 3
      vertex 89.1611 0.172238 3
    endloop
  endfacet
  facet normal 0 0 1
    outer loop
      vertex 89.1611 0.172238 3
      vertex 85.192 6.80797 3
      vertex 88.7804 0.0768585 3
    endloop
  endfacet
  facet normal 0 0 1
    outer loop
      vertex 88.7804 0.0768585 3
      vertex 85.192 6.80797 3
      vertex 88.3921 0.0192604 3
    endloop
  endfacet
  facet normal 0 0 1
    outer loop
      vertex 88.3921 0.0192604 3
      vertex 85.192 6.80797 3
      vertex 88 0 3
    endloop
  endfacet
  facet normal -0 0 1
    outer loop
      vertex 84.9666 6.60367 3
      vertex 88 0 3
      vertex 85.192 6.80797 3
    endloop
  endfacet
  facet normal -0 0 1
    outer loop
      vertex 84.7223 6.42244 3
      vertex 88 0 3
      vertex 84.9666 6.60367 3
    endloop
  endfacet
  facet normal -0 0 1
    outer loop
      vertex 84.4613 6.26604 3
      vertex 88 0 3
      vertex 84.7223 6.42244 3
    endloop
  endfacet
  facet normal -0 0 1
    outer loop
      vertex 84.1863 6.13597 3
      vertex 88 0 3
      vertex 84.4613 6.26604 3
    endloop
  endfacet
  facet normal -0 0 1
    outer loop
      vertex 83.8999 6.03348 3
      vertex 88 0 3
      vertex 84.1863 6.13597 3
    endloop
  endfacet
  facet normal -0 0 1
    outer loop
      vertex 83.6048 5.95957 3
      vertex 88 0 3
      vertex 83.8999 6.03348 3
    endloop
  endfacet
  facet normal -0 0 1
    outer loop
      vertex 83.3039 5.91493 3
      vertex 88 0 3
      vertex 83.6048 5.95957 3
    endloop
  endfacet
  facet normal -0 0 1
    outer loop
      vertex 83 5.9 3
      vertex 88 0 3
      vertex 83.3039 5.91493 3
    endloop
  endfacet
  facet normal 0 0 1
    outer loop
      vertex 82.6961 5.91493 3
      vertex 88 0 3
      vertex 83 5.9 3
    endloop
  endfacet
  facet normal 0 0 1
    outer loop
      vertex 77 2.9 3
      vertex 82.6961 5.91493 3
      vertex 82.3952 5.95957 3
    endloop
  endfacet
  facet normal 0 0 1
    outer loop
      vertex 77 2.9 3
      vertex 82.3952 5.95957 3
      vertex 82.1001 6.03348 3
    endloop
  endfacet
  facet normal 0 0 1
    outer loop
      vertex 77 2.9 3
      vertex 82.1001 6.03348 3
      vertex 81.8137 6.13597 3
    endloop
  endfacet
  facet normal 0 0 1
    outer loop
      vertex 77 2.9 3
      vertex 81.8137 6.13597 3
      vertex 81.5387 6.26604 3
    endloop
  endfacet
  facet normal 0 0 1
    outer loop
      vertex 77 4.3 3
      vertex 81.5387 6.26604 3
      vertex 81.2777 6.42244 3
    endloop
  endfacet
  facet normal 0 0 1
    outer loop
      vertex 77 4.3 3
      vertex 81.2777 6.42244 3
      vertex 81.0334 6.60367 3
    endloop
  endfacet
  facet normal 0 0 1
    outer loop
      vertex 77 4.3 3
      vertex 81.0334 6.60367 3
      vertex 80.808 6.80797 3
    endloop
  endfacet
  facet normal 0 0 1
    outer loop
      vertex 79.9596 9.60478 3
      vertex 77 4.3 3
      vertex 79.9149 9.30385 3
    endloop
  endfacet
  facet normal 0 0 1
    outer loop
      vertex 79.9149 9.30385 3
      vertex 77 4.3 3
      vertex 79.9 9 3
    endloop
  endfacet
  facet normal 0 0 1
    outer loop
      vertex 77 4.3 3
      vertex 79.9149 8.69615 3
      vertex 79.9 9 3
    endloop
  endfacet
  facet normal 0 0 1
    outer loop
      vertex 77 4.3 3
      vertex 79.9596 8.39522 3
      vertex 79.9149 8.69615 3
    endloop
  endfacet
  facet normal 0 0 1
    outer loop
      vertex 77 4.3 3
      vertex 80.0335 8.10012 3
      vertex 79.9596 8.39522 3
    endloop
  endfacet
  facet normal 0 0 1
    outer loop
      vertex 77 4.3 3
      vertex 80.136 7.81368 3
      vertex 80.0335 8.10012 3
    endloop
  endfacet
  facet normal 0 0 1
    outer loop
      vertex 77 4.3 3
      vertex 80.266 7.53867 3
      vertex 80.136 7.81368 3
    endloop
  endfacet
  facet normal 0 0 1
    outer loop
      vertex 77 4.3 3
      vertex 80.4224 7.27773 3
      vertex 80.266 7.53867 3
    endloop
  endfacet
  facet normal 0 0 1
    outer loop
      vertex 77 4.3 3
      vertex 80.6037 7.03338 3
      vertex 80.4224 7.27773 3
    endloop
  endfacet
  facet normal 0 0 1
    outer loop
      vertex 77 4.3 3
      vertex 80.808 6.80797 3
      vertex 80.6037 7.03338 3
    endloop
  endfacet
  facet normal 0 0 1
    outer loop
      vertex 81.5387 6.26604 3
      vertex 77 4.3 3
      vertex 77 2.9 3
    endloop
  endfacet
  facet normal 0 0 1
    outer loop
      vertex 82.6961 5.91493 3
      vertex 77 2.9 3
      vertex 88 0 3
    endloop
  endfacet
  facet normal -0 0 1
    outer loop
      vertex 15 2.9 3
      vertex 88 0 3
      vertex 77 2.9 3
    endloop
  endfacet
  facet normal -0 0 1
    outer loop
      vertex 12.0851 8.69615 3
      vertex 15 4.3 3
      vertex 12.1 9 3
    endloop
  endfacet
  facet normal -0 0 1
    outer loop
      vertex 12.0404 8.39522 3
      vertex 15 4.3 3
      vertex 12.0851 8.69615 3
    endloop
  endfacet
  facet normal -0 0 1
    outer loop
      vertex 11.9665 8.10012 3
      vertex 15 4.3 3
      vertex 12.0404 8.39522 3
    endloop
  endfacet
  facet normal -0 0 1
    outer loop
      vertex 11.864 7.81368 3
      vertex 15 4.3 3
      vertex 11.9665 8.10012 3
    endloop
  endfacet
  facet normal -0 0 1
    outer loop
      vertex 11.734 7.53867 3
      vertex 15 4.3 3
      vertex 11.864 7.81368 3
    endloop
  endfacet
  facet normal -0 0 1
    outer loop
      vertex 11.5776 7.27773 3
      vertex 15 4.3 3
      vertex 11.734 7.53867 3
    endloop
  endfacet
  facet normal -0 0 1
    outer loop
      vertex 11.3963 7.03338 3
      vertex 15 4.3 3
      vertex 11.5776 7.27773 3
    endloop
  endfacet
  facet normal -0 0 1
    outer loop
      vertex 11.192 6.80797 3
      vertex 15 4.3 3
      vertex 11.3963 7.03338 3
    endloop
  endfacet
  facet normal -0 0 1
    outer loop
      vertex 10.9666 6.60367 3
      vertex 15 4.3 3
      vertex 11.192 6.80797 3
    endloop
  endfacet
  facet normal -0 0 1
    outer loop
      vertex 10.7223 6.42244 3
      vertex 15 4.3 3
      vertex 10.9666 6.60367 3
    endloop
  endfacet
  facet normal -0 0 1
    outer loop
      vertex 10.4613 6.26604 3
      vertex 15 4.3 3
      vertex 10.7223 6.42244 3
    endloop
  endfacet
  facet normal 0 0 1
    outer loop
      vertex 15 4.3 3
      vertex 10.4613 6.26604 3
      vertex 15 2.9 3
    endloop
  endfacet
  facet normal -0 0 1
    outer loop
      vertex 10.1863 6.13597 3
      vertex 15 2.9 3
      vertex 10.4613 6.26604 3
    endloop
  endfacet
  facet normal -0 0 1
    outer loop
      vertex 9.89988 6.03348 3
      vertex 15 2.9 3
      vertex 10.1863 6.13597 3
    endloop
  endfacet
  facet normal -0 0 1
    outer loop
      vertex 9.60478 5.95957 3
      vertex 15 2.9 3
      vertex 9.89988 6.03348 3
    endloop
  endfacet
  facet normal -0 0 1
    outer loop
      vertex 9.30385 5.91493 3
      vertex 15 2.9 3
      vertex 9.60478 5.95957 3
    endloop
  endfacet
  facet normal 0 0 1
    outer loop
      vertex 4 0 3
      vertex 9.30385 5.91493 3
      vertex 9 5.9 3
    endloop
  endfacet
  facet normal 0 0 1
    outer loop
      vertex 4 0 3
      vertex 9 5.9 3
      vertex 8.69615 5.91493 3
    endloop
  endfacet
  facet normal 0 0 1
    outer loop
      vertex 4 0 3
      vertex 8.69615 5.91493 3
      vertex 8.39522 5.95957 3
    endloop
  endfacet
  facet normal 0 0 1
    outer loop
      vertex 4 0 3
      vertex 8.39522 5.95957 3
      vertex 8.10012 6.03348 3
    endloop
  endfacet
  facet normal 0 0 1
    outer loop
      vertex 4 0 3
      vertex 8.10012 6.03348 3
      vertex 7.81368 6.13597 3
    endloop
  endfacet
  facet normal 0 0 1
    outer loop
      vertex 5.95957 9.60478 3
      vertex 2.9 15 3
      vertex 5.91493 9.30385 3
    endloop
  endfacet
  facet normal 0 0 1
    outer loop
      vertex 0 4 3
      vertex 5.91493 9.30385 3
      vertex 2.9 15 3
    endloop
  endfacet
  facet normal 0 0 1
    outer loop
      vertex 5.91493 9.30385 3
      vertex 0 4 3
      vertex 5.9 9 3
    endloop
  endfacet
  facet normal 0 0 1
    outer loop
      vertex 5.9 9 3
      vertex 0 4 3
      vertex 5.91493 8.69615 3
    endloop
  endfacet
  facet normal 0 0 1
    outer loop
      vertex 15 2.9 3
      vertex 4 0 3
      vertex 88 0 3
    endloop
  endfacet
  facet normal 0 0 1
    outer loop
      vertex 9.30385 5.91493 3
      vertex 4 0 3
      vertex 15 2.9 3
    endloop
  endfacet
  facet normal 0 0 1
    outer loop
      vertex 7.53867 6.26604 3
      vertex 4 0 3
      vertex 7.81368 6.13597 3
    endloop
  endfacet
  facet normal 0 0 1
    outer loop
      vertex 7.27773 6.42244 3
      vertex 4 0 3
      vertex 7.53867 6.26604 3
    endloop
  endfacet
  facet normal 0 0 1
    outer loop
      vertex 7.03338 6.60367 3
      vertex 4 0 3
      vertex 7.27773 6.42244 3
    endloop
  endfacet
  facet normal 0 0 1
    outer loop
      vertex 6.80797 6.80797 3
      vertex 4 0 3
      vertex 7.03338 6.60367 3
    endloop
  endfacet
  facet normal 0 0 1
    outer loop
      vertex 0 4 3
      vertex 6.80797 6.80797 3
      vertex 6.60367 7.03338 3
    endloop
  endfacet
  facet normal 0 0 1
    outer loop
      vertex 0 4 3
      vertex 6.60367 7.03338 3
      vertex 6.42244 7.27773 3
    endloop
  endfacet
  facet normal 0 0 1
    outer loop
      vertex 0 4 3
      vertex 6.42244 7.27773 3
      vertex 6.26604 7.53867 3
    endloop
  endfacet
  facet normal 0 0 1
    outer loop
      vertex 0 4 3
      vertex 6.26604 7.53867 3
      vertex 6.13597 7.81368 3
    endloop
  endfacet
  facet normal 0 0 1
    outer loop
      vertex 0 4 3
      vertex 6.13597 7.81368 3
      vertex 6.03348 8.10012 3
    endloop
  endfacet
  facet normal 0 0 1
    outer loop
      vertex 5.91493 8.69615 3
      vertex 0 4 3
      vertex 5.95957 8.39522 3
    endloop
  endfacet
  facet normal 0 0 1
    outer loop
      vertex 6.80797 6.80797 3
      vertex 0 4 3
      vertex 4 0 3
    endloop
  endfacet
  facet normal 0 0 1
    outer loop
      vertex 4 0 3
      vertex 0 4 3
      vertex 3.60793 0.0192604 3
    endloop
  endfacet
  facet normal 0 0 1
    outer loop
      vertex 5.95957 8.39522 3
      vertex 0 4 3
      vertex 6.03348 8.10012 3
    endloop
  endfacet
  facet normal 0 0 1
    outer loop
      vertex 3.60793 0.0192604 3
      vertex 0 4 3
      vertex 3.21964 0.0768585 3
    endloop
  endfacet
  facet normal 0 0 1
    outer loop
      vertex 2.9 61 3
      vertex 0 72 3
      vertex 2.9 15 3
    endloop
  endfacet
  facet normal 0 0 1
    outer loop
      vertex 0 72 3
      vertex 2.83886 75.8278 3
      vertex 2.46927 75.6955 3
    endloop
  endfacet
  facet normal 0 0 1
    outer loop
      vertex 0 4 3
      vertex 2.9 15 3
      vertex 0 72 3
    endloop
  endfacet
  facet normal 0 0 1
    outer loop
      vertex 0 72 3
      vertex 2.46927 75.6955 3
      vertex 2.11441 75.5277 3
    endloop
  endfacet
  facet normal 0 0 1
    outer loop
      vertex 3.21964 0.0768585 3
      vertex 0 4 3
      vertex 2.83886 0.172238 3
    endloop
  endfacet
  facet normal 0 0 1
    outer loop
      vertex 0 72 3
      vertex 2.11441 75.5277 3
      vertex 1.77772 75.3259 3
    endloop
  endfacet
  facet normal 0 0 1
    outer loop
      vertex 2.83886 0.172238 3
      vertex 0 4 3
      vertex 2.46927 0.304482 3
    endloop
  endfacet
  facet normal 0 0 1
    outer loop
      vertex 0 72 3
      vertex 1.77772 75.3259 3
      vertex 1.46243 75.092 3
    endloop
  endfacet
  facet normal 0 0 1
    outer loop
      vertex 2.46927 0.304482 3
      vertex 0 4 3
      vertex 2.11441 0.472315 3
    endloop
  endfacet
  facet normal 0 0 1
    outer loop
      vertex 0 72 3
      vertex 1.46243 75.092 3
      vertex 1.17157 74.8284 3
    endloop
  endfacet
  facet normal 0 0 1
    outer loop
      vertex 2.11441 0.472315 3
      vertex 0 4 3
      vertex 1.77772 0.674121 3
    endloop
  endfacet
  facet normal 0 0 1
    outer loop
      vertex 0 72 3
      vertex 1.17157 74.8284 3
      vertex 0.907958 74.5376 3
    endloop
  endfacet
  facet normal 0 0 1
    outer loop
      vertex 1.77772 0.674121 3
      vertex 0 4 3
      vertex 1.46243 0.907958 3
    endloop
  endfacet
  facet normal 0 0 1
    outer loop
      vertex 0 72 3
      vertex 0.907958 74.5376 3
      vertex 0.674121 74.2223 3
    endloop
  endfacet
  facet normal 0 0 1
    outer loop
      vertex 1.46243 0.907958 3
      vertex 0 4 3
      vertex 1.17157 1.17157 3
    endloop
  endfacet
  facet normal 0 0 1
    outer loop
      vertex 0 72 3
      vertex 0.674121 74.2223 3
      vertex 0.472315 73.8856 3
    endloop
  endfacet
  facet normal 0 0 1
    outer loop
      vertex 1.17157 1.17157 3
      vertex 0 4 3
      vertex 0.907958 1.46243 3
    endloop
  endfacet
  facet normal 0 0 1
    outer loop
      vertex 0 72 3
      vertex 0.472315 73.8856 3
      vertex 0.304482 73.5307 3
    endloop
  endfacet
  facet normal 0 0 1
    outer loop
      vertex 0.907958 1.46243 3
      vertex 0 4 3
      vertex 0.674121 1.77772 3
    endloop
  endfacet
  facet normal 0 0 1
    outer loop
      vertex 0 72 3
      vertex 0.304482 73.5307 3
      vertex 0.172238 73.1611 3
    endloop
  endfacet
  facet normal 0 0 1
    outer loop
      vertex 0.674121 1.77772 3
      vertex 0 4 3
      vertex 0.472315 2.11441 3
    endloop
  endfacet
  facet normal 0 0 1
    outer loop
      vertex 0 72 3
      vertex 0.172238 73.1611 3
      vertex 0.0768585 72.7804 3
    endloop
  endfacet
  facet normal 0 0 1
    outer loop
      vertex 0.472315 2.11441 3
      vertex 0 4 3
      vertex 0.304482 2.46927 3
    endloop
  endfacet
  facet normal 0 0 1
    outer loop
      vertex 0 72 3
      vertex 0.0768585 72.7804 3
      vertex 0.0192604 72.3921 3
    endloop
  endfacet
  facet normal 0 0 1
    outer loop
      vertex 0.304482 2.46927 3
      vertex 0 4 3
      vertex 0.172238 2.83886 3
    endloop
  endfacet
  facet normal 0 0 1
    outer loop
      vertex 0.172238 2.83886 3
      vertex 0 4 3
      vertex 0.0768585 3.21964 3
    endloop
  endfacet
  facet normal 0 0 1
    outer loop
      vertex 0.0768585 3.21964 3
      vertex 0 4 3
      vertex 0.0192604 3.60793 3
    endloop
  endfacet
  facet normal -0.970032 -0.242978 0
    outer loop
      vertex 0.172238 2.83886 0
      vertex 0.0768585 3.21964 3
      vertex 0.0768585 3.21964 0
    endloop
  endfacet
  facet normal -0.970032 -0.242978 0
    outer loop
      vertex 0.0768585 3.21964 3
      vertex 0.172238 2.83886 0
      vertex 0.172238 2.83886 3
    endloop
  endfacet
  facet normal -0.857727 -0.514106 0
    outer loop
      vertex 0.674121 1.77772 0
      vertex 0.472315 2.11441 3
      vertex 0.472315 2.11441 0
    endloop
  endfacet
  facet normal -0.857727 -0.514106 0
    outer loop
      vertex 0.472315 2.11441 3
      vertex 0.674121 1.77772 0
      vertex 0.674121 1.77772 3
    endloop
  endfacet
  facet normal 0 0 -1
    outer loop
      vertex 10.5706 9.65056 0
      vertex 81.4294 9.65056 0
      vertex 10.6268 9.49348 0
    endloop
  endfacet
  facet normal 0 0 -1
    outer loop
      vertex 42 72.6 0
      vertex 10.6918 66.8334 0
      vertex 10.7 67 0
    endloop
  endfacet
  facet normal 0 0 -1
    outer loop
      vertex 81.4294 9.65056 0
      vertex 10.5706 9.65056 0
      vertex 81.5007 9.80137 0
    endloop
  endfacet
  facet normal 0 0 -1
    outer loop
      vertex 42 72.6 0
      vertex 10.6673 66.6684 0
      vertex 10.6918 66.8334 0
    endloop
  endfacet
  facet normal 0 0 -1
    outer loop
      vertex 10.4993 9.80137 0
      vertex 81.5007 9.80137 0
      vertex 10.5706 9.65056 0
    endloop
  endfacet
  facet normal 0 0 -1
    outer loop
      vertex 42 72.6 0
      vertex 10.6268 66.5065 0
      vertex 10.6673 66.6684 0
    endloop
  endfacet
  facet normal 0 0 -1
    outer loop
      vertex 81.5007 9.80137 0
      vertex 10.4993 9.80137 0
      vertex 42 72.6 0
    endloop
  endfacet
  facet normal 0 0 -1
    outer loop
      vertex 42 72.6 0
      vertex 10.5706 66.3494 0
      vertex 10.6268 66.5065 0
    endloop
  endfacet
  facet normal 0 0 -1
    outer loop
      vertex 10.4135 9.94447 0
      vertex 42 72.6 0
      vertex 10.4993 9.80137 0
    endloop
  endfacet
  facet normal 0 0 -1
    outer loop
      vertex 42 72.6 0
      vertex 10.4993 66.1986 0
      vertex 10.5706 66.3494 0
    endloop
  endfacet
  facet normal 0 0 -1
    outer loop
      vertex 10.3141 10.0785 0
      vertex 42 72.6 0
      vertex 10.4135 9.94447 0
    endloop
  endfacet
  facet normal 0 0 -1
    outer loop
      vertex 42 72.6 0
      vertex 10.4135 66.0555 0
      vertex 10.4993 66.1986 0
    endloop
  endfacet
  facet normal 0 0 -1
    outer loop
      vertex 10.2021 10.2021 0
      vertex 42 72.6 0
      vertex 10.3141 10.0785 0
    endloop
  endfacet
  facet normal 0 0 -1
    outer loop
      vertex 42 72.6 0
      vertex 10.3141 65.9215 0
      vertex 10.4135 66.0555 0
    endloop
  endfacet
  facet normal 0 0 -1
    outer loop
      vertex 10.0785 10.3141 0
      vertex 42 72.6 0
      vertex 10.2021 10.2021 0
    endloop
  endfacet
  facet normal 0 0 -1
    outer loop
      vertex 42 72.6 0
      vertex 10.2021 65.7979 0
      vertex 10.3141 65.9215 0
    endloop
  endfacet
  facet normal 0 0 -1
    outer loop
      vertex 10.0785 65.6859 0
      vertex 42 72.6 0
      vertex 10.0785 10.3141 0
    endloop
  endfacet
  facet normal 0 0 -1
    outer loop
      vertex 42 72.6 0
      vertex 10.0785 65.6859 0
      vertex 10.2021 65.7979 0
    endloop
  endfacet
  facet normal 0 0 -1
    outer loop
      vertex 9.94447 10.4135 0
      vertex 10.0785 65.6859 0
      vertex 10.0785 10.3141 0
    endloop
  endfacet
  facet normal 0 0 -1
    outer loop
      vertex 9.94447 10.4135 0
      vertex 9.94447 65.5865 0
      vertex 10.0785 65.6859 0
    endloop
  endfacet
  facet normal 0 0 -1
    outer loop
      vertex 9.80137 10.4993 0
      vertex 9.94447 65.5865 0
      vertex 9.94447 10.4135 0
    endloop
  endfacet
  facet normal 0 0 -1
    outer loop
      vertex 9.80137 10.4993 0
      vertex 9.80137 65.5007 0
      vertex 9.94447 65.5865 0
    endloop
  endfacet
  facet normal 0 0 -1
    outer loop
      vertex 9.65056 10.5706 0
      vertex 9.80137 65.5007 0
      vertex 9.80137 10.4993 0
    endloop
  endfacet
  facet normal 0 0 -1
    outer loop
      vertex 9.65056 10.5706 0
      vertex 9.65056 65.4294 0
      vertex 9.80137 65.5007 0
    endloop
  endfacet
  facet normal 0 0 -1
    outer loop
      vertex 9.49348 10.6268 0
      vertex 9.65056 65.4294 0
      vertex 9.65056 10.5706 0
    endloop
  endfacet
  facet normal 0 0 -1
    outer loop
      vertex 9.49348 10.6268 0
      vertex 9.49348 65.3732 0
      vertex 9.65056 65.4294 0
    endloop
  endfacet
  facet normal 0 0 -1
    outer loop
      vertex 9.33165 10.6673 0
      vertex 9.49348 65.3732 0
      vertex 9.49348 10.6268 0
    endloop
  endfacet
  facet normal 0 0 -1
    outer loop
      vertex 9.33165 10.6673 0
      vertex 9.33165 65.3327 0
      vertex 9.49348 65.3732 0
    endloop
  endfacet
  facet normal 0 0 -1
    outer loop
      vertex 9.16663 10.6918 0
      vertex 9.33165 65.3327 0
      vertex 9.33165 10.6673 0
    endloop
  endfacet
  facet normal 0 0 -1
    outer loop
      vertex 9.16663 10.6918 0
      vertex 9.16663 65.3082 0
      vertex 9.33165 65.3327 0
    endloop
  endfacet
  facet normal 0 0 -1
    outer loop
      vertex 9 10.7 0
      vertex 9.16663 65.3082 0
      vertex 9.16663 10.6918 0
    endloop
  endfacet
  facet normal 0 0 -1
    outer loop
      vertex 9 10.7 0
      vertex 9 65.3 0
      vertex 9.16663 65.3082 0
    endloop
  endfacet
  facet normal 0 0 -1
    outer loop
      vertex 8.83337 10.6918 0
      vertex 9 65.3 0
      vertex 9 10.7 0
    endloop
  endfacet
  facet normal 0 0 -1
    outer loop
      vertex 8.83337 10.6918 0
      vertex 8.83337 65.3082 0
      vertex 9 65.3 0
    endloop
  endfacet
  facet normal 0 0 -1
    outer loop
      vertex 8.66835 10.6673 0
      vertex 8.83337 65.3082 0
      vertex 8.83337 10.6918 0
    endloop
  endfacet
  facet normal 0 0 -1
    outer loop
      vertex 8.66835 10.6673 0
      vertex 8.66835 65.3327 0
      vertex 8.83337 65.3082 0
    endloop
  endfacet
  facet normal 0 0 -1
    outer loop
      vertex 8.50652 10.6268 0
      vertex 8.66835 65.3327 0
      vertex 8.66835 10.6673 0
    endloop
  endfacet
  facet normal 0 0 -1
    outer loop
      vertex 8.50652 10.6268 0
      vertex 8.50652 65.3732 0
      vertex 8.66835 65.3327 0
    endloop
  endfacet
  facet normal 0 0 -1
    outer loop
      vertex 8.34944 10.5706 0
      vertex 8.50652 65.3732 0
      vertex 8.50652 10.6268 0
    endloop
  endfacet
  facet normal 0 0 -1
    outer loop
      vertex 8.34944 10.5706 0
      vertex 8.34944 65.4294 0
      vertex 8.50652 65.3732 0
    endloop
  endfacet
  facet normal 0 0 -1
    outer loop
      vertex 8.19862 10.4993 0
      vertex 8.34944 65.4294 0
      vertex 8.34944 10.5706 0
    endloop
  endfacet
  facet normal 0 0 -1
    outer loop
      vertex 8.19862 10.4993 0
      vertex 8.19862 65.5007 0
      vertex 8.34944 65.4294 0
    endloop
  endfacet
  facet normal 0 0 -1
    outer loop
      vertex 8.05553 10.4135 0
      vertex 8.19862 65.5007 0
      vertex 8.19862 10.4993 0
    endloop
  endfacet
  facet normal 0 0 -1
    outer loop
      vertex 8.05553 10.4135 0
      vertex 8.05553 65.5865 0
      vertex 8.19862 65.5007 0
    endloop
  endfacet
  facet normal 0 0 -1
    outer loop
      vertex 7.92153 10.3141 0
      vertex 8.05553 65.5865 0
      vertex 8.05553 10.4135 0
    endloop
  endfacet
  facet normal 0 0 -1
    outer loop
      vertex 7.92153 10.3141 0
      vertex 7.92153 65.6859 0
      vertex 8.05553 65.5865 0
    endloop
  endfacet
  facet normal 0 0 -1
    outer loop
      vertex 7.79792 10.2021 0
      vertex 7.92153 65.6859 0
      vertex 7.92153 10.3141 0
    endloop
  endfacet
  facet normal 0 0 -1
    outer loop
      vertex 7.79792 10.2021 0
      vertex 7.79792 65.7979 0
      vertex 7.92153 65.6859 0
    endloop
  endfacet
  facet normal 0 0 -1
    outer loop
      vertex 0 4 0
      vertex 7.79792 10.2021 0
      vertex 7.68588 10.0785 0
    endloop
  endfacet
  facet normal -0 0 -1
    outer loop
      vertex 7.79792 10.2021 0
      vertex 0 4 0
      vertex 7.79792 65.7979 0
    endloop
  endfacet
  facet normal 0 0 -1
    outer loop
      vertex 0 4 0
      vertex 7.68588 10.0785 0
      vertex 7.5865 9.94447 0
    endloop
  endfacet
  facet normal 0 0 -1
    outer loop
      vertex 0 72 0
      vertex 7.79792 65.7979 0
      vertex 0 4 0
    endloop
  endfacet
  facet normal 0 0 -1
    outer loop
      vertex 0 4 0
      vertex 7.5865 9.94447 0
      vertex 7.50073 9.80137 0
    endloop
  endfacet
  facet normal 0 0 -1
    outer loop
      vertex 7.79792 65.7979 0
      vertex 0 72 0
      vertex 7.68588 65.9215 0
    endloop
  endfacet
  facet normal 0 0 -1
    outer loop
      vertex 0 4 0
      vertex 7.50073 9.80137 0
      vertex 7.4294 9.65056 0
    endloop
  endfacet
  facet normal 0 0 -1
    outer loop
      vertex 7.68588 65.9215 0
      vertex 0 72 0
      vertex 7.5865 66.0555 0
    endloop
  endfacet
  facet normal 0 0 -1
    outer loop
      vertex 0 4 0
      vertex 7.4294 9.65056 0
      vertex 7.3732 9.49348 0
    endloop
  endfacet
  facet normal 0 0 -1
    outer loop
      vertex 7.5865 66.0555 0
      vertex 0 72 0
      vertex 7.50073 66.1986 0
    endloop
  endfacet
  facet normal 0 0 -1
    outer loop
      vertex 0 4 0
      vertex 7.3732 9.49348 0
      vertex 7.33266 9.33165 0
    endloop
  endfacet
  facet normal 0 0 -1
    outer loop
      vertex 7.50073 66.1986 0
      vertex 0 72 0
      vertex 7.4294 66.3494 0
    endloop
  endfacet
  facet normal 0 0 -1
    outer loop
      vertex 0 4 0
      vertex 7.33266 9.33165 0
      vertex 7.30819 9.16663 0
    endloop
  endfacet
  facet normal 0 0 -1
    outer loop
      vertex 7.4294 66.3494 0
      vertex 0 72 0
      vertex 7.3732 66.5065 0
    endloop
  endfacet
  facet normal 0 0 -1
    outer loop
      vertex 0 4 0
      vertex 7.30819 9.16663 0
      vertex 7.3 9 0
    endloop
  endfacet
  facet normal 0 0 -1
    outer loop
      vertex 7.3732 66.5065 0
      vertex 0 72 0
      vertex 7.33266 66.6684 0
    endloop
  endfacet
  facet normal 0 0 -1
    outer loop
      vertex 84.6268 9.49348 0
      vertex 92 4 0
      vertex 84.6673 9.33165 0
    endloop
  endfacet
  facet normal 0 0 -1
    outer loop
      vertex 92 72 0
      vertex 84.6918 66.8334 0
      vertex 84.7 67 0
    endloop
  endfacet
  facet normal 0 0 -1
    outer loop
      vertex 84.5706 9.65056 0
      vertex 92 4 0
      vertex 84.6268 9.49348 0
    endloop
  endfacet
  facet normal 0 0 -1
    outer loop
      vertex 92 72 0
      vertex 84.6673 66.6684 0
      vertex 84.6918 66.8334 0
    endloop
  endfacet
  facet normal 0 0 -1
    outer loop
      vertex 84.4993 9.80137 0
      vertex 92 4 0
      vertex 84.5706 9.65056 0
    endloop
  endfacet
  facet normal 0 0 -1
    outer loop
      vertex 92 72 0
      vertex 84.6268 66.5065 0
      vertex 84.6673 66.6684 0
    endloop
  endfacet
  facet normal 0 0 -1
    outer loop
      vertex 84.4135 9.94447 0
      vertex 92 4 0
      vertex 84.4993 9.80137 0
    endloop
  endfacet
  facet normal 0 0 -1
    outer loop
      vertex 92 72 0
      vertex 84.5706 66.3494 0
      vertex 84.6268 66.5065 0
    endloop
  endfacet
  facet normal 0 0 -1
    outer loop
      vertex 84.3141 10.0785 0
      vertex 92 4 0
      vertex 84.4135 9.94447 0
    endloop
  endfacet
  facet normal 0 0 -1
    outer loop
      vertex 92 72 0
      vertex 84.4993 66.1986 0
      vertex 84.5706 66.3494 0
    endloop
  endfacet
  facet normal 0 0 -1
    outer loop
      vertex 84.2021 10.2021 0
      vertex 92 4 0
      vertex 84.3141 10.0785 0
    endloop
  endfacet
  facet normal 0 0 -1
    outer loop
      vertex 92 72 0
      vertex 84.4135 66.0555 0
      vertex 84.4993 66.1986 0
    endloop
  endfacet
  facet normal 0 0 -1
    outer loop
      vertex 92 4 0
      vertex 84.2021 10.2021 0
      vertex 92 72 0
    endloop
  endfacet
  facet normal 0 0 -1
    outer loop
      vertex 92 72 0
      vertex 84.3141 65.9215 0
      vertex 84.4135 66.0555 0
    endloop
  endfacet
  facet normal 0 0 -1
    outer loop
      vertex 84.2021 65.7979 0
      vertex 92 72 0
      vertex 84.2021 10.2021 0
    endloop
  endfacet
  facet normal 0 0 -1
    outer loop
      vertex 92 72 0
      vertex 84.2021 65.7979 0
      vertex 84.3141 65.9215 0
    endloop
  endfacet
  facet normal 0 0 -1
    outer loop
      vertex 84.0785 10.3141 0
      vertex 84.2021 65.7979 0
      vertex 84.2021 10.2021 0
    endloop
  endfacet
  facet normal 0 0 -1
    outer loop
      vertex 84.0785 10.3141 0
      vertex 84.0785 65.6859 0
      vertex 84.2021 65.7979 0
    endloop
  endfacet
  facet normal 0 0 -1
    outer loop
      vertex 83.9445 10.4135 0
      vertex 84.0785 65.6859 0
      vertex 84.0785 10.3141 0
    endloop
  endfacet
  facet normal 0 0 -1
    outer loop
      vertex 83.9445 10.4135 0
      vertex 83.9445 65.5865 0
      vertex 84.0785 65.6859 0
    endloop
  endfacet
  facet normal 0 0 -1
    outer loop
      vertex 83.8014 10.4993 0
      vertex 83.9445 65.5865 0
      vertex 83.9445 10.4135 0
    endloop
  endfacet
  facet normal 0 0 -1
    outer loop
      vertex 83.8014 10.4993 0
      vertex 83.8014 65.5007 0
      vertex 83.9445 65.5865 0
    endloop
  endfacet
  facet normal 0 0 -1
    outer loop
      vertex 83.6506 10.5706 0
      vertex 83.8014 65.5007 0
      vertex 83.8014 10.4993 0
    endloop
  endfacet
  facet normal 0 0 -1
    outer loop
      vertex 83.6506 10.5706 0
      vertex 83.6506 65.4294 0
      vertex 83.8014 65.5007 0
    endloop
  endfacet
  facet normal 0 0 -1
    outer loop
      vertex 83.4935 10.6268 0
      vertex 83.6506 65.4294 0
      vertex 83.6506 10.5706 0
    endloop
  endfacet
  facet normal 0 0 -1
    outer loop
      vertex 83.4935 10.6268 0
      vertex 83.4935 65.3732 0
      vertex 83.6506 65.4294 0
    endloop
  endfacet
  facet normal 0 0 -1
    outer loop
      vertex 83.3316 10.6673 0
      vertex 83.4935 65.3732 0
      vertex 83.4935 10.6268 0
    endloop
  endfacet
  facet normal 0 0 -1
    outer loop
      vertex 83.3316 10.6673 0
      vertex 83.3316 65.3327 0
      vertex 83.4935 65.3732 0
    endloop
  endfacet
  facet normal 0 0 -1
    outer loop
      vertex 83.1666 10.6918 0
      vertex 83.3316 65.3327 0
      vertex 83.3316 10.6673 0
    endloop
  endfacet
  facet normal 0 0 -1
    outer loop
      vertex 83.1666 10.6918 0
      vertex 83.1666 65.3082 0
      vertex 83.3316 65.3327 0
    endloop
  endfacet
  facet normal 0 0 -1
    outer loop
      vertex 83 10.7 0
      vertex 83.1666 65.3082 0
      vertex 83.1666 10.6918 0
    endloop
  endfacet
  facet normal 0 0 -1
    outer loop
      vertex 83 10.7 0
      vertex 83 65.3 0
      vertex 83.1666 65.3082 0
    endloop
  endfacet
  facet normal 0 0 -1
    outer loop
      vertex 82.8334 10.6918 0
      vertex 83 65.3 0
      vertex 83 10.7 0
    endloop
  endfacet
  facet normal 0 0 -1
    outer loop
      vertex 82.8334 10.6918 0
      vertex 82.8334 65.3082 0
      vertex 83 65.3 0
    endloop
  endfacet
  facet normal 0 0 -1
    outer loop
      vertex 82.6684 10.6673 0
      vertex 82.8334 65.3082 0
      vertex 82.8334 10.6918 0
    endloop
  endfacet
  facet normal 0 0 -1
    outer loop
      vertex 82.6684 10.6673 0
      vertex 82.6684 65.3327 0
      vertex 82.8334 65.3082 0
    endloop
  endfacet
  facet normal 0 0 -1
    outer loop
      vertex 82.5065 10.6268 0
      vertex 82.6684 65.3327 0
      vertex 82.6684 10.6673 0
    endloop
  endfacet
  facet normal 0 0 -1
    outer loop
      vertex 82.5065 10.6268 0
      vertex 82.5065 65.3732 0
      vertex 82.6684 65.3327 0
    endloop
  endfacet
  facet normal 0 0 -1
    outer loop
      vertex 82.3494 10.5706 0
      vertex 82.5065 65.3732 0
      vertex 82.5065 10.6268 0
    endloop
  endfacet
  facet normal 0 0 -1
    outer loop
      vertex 82.3494 10.5706 0
      vertex 82.3494 65.4294 0
      vertex 82.5065 65.3732 0
    endloop
  endfacet
  facet normal 0 0 -1
    outer loop
      vertex 82.1986 10.4993 0
      vertex 82.3494 65.4294 0
      vertex 82.3494 10.5706 0
    endloop
  endfacet
  facet normal 0 0 -1
    outer loop
      vertex 82.1986 10.4993 0
      vertex 82.1986 65.5007 0
      vertex 82.3494 65.4294 0
    endloop
  endfacet
  facet normal 0 0 -1
    outer loop
      vertex 82.0555 10.4135 0
      vertex 82.1986 65.5007 0
      vertex 82.1986 10.4993 0
    endloop
  endfacet
  facet normal 0 0 -1
    outer loop
      vertex 82.0555 10.4135 0
      vertex 82.0555 65.5865 0
      vertex 82.1986 65.5007 0
    endloop
  endfacet
  facet normal 0 0 -1
    outer loop
      vertex 81.9215 10.3141 0
      vertex 82.0555 65.5865 0
      vertex 82.0555 10.4135 0
    endloop
  endfacet
  facet normal 0 0 -1
    outer loop
      vertex 81.9215 10.3141 0
      vertex 81.9215 65.6859 0
      vertex 82.0555 65.5865 0
    endloop
  endfacet
  facet normal 0 0 -1
    outer loop
      vertex 50 72.6 0
      vertex 81.9215 10.3141 0
      vertex 81.7979 10.2021 0
    endloop
  endfacet
  facet normal 0 0 -1
    outer loop
      vertex 81.9215 10.3141 0
      vertex 50 72.6 0
      vertex 81.9215 65.6859 0
    endloop
  endfacet
  facet normal 0 0 -1
    outer loop
      vertex 50 72.6 0
      vertex 81.7979 10.2021 0
      vertex 81.6859 10.0785 0
    endloop
  endfacet
  facet normal 0 0 -1
    outer loop
      vertex 81.9215 65.6859 0
      vertex 50 72.6 0
      vertex 81.7979 65.7979 0
    endloop
  endfacet
  facet normal 0 0 -1
    outer loop
      vertex 50 72.6 0
      vertex 81.6859 10.0785 0
      vertex 81.5865 9.94447 0
    endloop
  endfacet
  facet normal 0 0 -1
    outer loop
      vertex 81.7979 65.7979 0
      vertex 50 72.6 0
      vertex 81.6859 65.9215 0
    endloop
  endfacet
  facet normal 0 0 -1
    outer loop
      vertex 50 72.6 0
      vertex 81.5865 9.94447 0
      vertex 81.5007 9.80137 0
    endloop
  endfacet
  facet normal 0 0 -1
    outer loop
      vertex 81.6859 65.9215 0
      vertex 50 72.6 0
      vertex 81.5865 66.0555 0
    endloop
  endfacet
  facet normal 0 0 -1
    outer loop
      vertex 81.3327 9.33165 0
      vertex 10.6673 9.33165 0
      vertex 81.3732 9.49348 0
    endloop
  endfacet
  facet normal 0 0 -1
    outer loop
      vertex 81.5865 66.0555 0
      vertex 50 72.6 0
      vertex 81.5007 66.1986 0
    endloop
  endfacet
  facet normal 0 0 -1
    outer loop
      vertex 10.6673 9.33165 0
      vertex 81.3327 9.33165 0
      vertex 10.6918 9.16663 0
    endloop
  endfacet
  facet normal 0 0 -1
    outer loop
      vertex 81.5007 66.1986 0
      vertex 50 72.6 0
      vertex 81.4294 66.3494 0
    endloop
  endfacet
  facet normal 0 0 -1
    outer loop
      vertex 81.3082 9.16663 0
      vertex 10.6918 9.16663 0
      vertex 81.3327 9.33165 0
    endloop
  endfacet
  facet normal 0 0 -1
    outer loop
      vertex 81.4294 66.3494 0
      vertex 50 72.6 0
      vertex 81.3732 66.5065 0
    endloop
  endfacet
  facet normal 0 0 -1
    outer loop
      vertex 10.6918 9.16663 0
      vertex 81.3082 9.16663 0
      vertex 10.7 9 0
    endloop
  endfacet
  facet normal 0 0 -1
    outer loop
      vertex 81.3732 66.5065 0
      vertex 50 72.6 0
      vertex 81.3327 66.6684 0
    endloop
  endfacet
  facet normal 0 0 -1
    outer loop
      vertex 10.7 9 0
      vertex 81.3082 9.16663 0
      vertex 81.3 9 0
    endloop
  endfacet
  facet normal 0 0 -1
    outer loop
      vertex 81.3327 66.6684 0
      vertex 50 72.6 0
      vertex 81.3082 66.8334 0
    endloop
  endfacet
  facet normal 0 0 -1
    outer loop
      vertex 88 0 0
      vertex 92 4 0
      vertex 91.9807 3.60793 0
    endloop
  endfacet
  facet normal 0 0 -1
    outer loop
      vertex 84.6918 9.16663 0
      vertex 92 4 0
      vertex 84.7 9 0
    endloop
  endfacet
  facet normal 0 0 -1
    outer loop
      vertex 88 0 0
      vertex 91.9807 3.60793 0
      vertex 91.9231 3.21964 0
    endloop
  endfacet
  facet normal 0 0 -1
    outer loop
      vertex 84.6673 9.33165 0
      vertex 92 4 0
      vertex 84.6918 9.16663 0
    endloop
  endfacet
  facet normal 0 0 -1
    outer loop
      vertex 88 0 0
      vertex 91.9231 3.21964 0
      vertex 91.8278 2.83886 0
    endloop
  endfacet
  facet normal 0 0 -1
    outer loop
      vertex 84.6918 67.1666 0
      vertex 92 72 0
      vertex 84.7 67 0
    endloop
  endfacet
  facet normal 0 0 -1
    outer loop
      vertex 88 0 0
      vertex 91.8278 2.83886 0
      vertex 91.6955 2.46927 0
    endloop
  endfacet
  facet normal 0 0 -1
    outer loop
      vertex 84.6673 67.3316 0
      vertex 92 72 0
      vertex 84.6918 67.1666 0
    endloop
  endfacet
  facet normal 0 0 -1
    outer loop
      vertex 88 0 0
      vertex 91.6955 2.46927 0
      vertex 91.5277 2.11441 0
    endloop
  endfacet
  facet normal 0 0 -1
    outer loop
      vertex 84.6268 67.4935 0
      vertex 92 72 0
      vertex 84.6673 67.3316 0
    endloop
  endfacet
  facet normal 0 0 -1
    outer loop
      vertex 88 0 0
      vertex 91.5277 2.11441 0
      vertex 91.3259 1.77772 0
    endloop
  endfacet
  facet normal 0 0 -1
    outer loop
      vertex 84.5706 67.6506 0
      vertex 92 72 0
      vertex 84.6268 67.4935 0
    endloop
  endfacet
  facet normal 0 0 -1
    outer loop
      vertex 88 0 0
      vertex 91.3259 1.77772 0
      vertex 91.092 1.46243 0
    endloop
  endfacet
  facet normal 0 0 -1
    outer loop
      vertex 84.4993 67.8014 0
      vertex 92 72 0
      vertex 84.5706 67.6506 0
    endloop
  endfacet
  facet normal 0 0 -1
    outer loop
      vertex 88 0 0
      vertex 91.092 1.46243 0
      vertex 90.8284 1.17157 0
    endloop
  endfacet
  facet normal 0 0 -1
    outer loop
      vertex 84.4135 67.9445 0
      vertex 92 72 0
      vertex 84.4993 67.8014 0
    endloop
  endfacet
  facet normal 0 0 -1
    outer loop
      vertex 88 0 0
      vertex 90.8284 1.17157 0
      vertex 90.5376 0.907958 0
    endloop
  endfacet
  facet normal 0 0 -1
    outer loop
      vertex 84.3141 68.0785 0
      vertex 92 72 0
      vertex 84.4135 67.9445 0
    endloop
  endfacet
  facet normal 0 0 -1
    outer loop
      vertex 88 0 0
      vertex 90.5376 0.907958 0
      vertex 90.2223 0.674121 0
    endloop
  endfacet
  facet normal 0 0 -1
    outer loop
      vertex 84.2021 68.2021 0
      vertex 92 72 0
      vertex 84.3141 68.0785 0
    endloop
  endfacet
  facet normal 0 0 -1
    outer loop
      vertex 88 0 0
      vertex 90.2223 0.674121 0
      vertex 89.8856 0.472315 0
    endloop
  endfacet
  facet normal 0 -0 -1
    outer loop
      vertex 88 76 0
      vertex 92 72 0
      vertex 84.2021 68.2021 0
    endloop
  endfacet
  facet normal 0 0 -1
    outer loop
      vertex 88 0 0
      vertex 89.8856 0.472315 0
      vertex 89.5307 0.304482 0
    endloop
  endfacet
  facet normal 0 0 -1
    outer loop
      vertex 92 72 0
      vertex 88 76 0
      vertex 91.9807 72.3921 0
    endloop
  endfacet
  facet normal 0 0 -1
    outer loop
      vertex 88 0 0
      vertex 89.5307 0.304482 0
      vertex 89.1611 0.172238 0
    endloop
  endfacet
  facet normal 0 0 -1
    outer loop
      vertex 91.9807 72.3921 0
      vertex 88 76 0
      vertex 91.9231 72.7804 0
    endloop
  endfacet
  facet normal 0 0 -1
    outer loop
      vertex 88 0 0
      vertex 89.1611 0.172238 0
      vertex 88.7804 0.0768585 0
    endloop
  endfacet
  facet normal 0 0 -1
    outer loop
      vertex 91.9231 72.7804 0
      vertex 88 76 0
      vertex 91.8278 73.1611 0
    endloop
  endfacet
  facet normal 0 0 -1
    outer loop
      vertex 88 0 0
      vertex 88.7804 0.0768585 0
      vertex 88.3921 0.0192604 0
    endloop
  endfacet
  facet normal 0 0 -1
    outer loop
      vertex 91.8278 73.1611 0
      vertex 88 76 0
      vertex 91.6955 73.5307 0
    endloop
  endfacet
  facet normal -0 0 -1
    outer loop
      vertex 92 4 0
      vertex 88 0 0
      vertex 84.2021 7.79792 0
    endloop
  endfacet
  facet normal 0 0 -1
    outer loop
      vertex 91.6955 73.5307 0
      vertex 88 76 0
      vertex 91.5277 73.8856 0
    endloop
  endfacet
  facet normal 0 0 -1
    outer loop
      vertex 91.5277 73.8856 0
      vertex 88 76 0
      vertex 91.3259 74.2223 0
    endloop
  endfacet
  facet normal 0 0 -1
    outer loop
      vertex 92 4 0
      vertex 84.6918 8.83337 0
      vertex 84.7 9 0
    endloop
  endfacet
  facet normal 0 0 -1
    outer loop
      vertex 92 4 0
      vertex 84.6673 8.66835 0
      vertex 84.6918 8.83337 0
    endloop
  endfacet
  facet normal 0 0 -1
    outer loop
      vertex 92 4 0
      vertex 84.6268 8.50652 0
      vertex 84.6673 8.66835 0
    endloop
  endfacet
  facet normal 0 0 -1
    outer loop
      vertex 92 4 0
      vertex 84.5706 8.34944 0
      vertex 84.6268 8.50652 0
    endloop
  endfacet
  facet normal 0 0 -1
    outer loop
      vertex 92 4 0
      vertex 84.4993 8.19862 0
      vertex 84.5706 8.34944 0
    endloop
  endfacet
  facet normal 0 0 -1
    outer loop
      vertex 92 4 0
      vertex 84.4135 8.05553 0
      vertex 84.4993 8.19862 0
    endloop
  endfacet
  facet normal 0 0 -1
    outer loop
      vertex 92 4 0
      vertex 84.3141 7.92153 0
      vertex 84.4135 8.05553 0
    endloop
  endfacet
  facet normal 0 0 -1
    outer loop
      vertex 92 4 0
      vertex 84.2021 7.79792 0
      vertex 84.3141 7.92153 0
    endloop
  endfacet
  facet normal 0 0 -1
    outer loop
      vertex 88 0 0
      vertex 84.0785 7.68588 0
      vertex 84.2021 7.79792 0
    endloop
  endfacet
  facet normal 0 0 -1
    outer loop
      vertex 88 0 0
      vertex 83.9445 7.5865 0
      vertex 84.0785 7.68588 0
    endloop
  endfacet
  facet normal 0 0 -1
    outer loop
      vertex 88 0 0
      vertex 83.8014 7.50073 0
      vertex 83.9445 7.5865 0
    endloop
  endfacet
  facet normal 0 0 -1
    outer loop
      vertex 88 0 0
      vertex 83.6506 7.4294 0
      vertex 83.8014 7.50073 0
    endloop
  endfacet
  facet normal 0 0 -1
    outer loop
      vertex 88 0 0
      vertex 83.4935 7.3732 0
      vertex 83.6506 7.4294 0
    endloop
  endfacet
  facet normal 0 0 -1
    outer loop
      vertex 88 0 0
      vertex 83.3316 7.33266 0
      vertex 83.4935 7.3732 0
    endloop
  endfacet
  facet normal 0 0 -1
    outer loop
      vertex 88 0 0
      vertex 83.1666 7.30819 0
      vertex 83.3316 7.33266 0
    endloop
  endfacet
  facet normal 0 0 -1
    outer loop
      vertex 88 0 0
      vertex 83 7.3 0
      vertex 83.1666 7.30819 0
    endloop
  endfacet
  facet normal 0 0 -1
    outer loop
      vertex 88 0 0
      vertex 82.8334 7.30819 0
      vertex 83 7.3 0
    endloop
  endfacet
  facet normal 0 0 -1
    outer loop
      vertex 88 0 0
      vertex 82.6684 7.33266 0
      vertex 82.8334 7.30819 0
    endloop
  endfacet
  facet normal 0 0 -1
    outer loop
      vertex 88 0 0
      vertex 82.5065 7.3732 0
      vertex 82.6684 7.33266 0
    endloop
  endfacet
  facet normal 0 0 -1
    outer loop
      vertex 88 0 0
      vertex 82.3494 7.4294 0
      vertex 82.5065 7.3732 0
    endloop
  endfacet
  facet normal 0 0 -1
    outer loop
      vertex 88 0 0
      vertex 82.1986 7.50073 0
      vertex 82.3494 7.4294 0
    endloop
  endfacet
  facet normal 0 0 -1
    outer loop
      vertex 88 0 0
      vertex 82.0555 7.5865 0
      vertex 82.1986 7.50073 0
    endloop
  endfacet
  facet normal 0 0 -1
    outer loop
      vertex 88 0 0
      vertex 81.9215 7.68588 0
      vertex 82.0555 7.5865 0
    endloop
  endfacet
  facet normal 0 0 -1
    outer loop
      vertex 88 0 0
      vertex 81.7979 7.79792 0
      vertex 81.9215 7.68588 0
    endloop
  endfacet
  facet normal 0 0 -1
    outer loop
      vertex 10.2021 7.79792 0
      vertex 81.7979 7.79792 0
      vertex 88 0 0
    endloop
  endfacet
  facet normal 0 0 -1
    outer loop
      vertex 81.3082 66.8334 0
      vertex 50 72.6 0
      vertex 81.3 67 0
    endloop
  endfacet
  facet normal 0 0 -1
    outer loop
      vertex 10.7 9 0
      vertex 81.3 9 0
      vertex 81.3082 8.83337 0
    endloop
  endfacet
  facet normal 0 0 -1
    outer loop
      vertex 10.6918 8.83337 0
      vertex 81.3082 8.83337 0
      vertex 81.3327 8.66835 0
    endloop
  endfacet
  facet normal 0 0 -1
    outer loop
      vertex 10.6673 8.66835 0
      vertex 81.3327 8.66835 0
      vertex 81.3732 8.50652 0
    endloop
  endfacet
  facet normal 0 0 -1
    outer loop
      vertex 10.6268 8.50652 0
      vertex 81.3732 8.50652 0
      vertex 81.4294 8.34944 0
    endloop
  endfacet
  facet normal 0 0 -1
    outer loop
      vertex 10.5706 8.34944 0
      vertex 81.4294 8.34944 0
      vertex 81.5007 8.19862 0
    endloop
  endfacet
  facet normal 0 0 -1
    outer loop
      vertex 81.5007 9.80137 0
      vertex 42 72.6 0
      vertex 50 72.6 0
    endloop
  endfacet
  facet normal 0 0 -1
    outer loop
      vertex 10.4993 8.19862 0
      vertex 81.5007 8.19862 0
      vertex 81.5865 8.05553 0
    endloop
  endfacet
  facet normal 0 0 -1
    outer loop
      vertex 81.3732 9.49348 0
      vertex 10.6268 9.49348 0
      vertex 81.4294 9.65056 0
    endloop
  endfacet
  facet normal 0 0 -1
    outer loop
      vertex 10.6268 9.49348 0
      vertex 81.3732 9.49348 0
      vertex 10.6673 9.33165 0
    endloop
  endfacet
  facet normal 0 0 -1
    outer loop
      vertex 10.4135 8.05553 0
      vertex 81.5865 8.05553 0
      vertex 81.6859 7.92153 0
    endloop
  endfacet
  facet normal 0 0 -1
    outer loop
      vertex 81.7979 7.79792 0
      vertex 10.2021 7.79792 0
      vertex 81.6859 7.92153 0
    endloop
  endfacet
  facet normal 0 0 -1
    outer loop
      vertex 81.3082 8.83337 0
      vertex 10.6918 8.83337 0
      vertex 10.7 9 0
    endloop
  endfacet
  facet normal 0 0 -1
    outer loop
      vertex 81.3327 8.66835 0
      vertex 10.6673 8.66835 0
      vertex 10.6918 8.83337 0
    endloop
  endfacet
  facet normal 0 0 -1
    outer loop
      vertex 81.3732 8.50652 0
      vertex 10.6268 8.50652 0
      vertex 10.6673 8.66835 0
    endloop
  endfacet
  facet normal 0 0 -1
    outer loop
      vertex 81.4294 8.34944 0
      vertex 10.5706 8.34944 0
      vertex 10.6268 8.50652 0
    endloop
  endfacet
  facet normal 0 0 -1
    outer loop
      vertex 81.5007 8.19862 0
      vertex 10.4993 8.19862 0
      vertex 10.5706 8.34944 0
    endloop
  endfacet
  facet normal 0 0 -1
    outer loop
      vertex 81.5865 8.05553 0
      vertex 10.4135 8.05553 0
      vertex 10.4993 8.19862 0
    endloop
  endfacet
  facet normal 0 0 -1
    outer loop
      vertex 81.6859 7.92153 0
      vertex 10.3141 7.92153 0
      vertex 10.4135 8.05553 0
    endloop
  endfacet
  facet normal -0 0 -1
    outer loop
      vertex 81.6859 7.92153 0
      vertex 10.2021 7.79792 0
      vertex 10.3141 7.92153 0
    endloop
  endfacet
  facet normal 0 0 -1
    outer loop
      vertex 4 0 0
      vertex 10.2021 7.79792 0
      vertex 88 0 0
    endloop
  endfacet
  facet normal 0 0 -1
    outer loop
      vertex 10.2021 7.79792 0
      vertex 4 0 0
      vertex 10.0785 7.68588 0
    endloop
  endfacet
  facet normal 0 0 -1
    outer loop
      vertex 10.0785 7.68588 0
      vertex 4 0 0
      vertex 9.94447 7.5865 0
    endloop
  endfacet
  facet normal 0 0 -1
    outer loop
      vertex 9.94447 7.5865 0
      vertex 4 0 0
      vertex 9.80137 7.50073 0
    endloop
  endfacet
  facet normal 0 0 -1
    outer loop
      vertex 9.80137 7.50073 0
      vertex 4 0 0
      vertex 9.65056 7.4294 0
    endloop
  endfacet
  facet normal 0 0 -1
    outer loop
      vertex 9.65056 7.4294 0
      vertex 4 0 0
      vertex 9.49348 7.3732 0
    endloop
  endfacet
  facet normal 0 0 -1
    outer loop
      vertex 9.49348 7.3732 0
      vertex 4 0 0
      vertex 9.33165 7.33266 0
    endloop
  endfacet
  facet normal 0 0 -1
    outer loop
      vertex 9.33165 7.33266 0
      vertex 4 0 0
      vertex 9.16663 7.30819 0
    endloop
  endfacet
  facet normal 0 0 -1
    outer loop
      vertex 9.16663 7.30819 0
      vertex 4 0 0
      vertex 9 7.3 0
    endloop
  endfacet
  facet normal -0 0 -1
    outer loop
      vertex 7.30819 8.83337 0
      vertex 0 4 0
      vertex 7.3 9 0
    endloop
  endfacet
  facet normal -0 0 -1
    outer loop
      vertex 7.33266 8.66835 0
      vertex 0 4 0
      vertex 7.30819 8.83337 0
    endloop
  endfacet
  facet normal -0 0 -1
    outer loop
      vertex 7.3732 8.50652 0
      vertex 0 4 0
      vertex 7.33266 8.66835 0
    endloop
  endfacet
  facet normal -0 0 -1
    outer loop
      vertex 7.4294 8.34944 0
      vertex 0 4 0
      vertex 7.3732 8.50652 0
    endloop
  endfacet
  facet normal -0 0 -1
    outer loop
      vertex 7.50073 8.19862 0
      vertex 0 4 0
      vertex 7.4294 8.34944 0
    endloop
  endfacet
  facet normal -0 0 -1
    outer loop
      vertex 7.5865 8.05553 0
      vertex 0 4 0
      vertex 7.50073 8.19862 0
    endloop
  endfacet
  facet normal -0 0 -1
    outer loop
      vertex 7.68588 7.92153 0
      vertex 0 4 0
      vertex 7.5865 8.05553 0
    endloop
  endfacet
  facet normal -0 0 -1
    outer loop
      vertex 7.79792 7.79792 0
      vertex 0 4 0
      vertex 7.68588 7.92153 0
    endloop
  endfacet
  facet normal 0 0 -1
    outer loop
      vertex 0 4 0
      vertex 7.79792 7.79792 0
      vertex 4 0 0
    endloop
  endfacet
  facet normal -0 0 -1
    outer loop
      vertex 7.92153 7.68588 0
      vertex 4 0 0
      vertex 7.79792 7.79792 0
    endloop
  endfacet
  facet normal -0 0 -1
    outer loop
      vertex 8.05553 7.5865 0
      vertex 4 0 0
      vertex 7.92153 7.68588 0
    endloop
  endfacet
  facet normal -0 0 -1
    outer loop
      vertex 8.19862 7.50073 0
      vertex 4 0 0
      vertex 8.05553 7.5865 0
    endloop
  endfacet
  facet normal -0 0 -1
    outer loop
      vertex 8.34944 7.4294 0
      vertex 4 0 0
      vertex 8.19862 7.50073 0
    endloop
  endfacet
  facet normal -0 0 -1
    outer loop
      vertex 8.50652 7.3732 0
      vertex 4 0 0
      vertex 8.34944 7.4294 0
    endloop
  endfacet
  facet normal -0 0 -1
    outer loop
      vertex 8.66835 7.33266 0
      vertex 4 0 0
      vertex 8.50652 7.3732 0
    endloop
  endfacet
  facet normal -0 0 -1
    outer loop
      vertex 8.83337 7.30819 0
      vertex 4 0 0
      vertex 8.66835 7.33266 0
    endloop
  endfacet
  facet normal -0 0 -1
    outer loop
      vertex 9 7.3 0
      vertex 4 0 0
      vertex 8.83337 7.30819 0
    endloop
  endfacet
  facet normal 0 0 -1
    outer loop
      vertex 91.092 74.5376 0
      vertex 88 76 0
      vertex 90.8284 74.8284 0
    endloop
  endfacet
  facet normal 0 0 -1
    outer loop
      vertex 90.8284 74.8284 0
      vertex 88 76 0
      vertex 90.5376 75.092 0
    endloop
  endfacet
  facet normal 0 0 -1
    outer loop
      vertex 90.5376 75.092 0
      vertex 88 76 0
      vertex 90.2223 75.3259 0
    endloop
  endfacet
  facet normal 0 0 -1
    outer loop
      vertex 90.2223 75.3259 0
      vertex 88 76 0
      vertex 89.8856 75.5277 0
    endloop
  endfacet
  facet normal 0 0 -1
    outer loop
      vertex 89.8856 75.5277 0
      vertex 88 76 0
      vertex 89.5307 75.6955 0
    endloop
  endfacet
  facet normal 0 0 -1
    outer loop
      vertex 89.5307 75.6955 0
      vertex 88 76 0
      vertex 89.1611 75.8278 0
    endloop
  endfacet
  facet normal 0 0 -1
    outer loop
      vertex 89.1611 75.8278 0
      vertex 88 76 0
      vertex 88.7804 75.9231 0
    endloop
  endfacet
  facet normal 0 0 -1
    outer loop
      vertex 88.7804 75.9231 0
      vertex 88 76 0
      vertex 88.3921 75.9807 0
    endloop
  endfacet
  facet normal 0 0 -1
    outer loop
      vertex 91.3259 74.2223 0
      vertex 88 76 0
      vertex 91.092 74.5376 0
    endloop
  endfacet
  facet normal 0 0 -1
    outer loop
      vertex 84.0785 68.3141 0
      vertex 88 76 0
      vertex 84.2021 68.2021 0
    endloop
  endfacet
  facet normal 0 0 -1
    outer loop
      vertex 83.9445 68.4135 0
      vertex 88 76 0
      vertex 84.0785 68.3141 0
    endloop
  endfacet
  facet normal 0 0 -1
    outer loop
      vertex 83.8014 68.4993 0
      vertex 88 76 0
      vertex 83.9445 68.4135 0
    endloop
  endfacet
  facet normal 0 0 -1
    outer loop
      vertex 83.6506 68.5706 0
      vertex 88 76 0
      vertex 83.8014 68.4993 0
    endloop
  endfacet
  facet normal 0 0 -1
    outer loop
      vertex 83.4935 68.6268 0
      vertex 88 76 0
      vertex 83.6506 68.5706 0
    endloop
  endfacet
  facet normal 0 0 -1
    outer loop
      vertex 83.3316 68.6673 0
      vertex 88 76 0
      vertex 83.4935 68.6268 0
    endloop
  endfacet
  facet normal 0 0 -1
    outer loop
      vertex 83.1666 68.6918 0
      vertex 88 76 0
      vertex 83.3316 68.6673 0
    endloop
  endfacet
  facet normal 0 0 -1
    outer loop
      vertex 83 68.7 0
      vertex 88 76 0
      vertex 83.1666 68.6918 0
    endloop
  endfacet
  facet normal 0 0 -1
    outer loop
      vertex 82.8334 68.6918 0
      vertex 88 76 0
      vertex 83 68.7 0
    endloop
  endfacet
  facet normal 0 0 -1
    outer loop
      vertex 82.6684 68.6673 0
      vertex 88 76 0
      vertex 82.8334 68.6918 0
    endloop
  endfacet
  facet normal 0 0 -1
    outer loop
      vertex 82.5065 68.6268 0
      vertex 88 76 0
      vertex 82.6684 68.6673 0
    endloop
  endfacet
  facet normal 0 0 -1
    outer loop
      vertex 82.3494 68.5706 0
      vertex 88 76 0
      vertex 82.5065 68.6268 0
    endloop
  endfacet
  facet normal 0 0 -1
    outer loop
      vertex 82.1986 68.4993 0
      vertex 88 76 0
      vertex 82.3494 68.5706 0
    endloop
  endfacet
  facet normal 0 0 -1
    outer loop
      vertex 82.0555 68.4135 0
      vertex 88 76 0
      vertex 82.1986 68.4993 0
    endloop
  endfacet
  facet normal 0 0 -1
    outer loop
      vertex 81.9215 68.3141 0
      vertex 88 76 0
      vertex 82.0555 68.4135 0
    endloop
  endfacet
  facet normal 0 0 -1
    outer loop
      vertex 50 76 0
      vertex 81.9215 68.3141 0
      vertex 81.7979 68.2021 0
    endloop
  endfacet
  facet normal 0 0 -1
    outer loop
      vertex 50 76 0
      vertex 81.7979 68.2021 0
      vertex 81.6859 68.0785 0
    endloop
  endfacet
  facet normal 0 0 -1
    outer loop
      vertex 50 72.6 0
      vertex 81.3082 67.1666 0
      vertex 81.3 67 0
    endloop
  endfacet
  facet normal 0 0 -1
    outer loop
      vertex 50 72.6 0
      vertex 81.3327 67.3316 0
      vertex 81.3082 67.1666 0
    endloop
  endfacet
  facet normal 0 0 -1
    outer loop
      vertex 50 72.6 0
      vertex 81.3732 67.4935 0
      vertex 81.3327 67.3316 0
    endloop
  endfacet
  facet normal 0 0 -1
    outer loop
      vertex 50 72.6 0
      vertex 81.4294 67.6506 0
      vertex 81.3732 67.4935 0
    endloop
  endfacet
  facet normal 0 0 -1
    outer loop
      vertex 50 76 0
      vertex 81.4294 67.6506 0
      vertex 50 72.6 0
    endloop
  endfacet
  facet normal 0 0 -1
    outer loop
      vertex 81.4294 67.6506 0
      vertex 50 76 0
      vertex 81.5007 67.8014 0
    endloop
  endfacet
  facet normal 0 0 -1
    outer loop
      vertex 81.5007 67.8014 0
      vertex 50 76 0
      vertex 81.5865 67.9445 0
    endloop
  endfacet
  facet normal 0 0 -1
    outer loop
      vertex 81.5865 67.9445 0
      vertex 50 76 0
      vertex 81.6859 68.0785 0
    endloop
  endfacet
  facet normal 0 0 -1
    outer loop
      vertex 81.9215 68.3141 0
      vertex 50 76 0
      vertex 88 76 0
    endloop
  endfacet
  facet normal 0 0 -1
    outer loop
      vertex 10.6918 67.1666 0
      vertex 42 72.6 0
      vertex 10.7 67 0
    endloop
  endfacet
  facet normal 0 0 -1
    outer loop
      vertex 10.6673 67.3316 0
      vertex 42 72.6 0
      vertex 10.6918 67.1666 0
    endloop
  endfacet
  facet normal 0 0 -1
    outer loop
      vertex 10.6268 67.4935 0
      vertex 42 72.6 0
      vertex 10.6673 67.3316 0
    endloop
  endfacet
  facet normal 0 0 -1
    outer loop
      vertex 10.5706 67.6506 0
      vertex 42 72.6 0
      vertex 10.6268 67.4935 0
    endloop
  endfacet
  facet normal -0 0 -1
    outer loop
      vertex 42 72.6 0
      vertex 10.5706 67.6506 0
      vertex 42 76 0
    endloop
  endfacet
  facet normal 0 0 -1
    outer loop
      vertex 10.4993 67.8014 0
      vertex 42 76 0
      vertex 10.5706 67.6506 0
    endloop
  endfacet
  facet normal 0 0 -1
    outer loop
      vertex 10.4135 67.9445 0
      vertex 42 76 0
      vertex 10.4993 67.8014 0
    endloop
  endfacet
  facet normal 0 0 -1
    outer loop
      vertex 10.3141 68.0785 0
      vertex 42 76 0
      vertex 10.4135 67.9445 0
    endloop
  endfacet
  facet normal 0 0 -1
    outer loop
      vertex 10.2021 68.2021 0
      vertex 42 76 0
      vertex 10.3141 68.0785 0
    endloop
  endfacet
  facet normal 0 0 -1
    outer loop
      vertex 10.0785 68.3141 0
      vertex 42 76 0
      vertex 10.2021 68.2021 0
    endloop
  endfacet
  facet normal 0 0 -1
    outer loop
      vertex 4 76 0
      vertex 10.0785 68.3141 0
      vertex 9.94447 68.4135 0
    endloop
  endfacet
  facet normal 0 0 -1
    outer loop
      vertex 4 76 0
      vertex 9.94447 68.4135 0
      vertex 9.80137 68.4993 0
    endloop
  endfacet
  facet normal 0 0 -1
    outer loop
      vertex 4 76 0
      vertex 9.80137 68.4993 0
      vertex 9.65056 68.5706 0
    endloop
  endfacet
  facet normal 0 0 -1
    outer loop
      vertex 4 76 0
      vertex 9.65056 68.5706 0
      vertex 9.49348 68.6268 0
    endloop
  endfacet
  facet normal 0 0 -1
    outer loop
      vertex 4 76 0
      vertex 9.49348 68.6268 0
      vertex 9.33165 68.6673 0
    endloop
  endfacet
  facet normal 0 0 -1
    outer loop
      vertex 4 76 0
      vertex 9.33165 68.6673 0
      vertex 9.16663 68.6918 0
    endloop
  endfacet
  facet normal 0 0 -1
    outer loop
      vertex 4 76 0
      vertex 9.16663 68.6918 0
      vertex 9 68.7 0
    endloop
  endfacet
  facet normal 0 0 -1
    outer loop
      vertex 4 76 0
      vertex 9 68.7 0
      vertex 8.83337 68.6918 0
    endloop
  endfacet
  facet normal 0 0 -1
    outer loop
      vertex 4 76 0
      vertex 8.83337 68.6918 0
      vertex 8.66835 68.6673 0
    endloop
  endfacet
  facet normal 0 0 -1
    outer loop
      vertex 7.33266 66.6684 0
      vertex 0 72 0
      vertex 7.30819 66.8334 0
    endloop
  endfacet
  facet normal 0 0 -1
    outer loop
      vertex 10.0785 68.3141 0
      vertex 4 76 0
      vertex 42 76 0
    endloop
  endfacet
  facet normal 0 0 -1
    outer loop
      vertex 8.50652 68.6268 0
      vertex 4 76 0
      vertex 8.66835 68.6673 0
    endloop
  endfacet
  facet normal 0 0 -1
    outer loop
      vertex 8.34944 68.5706 0
      vertex 4 76 0
      vertex 8.50652 68.6268 0
    endloop
  endfacet
  facet normal 0 0 -1
    outer loop
      vertex 8.19862 68.4993 0
      vertex 4 76 0
      vertex 8.34944 68.5706 0
    endloop
  endfacet
  facet normal 0 0 -1
    outer loop
      vertex 8.05553 68.4135 0
      vertex 4 76 0
      vertex 8.19862 68.4993 0
    endloop
  endfacet
  facet normal 0 0 -1
    outer loop
      vertex 7.92153 68.3141 0
      vertex 4 76 0
      vertex 8.05553 68.4135 0
    endloop
  endfacet
  facet normal 0 0 -1
    outer loop
      vertex 7.79792 68.2021 0
      vertex 4 76 0
      vertex 7.92153 68.3141 0
    endloop
  endfacet
  facet normal 0 0 -1
    outer loop
      vertex 0 72 0
      vertex 7.79792 68.2021 0
      vertex 7.68588 68.0785 0
    endloop
  endfacet
  facet normal 0 0 -1
    outer loop
      vertex 0 72 0
      vertex 7.68588 68.0785 0
      vertex 7.5865 67.9445 0
    endloop
  endfacet
  facet normal 0 0 -1
    outer loop
      vertex 0 72 0
      vertex 7.5865 67.9445 0
      vertex 7.50073 67.8014 0
    endloop
  endfacet
  facet normal 0 0 -1
    outer loop
      vertex 0 72 0
      vertex 7.50073 67.8014 0
      vertex 7.4294 67.6506 0
    endloop
  endfacet
  facet normal 0 0 -1
    outer loop
      vertex 0 72 0
      vertex 7.4294 67.6506 0
      vertex 7.3732 67.4935 0
    endloop
  endfacet
  facet normal 0 0 -1
    outer loop
      vertex 0 72 0
      vertex 7.3732 67.4935 0
      vertex 7.33266 67.3316 0
    endloop
  endfacet
  facet normal 0 0 -1
    outer loop
      vertex 0 72 0
      vertex 7.33266 67.3316 0
      vertex 7.30819 67.1666 0
    endloop
  endfacet
  facet normal 0 0 -1
    outer loop
      vertex 7.30819 66.8334 0
      vertex 0 72 0
      vertex 7.3 67 0
    endloop
  endfacet
  facet normal 0 0 -1
    outer loop
      vertex 0 4 0
      vertex 4 0 0
      vertex 3.60793 0.0192604 0
    endloop
  endfacet
  facet normal 0 0 -1
    outer loop
      vertex 7.3 67 0
      vertex 0 72 0
      vertex 7.30819 67.1666 0
    endloop
  endfacet
  facet normal 0 0 -1
    outer loop
      vertex 0 4 0
      vertex 3.60793 0.0192604 0
      vertex 3.21964 0.0768585 0
    endloop
  endfacet
  facet normal 0 0 -1
    outer loop
      vertex 7.79792 68.2021 0
      vertex 0 72 0
      vertex 4 76 0
    endloop
  endfacet
  facet normal 0 0 -1
    outer loop
      vertex 0 4 0
      vertex 3.21964 0.0768585 0
      vertex 2.83886 0.172238 0
    endloop
  endfacet
  facet normal 0 0 -1
    outer loop
      vertex 4 76 0
      vertex 0 72 0
      vertex 3.60793 75.9807 0
    endloop
  endfacet
  facet normal 0 0 -1
    outer loop
      vertex 0 4 0
      vertex 2.83886 0.172238 0
      vertex 2.46927 0.304482 0
    endloop
  endfacet
  facet normal 0 0 -1
    outer loop
      vertex 3.60793 75.9807 0
      vertex 0 72 0
      vertex 3.21964 75.9231 0
    endloop
  endfacet
  facet normal 0 0 -1
    outer loop
      vertex 0 4 0
      vertex 2.46927 0.304482 0
      vertex 2.11441 0.472315 0
    endloop
  endfacet
  facet normal 0 0 -1
    outer loop
      vertex 3.21964 75.9231 0
      vertex 0 72 0
      vertex 2.83886 75.8278 0
    endloop
  endfacet
  facet normal 0 0 -1
    outer loop
      vertex 0 4 0
      vertex 2.11441 0.472315 0
      vertex 1.77772 0.674121 0
    endloop
  endfacet
  facet normal 0 0 -1
    outer loop
      vertex 2.83886 75.8278 0
      vertex 0 72 0
      vertex 2.46927 75.6955 0
    endloop
  endfacet
  facet normal 0 0 -1
    outer loop
      vertex 0 4 0
      vertex 1.77772 0.674121 0
      vertex 1.46243 0.907958 0
    endloop
  endfacet
  facet normal 0 0 -1
    outer loop
      vertex 2.46927 75.6955 0
      vertex 0 72 0
      vertex 2.11441 75.5277 0
    endloop
  endfacet
  facet normal 0 0 -1
    outer loop
      vertex 0 4 0
      vertex 1.46243 0.907958 0
      vertex 1.17157 1.17157 0
    endloop
  endfacet
  facet normal 0 0 -1
    outer loop
      vertex 2.11441 75.5277 0
      vertex 0 72 0
      vertex 1.77772 75.3259 0
    endloop
  endfacet
  facet normal 0 0 -1
    outer loop
      vertex 0 4 0
      vertex 1.17157 1.17157 0
      vertex 0.907958 1.46243 0
    endloop
  endfacet
  facet normal 0 0 -1
    outer loop
      vertex 1.77772 75.3259 0
      vertex 0 72 0
      vertex 1.46243 75.092 0
    endloop
  endfacet
  facet normal 0 0 -1
    outer loop
      vertex 0 4 0
      vertex 0.907958 1.46243 0
      vertex 0.674121 1.77772 0
    endloop
  endfacet
  facet normal 0 0 -1
    outer loop
      vertex 1.46243 75.092 0
      vertex 0 72 0
      vertex 1.17157 74.8284 0
    endloop
  endfacet
  facet normal 0 0 -1
    outer loop
      vertex 0 4 0
      vertex 0.674121 1.77772 0
      vertex 0.472315 2.11441 0
    endloop
  endfacet
  facet normal 0 0 -1
    outer loop
      vertex 1.17157 74.8284 0
      vertex 0 72 0
      vertex 0.907958 74.5376 0
    endloop
  endfacet
  facet normal 0 0 -1
    outer loop
      vertex 0 4 0
      vertex 0.472315 2.11441 0
      vertex 0.304482 2.46927 0
    endloop
  endfacet
  facet normal 0 0 -1
    outer loop
      vertex 0.907958 74.5376 0
      vertex 0 72 0
      vertex 0.674121 74.2223 0
    endloop
  endfacet
  facet normal 0 0 -1
    outer loop
      vertex 0 4 0
      vertex 0.304482 2.46927 0
      vertex 0.172238 2.83886 0
    endloop
  endfacet
  facet normal 0 0 -1
    outer loop
      vertex 0.674121 74.2223 0
      vertex 0 72 0
      vertex 0.472315 73.8856 0
    endloop
  endfacet
  facet normal 0 0 -1
    outer loop
      vertex 0 4 0
      vertex 0.172238 2.83886 0
      vertex 0.0768585 3.21964 0
    endloop
  endfacet
  facet normal 0 0 -1
    outer loop
      vertex 0.472315 73.8856 0
      vertex 0 72 0
      vertex 0.304482 73.5307 0
    endloop
  endfacet
  facet normal 0 0 -1
    outer loop
      vertex 0 4 0
      vertex 0.0768585 3.21964 0
      vertex 0.0192604 3.60793 0
    endloop
  endfacet
  facet normal 0 0 -1
    outer loop
      vertex 0.304482 73.5307 0
      vertex 0 72 0
      vertex 0.172238 73.1611 0
    endloop
  endfacet
  facet normal 0 0 -1
    outer loop
      vertex 0.172238 73.1611 0
      vertex 0 72 0
      vertex 0.0768585 72.7804 0
    endloop
  endfacet
  facet normal 0 0 -1
    outer loop
      vertex 0.0768585 72.7804 0
      vertex 0 72 0
      vertex 0.0192604 72.3921 0
    endloop
  endfacet
  facet normal -0.941542 -0.336896 0
    outer loop
      vertex 0.304482 2.46927 0
      vertex 0.172238 2.83886 3
      vertex 0.172238 2.83886 0
    endloop
  endfacet
  facet normal -0.941542 -0.336896 0
    outer loop
      vertex 0.172238 2.83886 3
      vertex 0.304482 2.46927 0
      vertex 0.304482 2.46927 3
    endloop
  endfacet
  facet normal 1 -0 0
    outer loop
      vertex 77 2.9 5
      vertex 77 4.3 3
      vertex 77 4.3 5
    endloop
  endfacet
  facet normal 1 0 0
    outer loop
      vertex 77 4.3 3
      vertex 77 2.9 5
      vertex 77 2.9 3
    endloop
  endfacet
  facet normal -0 0 1
    outer loop
      vertex 15 4.3 5
      vertex 77 2.9 5
      vertex 77 4.3 5
    endloop
  endfacet
  facet normal 0 0 1
    outer loop
      vertex 77 2.9 5
      vertex 15 4.3 5
      vertex 15 2.9 5
    endloop
  endfacet
  facet normal -1 0 0
    outer loop
      vertex 15 2.9 3
      vertex 15 4.3 5
      vertex 15 4.3 3
    endloop
  endfacet
  facet normal -1 -0 0
    outer loop
      vertex 15 4.3 5
      vertex 15 2.9 3
      vertex 15 2.9 5
    endloop
  endfacet
  facet normal 0 1 -0
    outer loop
      vertex 77 4.3 3
      vertex 15 4.3 5
      vertex 77 4.3 5
    endloop
  endfacet
  facet normal 0 1 0
    outer loop
      vertex 15 4.3 5
      vertex 77 4.3 3
      vertex 15 4.3 3
    endloop
  endfacet
  facet normal 0 -1 0
    outer loop
      vertex 15 2.9 3
      vertex 77 2.9 5
      vertex 15 2.9 5
    endloop
  endfacet
  facet normal 0 -1 -0
    outer loop
      vertex 77 2.9 5
      vertex 15 2.9 3
      vertex 77 2.9 3
    endloop
  endfacet
  facet normal 1 -0 0
    outer loop
      vertex 77 71.7 5
      vertex 77 73.1 3
      vertex 77 73.1 5
    endloop
  endfacet
  facet normal 1 0 0
    outer loop
      vertex 77 73.1 3
      vertex 77 71.7 5
      vertex 77 71.7 3
    endloop
  endfacet
  facet normal 0 0 1
    outer loop
      vertex 42 73.1 5
      vertex 15 73.1 5
      vertex 42 72.6 5
    endloop
  endfacet
  facet normal 0 0 1
    outer loop
      vertex 50 72.6 5
      vertex 77 73.1 5
      vertex 50 73.1 5
    endloop
  endfacet
  facet normal 0 0 1
    outer loop
      vertex 77 73.1 5
      vertex 50 72.6 5
      vertex 77 71.7 5
    endloop
  endfacet
  facet normal -0 0 1
    outer loop
      vertex 42 72.6 5
      vertex 77 71.7 5
      vertex 50 72.6 5
    endloop
  endfacet
  facet normal 0 0 1
    outer loop
      vertex 15 71.7 5
      vertex 42 72.6 5
      vertex 15 73.1 5
    endloop
  endfacet
  facet normal 0 0 1
    outer loop
      vertex 42 72.6 5
      vertex 15 71.7 5
      vertex 77 71.7 5
    endloop
  endfacet
  facet normal -1 0 0
    outer loop
      vertex 15 71.7 3
      vertex 15 73.1 5
      vertex 15 73.1 3
    endloop
  endfacet
  facet normal -1 -0 0
    outer loop
      vertex 15 73.1 5
      vertex 15 71.7 3
      vertex 15 71.7 5
    endloop
  endfacet
  facet normal 0 1 -0
    outer loop
      vertex 42 73.1 3
      vertex 15 73.1 5
      vertex 42 73.1 5
    endloop
  endfacet
  facet normal 0 1 0
    outer loop
      vertex 15 73.1 5
      vertex 42 73.1 3
      vertex 15 73.1 3
    endloop
  endfacet
  facet normal 0 1 -0
    outer loop
      vertex 77 73.1 3
      vertex 50 73.1 5
      vertex 77 73.1 5
    endloop
  endfacet
  facet normal 0 1 0
    outer loop
      vertex 50 73.1 5
      vertex 77 73.1 3
      vertex 50 73.1 3
    endloop
  endfacet
  facet normal 0 -1 0
    outer loop
      vertex 15 71.7 3
      vertex 77 71.7 5
      vertex 15 71.7 5
    endloop
  endfacet
  facet normal 0 -1 -0
    outer loop
      vertex 77 71.7 5
      vertex 15 71.7 3
      vertex 77 71.7 3
    endloop
  endfacet
  facet normal 1 -0 0
    outer loop
      vertex 4.3 15 5
      vertex 4.3 61 3
      vertex 4.3 61 5
    endloop
  endfacet
  facet normal 1 0 0
    outer loop
      vertex 4.3 61 3
      vertex 4.3 15 5
      vertex 4.3 15 3
    endloop
  endfacet
  facet normal -0 0 1
    outer loop
      vertex 2.9 61 5
      vertex 4.3 15 5
      vertex 4.3 61 5
    endloop
  endfacet
  facet normal 0 0 1
    outer loop
      vertex 4.3 15 5
      vertex 2.9 61 5
      vertex 2.9 15 5
    endloop
  endfacet
  facet normal -1 0 0
    outer loop
      vertex 2.9 15 3
      vertex 2.9 61 5
      vertex 2.9 61 3
    endloop
  endfacet
  facet normal -1 -0 0
    outer loop
      vertex 2.9 61 5
      vertex 2.9 15 3
      vertex 2.9 15 5
    endloop
  endfacet
  facet normal 0 1 -0
    outer loop
      vertex 4.3 61 3
      vertex 2.9 61 5
      vertex 4.3 61 5
    endloop
  endfacet
  facet normal 0 1 0
    outer loop
      vertex 2.9 61 5
      vertex 4.3 61 3
      vertex 2.9 61 3
    endloop
  endfacet
  facet normal 0 -1 0
    outer loop
      vertex 2.9 15 3
      vertex 4.3 15 5
      vertex 2.9 15 5
    endloop
  endfacet
  facet normal 0 -1 -0
    outer loop
      vertex 4.3 15 5
      vertex 2.9 15 3
      vertex 4.3 15 3
    endloop
  endfacet
  facet normal 1 -0 0
    outer loop
      vertex 89.1 15 5
      vertex 89.1 61 3
      vertex 89.1 61 5
    endloop
  endfacet
  facet normal 1 0 0
    outer loop
      vertex 89.1 61 3
      vertex 89.1 15 5
      vertex 89.1 15 3
    endloop
  endfacet
  facet normal -0 0 1
    outer loop
      vertex 87.7 61 5
      vertex 89.1 15 5
      vertex 89.1 61 5
    endloop
  endfacet
  facet normal 0 0 1
    outer loop
      vertex 89.1 15 5
      vertex 87.7 61 5
      vertex 87.7 15 5
    endloop
  endfacet
  facet normal -1 0 0
    outer loop
      vertex 87.7 15 3
      vertex 87.7 61 5
      vertex 87.7 61 3
    endloop
  endfacet
  facet normal -1 -0 0
    outer loop
      vertex 87.7 61 5
      vertex 87.7 15 3
      vertex 87.7 15 5
    endloop
  endfacet
  facet normal 0 1 -0
    outer loop
      vertex 89.1 61 3
      vertex 87.7 61 5
      vertex 89.1 61 5
    endloop
  endfacet
  facet normal 0 1 0
    outer loop
      vertex 87.7 61 5
      vertex 89.1 61 3
      vertex 87.7 61 3
    endloop
  endfacet
  facet normal 0 -1 0
    outer loop
      vertex 87.7 15 3
      vertex 89.1 15 5
      vertex 87.7 15 5
    endloop
  endfacet
  facet normal 0 -1 -0
    outer loop
      vertex 89.1 15 5
      vertex 87.7 15 3
      vertex 89.1 15 3
    endloop
  endfacet
  facet normal 0.903984 -0.427566 0
    outer loop
      vertex 7.4294 9.65056 1.8
      vertex 7.50073 9.80137 0
      vertex 7.50073 9.80137 1.8
    endloop
  endfacet
  facet normal 0.903984 -0.427566 0
    outer loop
      vertex 7.50073 9.80137 0
      vertex 7.4294 9.65056 1.8
      vertex 7.4294 9.65056 0
    endloop
  endfacet
  facet normal -0.989158 -0.146857 0
    outer loop
      vertex 10.6918 9.16663 0
      vertex 10.6673 9.33165 1.8
      vertex 10.6673 9.33165 0
    endloop
  endfacet
  facet normal -0.989158 -0.146857 0
    outer loop
      vertex 10.6673 9.33165 1.8
      vertex 10.6918 9.16663 0
      vertex 10.6918 9.16663 1.8
    endloop
  endfacet
  facet normal -0.998791 -0.0491513 0
    outer loop
      vertex 10.7 9 0
      vertex 10.6918 9.16663 1.8
      vertex 10.6918 9.16663 0
    endloop
  endfacet
  facet normal -0.998791 -0.0491513 0
    outer loop
      vertex 10.6918 9.16663 1.8
      vertex 10.7 9 0
      vertex 10.7 9 1.8
    endloop
  endfacet
  facet normal -0.970083 -0.242775 0
    outer loop
      vertex 10.6673 9.33165 0
      vertex 10.6268 9.49348 1.8
      vertex 10.6268 9.49348 0
    endloop
  endfacet
  facet normal -0.970083 -0.242775 0
    outer loop
      vertex 10.6268 9.49348 1.8
      vertex 10.6673 9.33165 0
      vertex 10.6673 9.33165 1.8
    endloop
  endfacet
  facet normal -0.146857 -0.989158 0
    outer loop
      vertex 9.16663 10.6918 0
      vertex 9.33165 10.6673 1.8
      vertex 9.16663 10.6918 1.8
    endloop
  endfacet
  facet normal -0.146857 -0.989158 -0
    outer loop
      vertex 9.33165 10.6673 1.8
      vertex 9.16663 10.6918 0
      vertex 9.33165 10.6673 0
    endloop
  endfacet
  facet normal 0.146857 -0.989158 0
    outer loop
      vertex 8.66835 10.6673 0
      vertex 8.83337 10.6918 1.8
      vertex 8.66835 10.6673 1.8
    endloop
  endfacet
  facet normal 0.146857 -0.989158 0
    outer loop
      vertex 8.83337 10.6918 1.8
      vertex 8.66835 10.6673 0
      vertex 8.83337 10.6918 0
    endloop
  endfacet
  facet normal -0.803217 -0.595686 0
    outer loop
      vertex 10.4135 9.94447 0
      vertex 10.3141 10.0785 1.8
      vertex 10.3141 10.0785 0
    endloop
  endfacet
  facet normal -0.803217 -0.595686 0
    outer loop
      vertex 10.3141 10.0785 1.8
      vertex 10.4135 9.94447 0
      vertex 10.4135 9.94447 1.8
    endloop
  endfacet
  facet normal -0.514099 0.857731 0
    outer loop
      vertex 9.94447 7.5865 0
      vertex 9.80137 7.50073 1.8
      vertex 9.94447 7.5865 1.8
    endloop
  endfacet
  facet normal -0.514099 0.857731 0
    outer loop
      vertex 9.80137 7.50073 1.8
      vertex 9.94447 7.5865 0
      vertex 9.80137 7.50073 0
    endloop
  endfacet
  facet normal -0.595686 -0.803217 0
    outer loop
      vertex 9.94447 10.4135 0
      vertex 10.0785 10.3141 1.8
      vertex 9.94447 10.4135 1.8
    endloop
  endfacet
  facet normal -0.595686 -0.803217 -0
    outer loop
      vertex 10.0785 10.3141 1.8
      vertex 9.94447 10.4135 0
      vertex 10.0785 10.3141 0
    endloop
  endfacet
  facet normal -0.998791 0.0491513 0
    outer loop
      vertex 10.6918 8.83337 0
      vertex 10.7 9 1.8
      vertex 10.7 9 0
    endloop
  endfacet
  facet normal -0.998791 0.0491513 0
    outer loop
      vertex 10.7 9 1.8
      vertex 10.6918 8.83337 0
      vertex 10.6918 8.83337 1.8
    endloop
  endfacet
  facet normal 0.242775 -0.970083 0
    outer loop
      vertex 8.50652 10.6268 0
      vertex 8.66835 10.6673 1.8
      vertex 8.50652 10.6268 1.8
    endloop
  endfacet
  facet normal 0.242775 -0.970083 0
    outer loop
      vertex 8.66835 10.6673 1.8
      vertex 8.50652 10.6268 0
      vertex 8.66835 10.6673 0
    endloop
  endfacet
  facet normal 0.803275 -0.595609 0
    outer loop
      vertex 7.5865 9.94447 1.8
      vertex 7.68588 10.0785 0
      vertex 7.68588 10.0785 1.8
    endloop
  endfacet
  facet normal 0.803275 -0.595609 0
    outer loop
      vertex 7.68588 10.0785 0
      vertex 7.5865 9.94447 1.8
      vertex 7.5865 9.94447 0
    endloop
  endfacet
  facet normal 0.427543 0.903995 -0
    outer loop
      vertex 8.34944 7.4294 0
      vertex 8.19862 7.50073 1.8
      vertex 8.34944 7.4294 1.8
    endloop
  endfacet
  facet normal 0.427543 0.903995 0
    outer loop
      vertex 8.19862 7.50073 1.8
      vertex 8.34944 7.4294 0
      vertex 8.19862 7.50073 0
    endloop
  endfacet
  facet normal -0.427419 -0.904054 0
    outer loop
      vertex 9.65056 10.5706 0
      vertex 9.80137 10.4993 1.8
      vertex 9.65056 10.5706 1.8
    endloop
  endfacet
  facet normal -0.427419 -0.904054 -0
    outer loop
      vertex 9.80137 10.4993 1.8
      vertex 9.65056 10.5706 0
      vertex 9.80137 10.4993 0
    endloop
  endfacet
  facet normal 0.989184 0.146681 0
    outer loop
      vertex 7.33266 8.66835 1.8
      vertex 7.30819 8.83337 0
      vertex 7.30819 8.83337 1.8
    endloop
  endfacet
  facet normal 0.989184 0.146681 0
    outer loop
      vertex 7.30819 8.83337 0
      vertex 7.33266 8.66835 1.8
      vertex 7.33266 8.66835 0
    endloop
  endfacet
  facet normal -0.67161 0.740905 0
    outer loop
      vertex 10.2021 7.79792 0
      vertex 10.0785 7.68588 1.8
      vertex 10.2021 7.79792 1.8
    endloop
  endfacet
  facet normal -0.67161 0.740905 0
    outer loop
      vertex 10.0785 7.68588 1.8
      vertex 10.2021 7.79792 0
      vertex 10.0785 7.68588 0
    endloop
  endfacet
  facet normal 0.427396 -0.904065 0
    outer loop
      vertex 8.19862 10.4993 0
      vertex 8.34944 10.5706 1.8
      vertex 8.19862 10.4993 1.8
    endloop
  endfacet
  facet normal 0.427396 -0.904065 0
    outer loop
      vertex 8.34944 10.5706 1.8
      vertex 8.19862 10.4993 0
      vertex 8.34944 10.5706 0
    endloop
  endfacet
  facet normal -0.970083 0.242775 0
    outer loop
      vertex 10.6268 8.50652 0
      vertex 10.6673 8.66835 1.8
      vertex 10.6673 8.66835 0
    endloop
  endfacet
  facet normal -0.970083 0.242775 0
    outer loop
      vertex 10.6673 8.66835 1.8
      vertex 10.6268 8.50652 0
      vertex 10.6268 8.50652 1.8
    endloop
  endfacet
  facet normal -0.243001 0.970026 0
    outer loop
      vertex 9.49348 7.3732 0
      vertex 9.33165 7.33266 1.8
      vertex 9.49348 7.3732 1.8
    endloop
  endfacet
  facet normal -0.243001 0.970026 0
    outer loop
      vertex 9.33165 7.33266 1.8
      vertex 9.49348 7.3732 0
      vertex 9.33165 7.33266 0
    endloop
  endfacet
  facet normal 0.989184 -0.146681 0
    outer loop
      vertex 7.30819 9.16663 1.8
      vertex 7.33266 9.33165 0
      vertex 7.33266 9.33165 1.8
    endloop
  endfacet
  facet normal 0.989184 -0.146681 0
    outer loop
      vertex 7.33266 9.33165 0
      vertex 7.30819 9.16663 1.8
      vertex 7.30819 9.16663 0
    endloop
  endfacet
  facet normal -0.941552 -0.336868 0
    outer loop
      vertex 10.6268 9.49348 0
      vertex 10.5706 9.65056 1.8
      vertex 10.5706 9.65056 0
    endloop
  endfacet
  facet normal -0.941552 -0.336868 0
    outer loop
      vertex 10.5706 9.65056 1.8
      vertex 10.6268 9.49348 0
      vertex 10.6268 9.49348 1.8
    endloop
  endfacet
  facet normal 0.514125 0.857715 -0
    outer loop
      vertex 8.19862 7.50073 0
      vertex 8.05553 7.5865 1.8
      vertex 8.19862 7.50073 1.8
    endloop
  endfacet
  facet normal 0.514125 0.857715 0
    outer loop
      vertex 8.05553 7.5865 1.8
      vertex 8.19862 7.50073 0
      vertex 8.05553 7.5865 0
    endloop
  endfacet
  facet normal 0.970026 -0.243001 0
    outer loop
      vertex 7.33266 9.33165 1.8
      vertex 7.3732 9.49348 0
      vertex 7.3732 9.49348 1.8
    endloop
  endfacet
  facet normal 0.970026 -0.243001 0
    outer loop
      vertex 7.3732 9.49348 0
      vertex 7.33266 9.33165 1.8
      vertex 7.33266 9.33165 0
    endloop
  endfacet
  facet normal -0.803154 0.595772 0
    outer loop
      vertex 10.3141 7.92153 0
      vertex 10.4135 8.05553 1.8
      vertex 10.4135 8.05553 0
    endloop
  endfacet
  facet normal -0.803154 0.595772 0
    outer loop
      vertex 10.4135 8.05553 1.8
      vertex 10.3141 7.92153 0
      vertex 10.3141 7.92153 1.8
    endloop
  endfacet
  facet normal 0.595695 0.803211 -0
    outer loop
      vertex 8.05553 7.5865 0
      vertex 7.92153 7.68588 1.8
      vertex 8.05553 7.5865 1.8
    endloop
  endfacet
  facet normal 0.595695 0.803211 0
    outer loop
      vertex 7.92153 7.68588 1.8
      vertex 8.05553 7.5865 0
      vertex 7.92153 7.68588 0
    endloop
  endfacet
  facet normal 0.336868 0.941552 -0
    outer loop
      vertex 8.50652 7.3732 0
      vertex 8.34944 7.4294 1.8
      vertex 8.50652 7.3732 1.8
    endloop
  endfacet
  facet normal 0.336868 0.941552 0
    outer loop
      vertex 8.34944 7.4294 1.8
      vertex 8.50652 7.3732 0
      vertex 8.34944 7.4294 0
    endloop
  endfacet
  facet normal -0.336868 -0.941552 0
    outer loop
      vertex 9.49348 10.6268 0
      vertex 9.65056 10.5706 1.8
      vertex 9.49348 10.6268 1.8
    endloop
  endfacet
  facet normal -0.336868 -0.941552 -0
    outer loop
      vertex 9.65056 10.5706 1.8
      vertex 9.49348 10.6268 0
      vertex 9.65056 10.5706 0
    endloop
  endfacet
  facet normal 0.740932 0.67158 0
    outer loop
      vertex 7.79792 7.79792 1.8
      vertex 7.68588 7.92153 0
      vertex 7.68588 7.92153 1.8
    endloop
  endfacet
  facet normal 0.740932 0.67158 0
    outer loop
      vertex 7.68588 7.92153 0
      vertex 7.79792 7.79792 1.8
      vertex 7.79792 7.79792 0
    endloop
  endfacet
  facet normal -0.514231 -0.857652 0
    outer loop
      vertex 9.80137 10.4993 0
      vertex 9.94447 10.4135 1.8
      vertex 9.80137 10.4993 1.8
    endloop
  endfacet
  facet normal -0.514231 -0.857652 -0
    outer loop
      vertex 9.94447 10.4135 1.8
      vertex 9.80137 10.4993 0
      vertex 9.94447 10.4135 0
    endloop
  endfacet
  facet normal 0.336868 -0.941552 0
    outer loop
      vertex 8.34944 10.5706 0
      vertex 8.50652 10.6268 1.8
      vertex 8.34944 10.5706 1.8
    endloop
  endfacet
  facet normal 0.336868 -0.941552 0
    outer loop
      vertex 8.50652 10.6268 1.8
      vertex 8.34944 10.5706 0
      vertex 8.50652 10.6268 0
    endloop
  endfacet
  facet normal 0.903995 0.427543 0
    outer loop
      vertex 7.50073 8.19862 1.8
      vertex 7.4294 8.34944 0
      vertex 7.4294 8.34944 1.8
    endloop
  endfacet
  facet normal 0.903995 0.427543 0
    outer loop
      vertex 7.4294 8.34944 0
      vertex 7.50073 8.19862 1.8
      vertex 7.50073 8.19862 0
    endloop
  endfacet
  facet normal 0.941552 0.336868 0
    outer loop
      vertex 7.4294 8.34944 1.8
      vertex 7.3732 8.50652 0
      vertex 7.3732 8.50652 1.8
    endloop
  endfacet
  facet normal 0.941552 0.336868 0
    outer loop
      vertex 7.3732 8.50652 0
      vertex 7.4294 8.34944 1.8
      vertex 7.4294 8.34944 0
    endloop
  endfacet
  facet normal -0.904054 -0.427419 0
    outer loop
      vertex 10.5706 9.65056 0
      vertex 10.4993 9.80137 1.8
      vertex 10.4993 9.80137 0
    endloop
  endfacet
  facet normal -0.904054 -0.427419 0
    outer loop
      vertex 10.4993 9.80137 1.8
      vertex 10.5706 9.65056 0
      vertex 10.5706 9.65056 1.8
    endloop
  endfacet
  facet normal 0.970026 0.243001 0
    outer loop
      vertex 7.3732 8.50652 1.8
      vertex 7.33266 8.66835 0
      vertex 7.33266 8.66835 1.8
    endloop
  endfacet
  facet normal 0.970026 0.243001 0
    outer loop
      vertex 7.33266 8.66835 0
      vertex 7.3732 8.50652 1.8
      vertex 7.3732 8.50652 0
    endloop
  endfacet
  facet normal 0.595772 -0.803154 0
    outer loop
      vertex 7.92153 10.3141 0
      vertex 8.05553 10.4135 1.8
      vertex 7.92153 10.3141 1.8
    endloop
  endfacet
  facet normal 0.595772 -0.803154 0
    outer loop
      vertex 8.05553 10.4135 1.8
      vertex 7.92153 10.3141 0
      vertex 8.05553 10.4135 0
    endloop
  endfacet
  facet normal 0.146681 0.989184 -0
    outer loop
      vertex 8.83337 7.30819 0
      vertex 8.66835 7.33266 1.8
      vertex 8.83337 7.30819 1.8
    endloop
  endfacet
  facet normal 0.146681 0.989184 0
    outer loop
      vertex 8.66835 7.33266 1.8
      vertex 8.83337 7.30819 0
      vertex 8.66835 7.33266 0
    endloop
  endfacet
  facet normal -0.741051 0.671448 0
    outer loop
      vertex 10.2021 7.79792 0
      vertex 10.3141 7.92153 1.8
      vertex 10.3141 7.92153 0
    endloop
  endfacet
  facet normal -0.741051 0.671448 0
    outer loop
      vertex 10.3141 7.92153 1.8
      vertex 10.2021 7.79792 0
      vertex 10.2021 7.79792 1.8
    endloop
  endfacet
  facet normal -0.146681 0.989184 0
    outer loop
      vertex 9.33165 7.33266 0
      vertex 9.16663 7.30819 1.8
      vertex 9.33165 7.33266 1.8
    endloop
  endfacet
  facet normal -0.146681 0.989184 0
    outer loop
      vertex 9.16663 7.30819 1.8
      vertex 9.33165 7.33266 0
      vertex 9.16663 7.30819 0
    endloop
  endfacet
  facet normal 0.514258 -0.857636 0
    outer loop
      vertex 8.05553 10.4135 0
      vertex 8.19862 10.4993 1.8
      vertex 8.05553 10.4135 1.8
    endloop
  endfacet
  facet normal 0.514258 -0.857636 0
    outer loop
      vertex 8.19862 10.4993 1.8
      vertex 8.05553 10.4135 0
      vertex 8.19862 10.4993 0
    endloop
  endfacet
  facet normal -0.0491513 -0.998791 0
    outer loop
      vertex 9 10.7 0
      vertex 9.16663 10.6918 1.8
      vertex 9 10.7 1.8
    endloop
  endfacet
  facet normal -0.0491513 -0.998791 -0
    outer loop
      vertex 9.16663 10.6918 1.8
      vertex 9 10.7 0
      vertex 9.16663 10.6918 0
    endloop
  endfacet
  facet normal 0.857715 0.514125 0
    outer loop
      vertex 7.5865 8.05553 1.8
      vertex 7.50073 8.19862 0
      vertex 7.50073 8.19862 1.8
    endloop
  endfacet
  facet normal 0.857715 0.514125 0
    outer loop
      vertex 7.50073 8.19862 0
      vertex 7.5865 8.05553 1.8
      vertex 7.5865 8.05553 0
    endloop
  endfacet
  facet normal -0.242775 -0.970083 0
    outer loop
      vertex 9.33165 10.6673 0
      vertex 9.49348 10.6268 1.8
      vertex 9.33165 10.6673 1.8
    endloop
  endfacet
  facet normal -0.242775 -0.970083 -0
    outer loop
      vertex 9.49348 10.6268 1.8
      vertex 9.33165 10.6673 0
      vertex 9.49348 10.6268 0
    endloop
  endfacet
  facet normal 0.941552 -0.336868 0
    outer loop
      vertex 7.3732 9.49348 1.8
      vertex 7.4294 9.65056 0
      vertex 7.4294 9.65056 1.8
    endloop
  endfacet
  facet normal 0.941552 -0.336868 0
    outer loop
      vertex 7.4294 9.65056 0
      vertex 7.3732 9.49348 1.8
      vertex 7.3732 9.49348 0
    endloop
  endfacet
  facet normal -0.671478 -0.741024 0
    outer loop
      vertex 10.0785 10.3141 0
      vertex 10.2021 10.2021 1.8
      vertex 10.0785 10.3141 1.8
    endloop
  endfacet
  facet normal -0.671478 -0.741024 -0
    outer loop
      vertex 10.2021 10.2021 1.8
      vertex 10.0785 10.3141 0
      vertex 10.2021 10.2021 0
    endloop
  endfacet
  facet normal 0.0491513 -0.998791 0
    outer loop
      vertex 8.83337 10.6918 0
      vertex 9 10.7 1.8
      vertex 8.83337 10.6918 1.8
    endloop
  endfacet
  facet normal 0.0491513 -0.998791 0
    outer loop
      vertex 9 10.7 1.8
      vertex 8.83337 10.6918 0
      vertex 9 10.7 0
    endloop
  endfacet
  facet normal -0.427566 0.903984 0
    outer loop
      vertex 9.80137 7.50073 0
      vertex 9.65056 7.4294 1.8
      vertex 9.80137 7.50073 1.8
    endloop
  endfacet
  facet normal -0.427566 0.903984 0
    outer loop
      vertex 9.65056 7.4294 1.8
      vertex 9.80137 7.50073 0
      vertex 9.65056 7.4294 0
    endloop
  endfacet
  facet normal -0.989158 0.146857 0
    outer loop
      vertex 10.6673 8.66835 0
      vertex 10.6918 8.83337 1.8
      vertex 10.6918 8.83337 0
    endloop
  endfacet
  facet normal -0.989158 0.146857 0
    outer loop
      vertex 10.6918 8.83337 1.8
      vertex 10.6673 8.66835 0
      vertex 10.6673 8.66835 1.8
    endloop
  endfacet
  facet normal -0.857652 -0.514231 0
    outer loop
      vertex 10.4993 9.80137 0
      vertex 10.4135 9.94447 1.8
      vertex 10.4135 9.94447 0
    endloop
  endfacet
  facet normal -0.857652 -0.514231 0
    outer loop
      vertex 10.4135 9.94447 1.8
      vertex 10.4993 9.80137 0
      vertex 10.4993 9.80137 1.8
    endloop
  endfacet
  facet normal 0.0490916 0.998794 -0
    outer loop
      vertex 9 7.3 0
      vertex 8.83337 7.30819 1.8
      vertex 9 7.3 1.8
    endloop
  endfacet
  facet normal 0.0490916 0.998794 0
    outer loop
      vertex 8.83337 7.30819 1.8
      vertex 9 7.3 0
      vertex 8.83337 7.30819 0
    endloop
  endfacet
  facet normal 0.671448 -0.741051 0
    outer loop
      vertex 7.79792 10.2021 0
      vertex 7.92153 10.3141 1.8
      vertex 7.79792 10.2021 1.8
    endloop
  endfacet
  facet normal 0.671448 -0.741051 0
    outer loop
      vertex 7.92153 10.3141 1.8
      vertex 7.79792 10.2021 0
      vertex 7.92153 10.3141 0
    endloop
  endfacet
  facet normal 0.740905 -0.67161 0
    outer loop
      vertex 7.68588 10.0785 1.8
      vertex 7.79792 10.2021 0
      vertex 7.79792 10.2021 1.8
    endloop
  endfacet
  facet normal 0.740905 -0.67161 0
    outer loop
      vertex 7.79792 10.2021 0
      vertex 7.68588 10.0785 1.8
      vertex 7.68588 10.0785 0
    endloop
  endfacet
  facet normal -0.904065 0.427396 0
    outer loop
      vertex 10.4993 8.19862 0
      vertex 10.5706 8.34944 1.8
      vertex 10.5706 8.34944 0
    endloop
  endfacet
  facet normal -0.904065 0.427396 0
    outer loop
      vertex 10.5706 8.34944 1.8
      vertex 10.4993 8.19862 0
      vertex 10.4993 8.19862 1.8
    endloop
  endfacet
  facet normal -0.0490916 0.998794 0
    outer loop
      vertex 9.16663 7.30819 0
      vertex 9 7.3 1.8
      vertex 9.16663 7.30819 1.8
    endloop
  endfacet
  facet normal -0.0490916 0.998794 0
    outer loop
      vertex 9 7.3 1.8
      vertex 9.16663 7.30819 0
      vertex 9 7.3 0
    endloop
  endfacet
  facet normal 0.67158 0.740932 -0
    outer loop
      vertex 7.92153 7.68588 0
      vertex 7.79792 7.79792 1.8
      vertex 7.92153 7.68588 1.8
    endloop
  endfacet
  facet normal 0.67158 0.740932 0
    outer loop
      vertex 7.79792 7.79792 1.8
      vertex 7.92153 7.68588 0
      vertex 7.79792 7.79792 0
    endloop
  endfacet
  facet normal -0.941552 0.336868 0
    outer loop
      vertex 10.5706 8.34944 0
      vertex 10.6268 8.50652 1.8
      vertex 10.6268 8.50652 0
    endloop
  endfacet
  facet normal -0.941552 0.336868 0
    outer loop
      vertex 10.6268 8.50652 1.8
      vertex 10.5706 8.34944 0
      vertex 10.5706 8.34944 1.8
    endloop
  endfacet
  facet normal -0.741024 -0.671478 0
    outer loop
      vertex 10.3141 10.0785 0
      vertex 10.2021 10.2021 1.8
      vertex 10.2021 10.2021 0
    endloop
  endfacet
  facet normal -0.741024 -0.671478 0
    outer loop
      vertex 10.2021 10.2021 1.8
      vertex 10.3141 10.0785 0
      vertex 10.3141 10.0785 1.8
    endloop
  endfacet
  facet normal 0.243001 0.970026 -0
    outer loop
      vertex 8.66835 7.33266 0
      vertex 8.50652 7.3732 1.8
      vertex 8.66835 7.33266 1.8
    endloop
  endfacet
  facet normal 0.243001 0.970026 0
    outer loop
      vertex 8.50652 7.3732 1.8
      vertex 8.66835 7.33266 0
      vertex 8.50652 7.3732 0
    endloop
  endfacet
  facet normal -0.595609 0.803275 0
    outer loop
      vertex 10.0785 7.68588 0
      vertex 9.94447 7.5865 1.8
      vertex 10.0785 7.68588 1.8
    endloop
  endfacet
  facet normal -0.595609 0.803275 0
    outer loop
      vertex 9.94447 7.5865 1.8
      vertex 10.0785 7.68588 0
      vertex 9.94447 7.5865 0
    endloop
  endfacet
  facet normal -0.857636 0.514258 0
    outer loop
      vertex 10.4135 8.05553 0
      vertex 10.4993 8.19862 1.8
      vertex 10.4993 8.19862 0
    endloop
  endfacet
  facet normal -0.857636 0.514258 0
    outer loop
      vertex 10.4993 8.19862 1.8
      vertex 10.4135 8.05553 0
      vertex 10.4135 8.05553 1.8
    endloop
  endfacet
  facet normal 0.803211 0.595695 0
    outer loop
      vertex 7.68588 7.92153 1.8
      vertex 7.5865 8.05553 0
      vertex 7.5865 8.05553 1.8
    endloop
  endfacet
  facet normal 0.803211 0.595695 0
    outer loop
      vertex 7.5865 8.05553 0
      vertex 7.68588 7.92153 1.8
      vertex 7.68588 7.92153 0
    endloop
  endfacet
  facet normal 0.857731 -0.514099 0
    outer loop
      vertex 7.50073 9.80137 1.8
      vertex 7.5865 9.94447 0
      vertex 7.5865 9.94447 1.8
    endloop
  endfacet
  facet normal 0.857731 -0.514099 0
    outer loop
      vertex 7.5865 9.94447 0
      vertex 7.50073 9.80137 1.8
      vertex 7.50073 9.80137 0
    endloop
  endfacet
  facet normal -0.336868 0.941552 0
    outer loop
      vertex 9.65056 7.4294 0
      vertex 9.49348 7.3732 1.8
      vertex 9.65056 7.4294 1.8
    endloop
  endfacet
  facet normal -0.336868 0.941552 0
    outer loop
      vertex 9.49348 7.3732 1.8
      vertex 9.65056 7.4294 0
      vertex 9.49348 7.3732 0
    endloop
  endfacet
  facet normal 0.998794 -0.0490916 0
    outer loop
      vertex 7.3 9 1.8
      vertex 7.30819 9.16663 0
      vertex 7.30819 9.16663 1.8
    endloop
  endfacet
  facet normal 0.998794 -0.0490916 0
    outer loop
      vertex 7.30819 9.16663 0
      vertex 7.3 9 1.8
      vertex 7.3 9 0
    endloop
  endfacet
  facet normal 0.998794 0.0490916 0
    outer loop
      vertex 7.30819 8.83337 1.8
      vertex 7.3 9 0
      vertex 7.3 9 1.8
    endloop
  endfacet
  facet normal 0.998794 0.0490916 0
    outer loop
      vertex 7.3 9 0
      vertex 7.30819 8.83337 1.8
      vertex 7.30819 8.83337 0
    endloop
  endfacet
  facet normal -0.989147 -0.146927 0
    outer loop
      vertex 12.0851 9.30385 1.8
      vertex 12.0404 9.60478 3
      vertex 12.0404 9.60478 1.8
    endloop
  endfacet
  facet normal -0.989147 -0.146927 0
    outer loop
      vertex 12.0404 9.60478 3
      vertex 12.0851 9.30385 1.8
      vertex 12.0851 9.30385 3
    endloop
  endfacet
  facet normal -0.9988 -0.0489785 0
    outer loop
      vertex 12.1 9 1.8
      vertex 12.0851 9.30385 3
      vertex 12.0851 9.30385 1.8
    endloop
  endfacet
  facet normal -0.9988 -0.0489785 0
    outer loop
      vertex 12.0851 9.30385 3
      vertex 12.1 9 1.8
      vertex 12.1 9 3
    endloop
  endfacet
  facet normal -0.970046 -0.242922 0
    outer loop
      vertex 12.0404 9.60478 1.8
      vertex 11.9665 9.89988 3
      vertex 11.9665 9.89988 1.8
    endloop
  endfacet
  facet normal -0.970046 -0.242922 0
    outer loop
      vertex 11.9665 9.89988 3
      vertex 12.0404 9.60478 1.8
      vertex 12.0404 9.60478 3
    endloop
  endfacet
  facet normal 0.242922 -0.970046 0
    outer loop
      vertex 8.10012 11.9665 1.8
      vertex 8.39522 12.0404 3
      vertex 8.10012 11.9665 3
    endloop
  endfacet
  facet normal 0.242922 -0.970046 0
    outer loop
      vertex 8.39522 12.0404 3
      vertex 8.10012 11.9665 1.8
      vertex 8.39522 12.0404 1.8
    endloop
  endfacet
  facet normal 0.903989 0.427555 0
    outer loop
      vertex 6.26604 7.53867 3
      vertex 6.13597 7.81368 1.8
      vertex 6.13597 7.81368 3
    endloop
  endfacet
  facet normal 0.903989 0.427555 0
    outer loop
      vertex 6.13597 7.81368 1.8
      vertex 6.26604 7.53867 3
      vertex 6.26604 7.53867 1.8
    endloop
  endfacet
  facet normal 0.242953 0.970038 -0
    outer loop
      vertex 8.39522 5.95957 1.8
      vertex 8.10012 6.03348 3
      vertex 8.39522 5.95957 3
    endloop
  endfacet
  facet normal 0.242953 0.970038 0
    outer loop
      vertex 8.10012 6.03348 3
      vertex 8.39522 5.95957 1.8
      vertex 8.10012 6.03348 1.8
    endloop
  endfacet
  facet normal -0.514012 0.857783 0
    outer loop
      vertex 10.7223 6.42244 1.8
      vertex 10.4613 6.26604 3
      vertex 10.7223 6.42244 3
    endloop
  endfacet
  facet normal -0.514012 0.857783 0
    outer loop
      vertex 10.4613 6.26604 3
      vertex 10.7223 6.42244 1.8
      vertex 10.4613 6.26604 1.8
    endloop
  endfacet
  facet normal 0.33689 0.941544 -0
    outer loop
      vertex 8.10012 6.03348 1.8
      vertex 7.81368 6.13597 3
      vertex 8.10012 6.03348 3
    endloop
  endfacet
  facet normal 0.33689 0.941544 0
    outer loop
      vertex 7.81368 6.13597 3
      vertex 8.10012 6.03348 1.8
      vertex 7.81368 6.13597 1.8
    endloop
  endfacet
  facet normal -0.336911 0.941536 0
    outer loop
      vertex 10.1863 6.13597 1.8
      vertex 9.89988 6.03348 3
      vertex 10.1863 6.13597 3
    endloop
  endfacet
  facet normal -0.336911 0.941536 0
    outer loop
      vertex 9.89988 6.03348 3
      vertex 10.1863 6.13597 1.8
      vertex 9.89988 6.03348 1.8
    endloop
  endfacet
  facet normal 0.671559 -0.740951 0
    outer loop
      vertex 6.80797 11.192 1.8
      vertex 7.03338 11.3963 3
      vertex 6.80797 11.192 3
    endloop
  endfacet
  facet normal 0.671559 -0.740951 0
    outer loop
      vertex 7.03338 11.3963 3
      vertex 6.80797 11.192 1.8
      vertex 7.03338 11.3963 1.8
    endloop
  endfacet
  facet normal -0.242953 0.970038 0
    outer loop
      vertex 9.89988 6.03348 1.8
      vertex 9.60478 5.95957 3
      vertex 9.89988 6.03348 3
    endloop
  endfacet
  facet normal -0.242953 0.970038 0
    outer loop
      vertex 9.60478 5.95957 3
      vertex 9.89988 6.03348 1.8
      vertex 9.60478 5.95957 1.8
    endloop
  endfacet
  facet normal 0.857783 -0.514012 0
    outer loop
      vertex 6.26604 10.4613 3
      vertex 6.42244 10.7223 1.8
      vertex 6.42244 10.7223 3
    endloop
  endfacet
  facet normal 0.857783 -0.514012 0
    outer loop
      vertex 6.42244 10.7223 1.8
      vertex 6.26604 10.4613 3
      vertex 6.26604 10.4613 1.8
    endloop
  endfacet
  facet normal 0.989176 -0.146734 0
    outer loop
      vertex 5.91493 9.30385 3
      vertex 5.95957 9.60478 1.8
      vertex 5.95957 9.60478 3
    endloop
  endfacet
  facet normal 0.989176 -0.146734 0
    outer loop
      vertex 5.95957 9.60478 1.8
      vertex 5.91493 9.30385 3
      vertex 5.91493 9.30385 1.8
    endloop
  endfacet
  facet normal -0.904072 -0.42738 0
    outer loop
      vertex 11.864 10.1863 1.8
      vertex 11.734 10.4613 3
      vertex 11.734 10.4613 1.8
    endloop
  endfacet
  facet normal -0.904072 -0.42738 0
    outer loop
      vertex 11.734 10.4613 3
      vertex 11.864 10.1863 1.8
      vertex 11.864 10.1863 3
    endloop
  endfacet
  facet normal -0.803085 0.595864 0
    outer loop
      vertex 11.3963 7.03338 1.8
      vertex 11.5776 7.27773 3
      vertex 11.5776 7.27773 1.8
    endloop
  endfacet
  facet normal -0.803085 0.595864 0
    outer loop
      vertex 11.5776 7.27773 3
      vertex 11.3963 7.03338 1.8
      vertex 11.3963 7.03338 3
    endloop
  endfacet
  facet normal 0.595864 -0.803085 0
    outer loop
      vertex 7.03338 11.3963 1.8
      vertex 7.27773 11.5776 3
      vertex 7.03338 11.3963 3
    endloop
  endfacet
  facet normal 0.595864 -0.803085 0
    outer loop
      vertex 7.27773 11.5776 3
      vertex 7.03338 11.3963 1.8
      vertex 7.27773 11.5776 1.8
    endloop
  endfacet
  facet normal -0.595943 -0.803027 0
    outer loop
      vertex 10.7223 11.5776 1.8
      vertex 10.9666 11.3963 3
      vertex 10.7223 11.5776 3
    endloop
  endfacet
  facet normal -0.595943 -0.803027 -0
    outer loop
      vertex 10.9666 11.3963 3
      vertex 10.7223 11.5776 1.8
      vertex 10.9666 11.3963 1.8
    endloop
  endfacet
  facet normal -0.146927 -0.989147 0
    outer loop
      vertex 9.30385 12.0851 1.8
      vertex 9.60478 12.0404 3
      vertex 9.30385 12.0851 3
    endloop
  endfacet
  facet normal -0.146927 -0.989147 -0
    outer loop
      vertex 9.60478 12.0404 3
      vertex 9.30385 12.0851 1.8
      vertex 9.60478 12.0404 1.8
    endloop
  endfacet
  facet normal -0.803027 -0.595943 0
    outer loop
      vertex 11.5776 10.7223 1.8
      vertex 11.3963 10.9666 3
      vertex 11.3963 10.9666 1.8
    endloop
  endfacet
  facet normal -0.803027 -0.595943 0
    outer loop
      vertex 11.3963 10.9666 3
      vertex 11.5776 10.7223 1.8
      vertex 11.5776 10.7223 3
    endloop
  endfacet
  facet normal 0.514099 -0.857731 0
    outer loop
      vertex 7.27773 11.5776 1.8
      vertex 7.53867 11.734 3
      vertex 7.27773 11.5776 3
    endloop
  endfacet
  facet normal 0.514099 -0.857731 0
    outer loop
      vertex 7.53867 11.734 3
      vertex 7.27773 11.5776 1.8
      vertex 7.53867 11.734 1.8
    endloop
  endfacet
  facet normal -0.514012 -0.857783 0
    outer loop
      vertex 10.4613 11.734 1.8
      vertex 10.7223 11.5776 3
      vertex 10.4613 11.734 3
    endloop
  endfacet
  facet normal -0.514012 -0.857783 -0
    outer loop
      vertex 10.7223 11.5776 3
      vertex 10.4613 11.734 1.8
      vertex 10.7223 11.5776 1.8
    endloop
  endfacet
  facet normal -0.671576 -0.740936 0
    outer loop
      vertex 10.9666 11.3963 1.8
      vertex 11.192 11.192 3
      vertex 10.9666 11.3963 3
    endloop
  endfacet
  facet normal -0.671576 -0.740936 -0
    outer loop
      vertex 11.192 11.192 3
      vertex 10.9666 11.3963 1.8
      vertex 11.192 11.192 1.8
    endloop
  endfacet
  facet normal 0.941544 0.33689 0
    outer loop
      vertex 6.13597 7.81368 3
      vertex 6.03348 8.10012 1.8
      vertex 6.03348 8.10012 3
    endloop
  endfacet
  facet normal 0.941544 0.33689 0
    outer loop
      vertex 6.03348 8.10012 1.8
      vertex 6.13597 7.81368 3
      vertex 6.13597 7.81368 1.8
    endloop
  endfacet
  facet normal -0.9988 0.0489785 0
    outer loop
      vertex 12.0851 8.69615 1.8
      vertex 12.1 9 3
      vertex 12.1 9 1.8
    endloop
  endfacet
  facet normal -0.9988 0.0489785 0
    outer loop
      vertex 12.1 9 3
      vertex 12.0851 8.69615 1.8
      vertex 12.0851 8.69615 3
    endloop
  endfacet
  facet normal 0.427367 -0.904078 0
    outer loop
      vertex 7.53867 11.734 1.8
      vertex 7.81368 11.864 3
      vertex 7.53867 11.734 3
    endloop
  endfacet
  facet normal 0.427367 -0.904078 0
    outer loop
      vertex 7.81368 11.864 3
      vertex 7.53867 11.734 1.8
      vertex 7.81368 11.864 1.8
    endloop
  endfacet
  facet normal -0.904078 0.427367 0
    outer loop
      vertex 11.734 7.53867 1.8
      vertex 11.864 7.81368 3
      vertex 11.864 7.81368 1.8
    endloop
  endfacet
  facet normal -0.904078 0.427367 0
    outer loop
      vertex 11.864 7.81368 3
      vertex 11.734 7.53867 1.8
      vertex 11.734 7.53867 3
    endloop
  endfacet
  facet normal 0.595716 0.803195 -0
    outer loop
      vertex 7.27773 6.42244 1.8
      vertex 7.03338 6.60367 3
      vertex 7.27773 6.42244 3
    endloop
  endfacet
  facet normal 0.595716 0.803195 0
    outer loop
      vertex 7.03338 6.60367 3
      vertex 7.27773 6.42244 1.8
      vertex 7.03338 6.60367 1.8
    endloop
  endfacet
  facet normal 0.803137 -0.595794 0
    outer loop
      vertex 6.42244 10.7223 3
      vertex 6.60367 10.9666 1.8
      vertex 6.60367 10.9666 3
    endloop
  endfacet
  facet normal 0.803137 -0.595794 0
    outer loop
      vertex 6.60367 10.9666 1.8
      vertex 6.42244 10.7223 3
      vertex 6.42244 10.7223 1.8
    endloop
  endfacet
  facet normal 0.941536 -0.336911 0
    outer loop
      vertex 6.03348 9.89988 3
      vertex 6.13597 10.1863 1.8
      vertex 6.13597 10.1863 3
    endloop
  endfacet
  facet normal 0.941536 -0.336911 0
    outer loop
      vertex 6.13597 10.1863 1.8
      vertex 6.03348 9.89988 3
      vertex 6.03348 9.89988 1.8
    endloop
  endfacet
  facet normal -0.857783 -0.514012 0
    outer loop
      vertex 11.734 10.4613 1.8
      vertex 11.5776 10.7223 3
      vertex 11.5776 10.7223 1.8
    endloop
  endfacet
  facet normal -0.857783 -0.514012 0
    outer loop
      vertex 11.5776 10.7223 3
      vertex 11.734 10.4613 1.8
      vertex 11.734 10.4613 3
    endloop
  endfacet
  facet normal -0.941526 -0.33694 0
    outer loop
      vertex 11.9665 9.89988 1.8
      vertex 11.864 10.1863 3
      vertex 11.864 10.1863 1.8
    endloop
  endfacet
  facet normal -0.941526 -0.33694 0
    outer loop
      vertex 11.864 10.1863 3
      vertex 11.9665 9.89988 1.8
      vertex 11.9665 9.89988 3
    endloop
  endfacet
  facet normal -0.970046 0.242922 0
    outer loop
      vertex 11.9665 8.10012 1.8
      vertex 12.0404 8.39522 3
      vertex 12.0404 8.39522 1.8
    endloop
  endfacet
  facet normal -0.970046 0.242922 0
    outer loop
      vertex 12.0404 8.39522 3
      vertex 11.9665 8.10012 1.8
      vertex 11.9665 8.10012 3
    endloop
  endfacet
  facet normal -0.989147 0.146927 0
    outer loop
      vertex 12.0404 8.39522 1.8
      vertex 12.0851 8.69615 3
      vertex 12.0851 8.69615 1.8
    endloop
  endfacet
  facet normal -0.989147 0.146927 0
    outer loop
      vertex 12.0851 8.69615 3
      vertex 12.0404 8.39522 1.8
      vertex 12.0404 8.39522 3
    endloop
  endfacet
  facet normal 0.514099 0.857731 -0
    outer loop
      vertex 7.53867 6.26604 1.8
      vertex 7.27773 6.42244 3
      vertex 7.53867 6.26604 3
    endloop
  endfacet
  facet normal 0.514099 0.857731 0
    outer loop
      vertex 7.27773 6.42244 3
      vertex 7.53867 6.26604 1.8
      vertex 7.27773 6.42244 1.8
    endloop
  endfacet
  facet normal -0.33694 -0.941526 0
    outer loop
      vertex 9.89988 11.9665 1.8
      vertex 10.1863 11.864 3
      vertex 9.89988 11.9665 3
    endloop
  endfacet
  facet normal -0.33694 -0.941526 -0
    outer loop
      vertex 10.1863 11.864 3
      vertex 9.89988 11.9665 1.8
      vertex 10.1863 11.864 1.8
    endloop
  endfacet
  facet normal 0.336919 -0.941534 0
    outer loop
      vertex 7.81368 11.864 1.8
      vertex 8.10012 11.9665 3
      vertex 7.81368 11.864 3
    endloop
  endfacet
  facet normal 0.336919 -0.941534 0
    outer loop
      vertex 8.10012 11.9665 3
      vertex 7.81368 11.864 1.8
      vertex 8.10012 11.9665 1.8
    endloop
  endfacet
  facet normal -0.146734 0.989176 0
    outer loop
      vertex 9.60478 5.95957 1.8
      vertex 9.30385 5.91493 3
      vertex 9.60478 5.95957 3
    endloop
  endfacet
  facet normal -0.146734 0.989176 0
    outer loop
      vertex 9.30385 5.91493 3
      vertex 9.60478 5.95957 1.8
      vertex 9.30385 5.91493 1.8
    endloop
  endfacet
  facet normal -0.857731 0.514099 0
    outer loop
      vertex 11.5776 7.27773 1.8
      vertex 11.734 7.53867 3
      vertex 11.734 7.53867 1.8
    endloop
  endfacet
  facet normal -0.857731 0.514099 0
    outer loop
      vertex 11.734 7.53867 3
      vertex 11.5776 7.27773 1.8
      vertex 11.5776 7.27773 3
    endloop
  endfacet
  facet normal 0.0489785 -0.9988 0
    outer loop
      vertex 8.69615 12.0851 1.8
      vertex 9 12.1 3
      vertex 8.69615 12.0851 3
    endloop
  endfacet
  facet normal 0.0489785 -0.9988 0
    outer loop
      vertex 9 12.1 3
      vertex 8.69615 12.0851 1.8
      vertex 9 12.1 1.8
    endloop
  endfacet
  facet normal 0.998795 0.0490769 0
    outer loop
      vertex 5.91493 8.69615 3
      vertex 5.9 9 1.8
      vertex 5.9 9 3
    endloop
  endfacet
  facet normal 0.998795 0.0490769 0
    outer loop
      vertex 5.9 9 1.8
      vertex 5.91493 8.69615 3
      vertex 5.91493 8.69615 1.8
    endloop
  endfacet
  facet normal -0.941534 0.336919 0
    outer loop
      vertex 11.864 7.81368 1.8
      vertex 11.9665 8.10012 3
      vertex 11.9665 8.10012 1.8
    endloop
  endfacet
  facet normal -0.941534 0.336919 0
    outer loop
      vertex 11.9665 8.10012 3
      vertex 11.864 7.81368 1.8
      vertex 11.864 7.81368 3
    endloop
  endfacet
  facet normal -0.42738 -0.904072 0
    outer loop
      vertex 10.1863 11.864 1.8
      vertex 10.4613 11.734 3
      vertex 10.1863 11.864 3
    endloop
  endfacet
  facet normal -0.42738 -0.904072 -0
    outer loop
      vertex 10.4613 11.734 3
      vertex 10.1863 11.864 1.8
      vertex 10.4613 11.734 1.8
    endloop
  endfacet
  facet normal -0.740936 -0.671576 0
    outer loop
      vertex 11.3963 10.9666 1.8
      vertex 11.192 11.192 3
      vertex 11.192 11.192 1.8
    endloop
  endfacet
  facet normal -0.740936 -0.671576 0
    outer loop
      vertex 11.192 11.192 3
      vertex 11.3963 10.9666 1.8
      vertex 11.3963 10.9666 3
    endloop
  endfacet
  facet normal -0.0489785 -0.9988 0
    outer loop
      vertex 9 12.1 1.8
      vertex 9.30385 12.0851 3
      vertex 9 12.1 3
    endloop
  endfacet
  facet normal -0.0489785 -0.9988 -0
    outer loop
      vertex 9.30385 12.0851 3
      vertex 9 12.1 1.8
      vertex 9.30385 12.0851 1.8
    endloop
  endfacet
  facet normal 0.857731 0.514099 0
    outer loop
      vertex 6.42244 7.27773 3
      vertex 6.26604 7.53867 1.8
      vertex 6.26604 7.53867 3
    endloop
  endfacet
  facet normal 0.857731 0.514099 0
    outer loop
      vertex 6.26604 7.53867 1.8
      vertex 6.42244 7.27773 3
      vertex 6.42244 7.27773 1.8
    endloop
  endfacet
  facet normal 0.146734 0.989176 -0
    outer loop
      vertex 8.69615 5.91493 1.8
      vertex 8.39522 5.95957 3
      vertex 8.69615 5.91493 3
    endloop
  endfacet
  facet normal 0.146734 0.989176 0
    outer loop
      vertex 8.39522 5.95957 3
      vertex 8.69615 5.91493 1.8
      vertex 8.39522 5.95957 1.8
    endloop
  endfacet
  facet normal -0.671576 0.740936 0
    outer loop
      vertex 11.192 6.80797 1.8
      vertex 10.9666 6.60367 3
      vertex 11.192 6.80797 3
    endloop
  endfacet
  facet normal -0.671576 0.740936 0
    outer loop
      vertex 10.9666 6.60367 3
      vertex 11.192 6.80797 1.8
      vertex 10.9666 6.60367 1.8
    endloop
  endfacet
  facet normal 0.0490769 0.998795 -0
    outer loop
      vertex 9 5.9 1.8
      vertex 8.69615 5.91493 3
      vertex 9 5.9 3
    endloop
  endfacet
  facet normal 0.0490769 0.998795 0
    outer loop
      vertex 8.69615 5.91493 3
      vertex 9 5.9 1.8
      vertex 8.69615 5.91493 1.8
    endloop
  endfacet
  facet normal 0.740936 -0.671576 0
    outer loop
      vertex 6.60367 10.9666 3
      vertex 6.80797 11.192 1.8
      vertex 6.80797 11.192 3
    endloop
  endfacet
  facet normal 0.740936 -0.671576 0
    outer loop
      vertex 6.80797 11.192 1.8
      vertex 6.60367 10.9666 3
      vertex 6.60367 10.9666 1.8
    endloop
  endfacet
  facet normal 0.146927 -0.989147 0
    outer loop
      vertex 8.39522 12.0404 1.8
      vertex 8.69615 12.0851 3
      vertex 8.39522 12.0404 3
    endloop
  endfacet
  facet normal 0.146927 -0.989147 0
    outer loop
      vertex 8.69615 12.0851 3
      vertex 8.39522 12.0404 1.8
      vertex 8.69615 12.0851 1.8
    endloop
  endfacet
  facet normal 0.903983 -0.427568 0
    outer loop
      vertex 6.13597 10.1863 3
      vertex 6.26604 10.4613 1.8
      vertex 6.26604 10.4613 3
    endloop
  endfacet
  facet normal 0.903983 -0.427568 0
    outer loop
      vertex 6.26604 10.4613 1.8
      vertex 6.13597 10.1863 3
      vertex 6.13597 10.1863 1.8
    endloop
  endfacet
  facet normal 0.671559 0.740951 -0
    outer loop
      vertex 7.03338 6.60367 1.8
      vertex 6.80797 6.80797 3
      vertex 7.03338 6.60367 3
    endloop
  endfacet
  facet normal 0.671559 0.740951 0
    outer loop
      vertex 6.80797 6.80797 3
      vertex 7.03338 6.60367 1.8
      vertex 6.80797 6.80797 1.8
    endloop
  endfacet
  facet normal 0.970038 -0.242953 0
    outer loop
      vertex 5.95957 9.60478 3
      vertex 6.03348 9.89988 1.8
      vertex 6.03348 9.89988 3
    endloop
  endfacet
  facet normal 0.970038 -0.242953 0
    outer loop
      vertex 6.03348 9.89988 1.8
      vertex 5.95957 9.60478 3
      vertex 5.95957 9.60478 1.8
    endloop
  endfacet
  facet normal -0.242922 -0.970046 0
    outer loop
      vertex 9.60478 12.0404 1.8
      vertex 9.89988 11.9665 3
      vertex 9.60478 12.0404 3
    endloop
  endfacet
  facet normal -0.242922 -0.970046 -0
    outer loop
      vertex 9.89988 11.9665 3
      vertex 9.60478 12.0404 1.8
      vertex 9.89988 11.9665 1.8
    endloop
  endfacet
  facet normal 0.970038 0.242953 0
    outer loop
      vertex 6.03348 8.10012 3
      vertex 5.95957 8.39522 1.8
      vertex 5.95957 8.39522 3
    endloop
  endfacet
  facet normal 0.970038 0.242953 0
    outer loop
      vertex 5.95957 8.39522 1.8
      vertex 6.03348 8.10012 3
      vertex 6.03348 8.10012 1.8
    endloop
  endfacet
  facet normal 0.427555 0.903989 -0
    outer loop
      vertex 7.81368 6.13597 1.8
      vertex 7.53867 6.26604 3
      vertex 7.81368 6.13597 3
    endloop
  endfacet
  facet normal 0.427555 0.903989 0
    outer loop
      vertex 7.53867 6.26604 3
      vertex 7.81368 6.13597 1.8
      vertex 7.53867 6.26604 1.8
    endloop
  endfacet
  facet normal 0.740951 0.671559 0
    outer loop
      vertex 6.80797 6.80797 3
      vertex 6.60367 7.03338 1.8
      vertex 6.60367 7.03338 3
    endloop
  endfacet
  facet normal 0.740951 0.671559 0
    outer loop
      vertex 6.60367 7.03338 1.8
      vertex 6.80797 6.80797 3
      vertex 6.80797 6.80797 1.8
    endloop
  endfacet
  facet normal -0.427568 0.903983 0
    outer loop
      vertex 10.4613 6.26604 1.8
      vertex 10.1863 6.13597 3
      vertex 10.4613 6.26604 3
    endloop
  endfacet
  facet normal -0.427568 0.903983 0
    outer loop
      vertex 10.1863 6.13597 3
      vertex 10.4613 6.26604 1.8
      vertex 10.1863 6.13597 1.8
    endloop
  endfacet
  facet normal -0.0490769 0.998795 0
    outer loop
      vertex 9.30385 5.91493 1.8
      vertex 9 5.9 3
      vertex 9.30385 5.91493 3
    endloop
  endfacet
  facet normal -0.0490769 0.998795 0
    outer loop
      vertex 9 5.9 3
      vertex 9.30385 5.91493 1.8
      vertex 9 5.9 1.8
    endloop
  endfacet
  facet normal 0.989176 0.146734 0
    outer loop
      vertex 5.95957 8.39522 3
      vertex 5.91493 8.69615 1.8
      vertex 5.91493 8.69615 3
    endloop
  endfacet
  facet normal 0.989176 0.146734 0
    outer loop
      vertex 5.91493 8.69615 1.8
      vertex 5.95957 8.39522 3
      vertex 5.95957 8.39522 1.8
    endloop
  endfacet
  facet normal -0.595794 0.803137 0
    outer loop
      vertex 10.9666 6.60367 1.8
      vertex 10.7223 6.42244 3
      vertex 10.9666 6.60367 3
    endloop
  endfacet
  facet normal -0.595794 0.803137 0
    outer loop
      vertex 10.7223 6.42244 3
      vertex 10.9666 6.60367 1.8
      vertex 10.7223 6.42244 1.8
    endloop
  endfacet
  facet normal 0 0 1
    outer loop
      vertex 10.7 9 1.8
      vertex 12.1 9 1.8
      vertex 12.0851 9.30385 1.8
    endloop
  endfacet
  facet normal 0 0 1
    outer loop
      vertex 10.6918 9.16663 1.8
      vertex 12.0851 9.30385 1.8
      vertex 12.0404 9.60478 1.8
    endloop
  endfacet
  facet normal 0 0 1
    outer loop
      vertex 12.1 9 1.8
      vertex 10.7 9 1.8
      vertex 12.0851 8.69615 1.8
    endloop
  endfacet
  facet normal 0 0 1
    outer loop
      vertex 10.6673 9.33165 1.8
      vertex 12.0404 9.60478 1.8
      vertex 11.9665 9.89988 1.8
    endloop
  endfacet
  facet normal -0 0 1
    outer loop
      vertex 10.6918 8.83337 1.8
      vertex 12.0851 8.69615 1.8
      vertex 10.7 9 1.8
    endloop
  endfacet
  facet normal 0 0 1
    outer loop
      vertex 10.6268 9.49348 1.8
      vertex 11.9665 9.89988 1.8
      vertex 11.864 10.1863 1.8
    endloop
  endfacet
  facet normal 0 0 1
    outer loop
      vertex 12.0851 8.69615 1.8
      vertex 10.6918 8.83337 1.8
      vertex 12.0404 8.39522 1.8
    endloop
  endfacet
  facet normal 0 0 1
    outer loop
      vertex 10.5706 9.65056 1.8
      vertex 11.864 10.1863 1.8
      vertex 11.734 10.4613 1.8
    endloop
  endfacet
  facet normal -0 0 1
    outer loop
      vertex 10.6673 8.66835 1.8
      vertex 12.0404 8.39522 1.8
      vertex 10.6918 8.83337 1.8
    endloop
  endfacet
  facet normal 0 0 1
    outer loop
      vertex 10.4993 9.80137 1.8
      vertex 11.734 10.4613 1.8
      vertex 11.5776 10.7223 1.8
    endloop
  endfacet
  facet normal 0 0 1
    outer loop
      vertex 12.0404 8.39522 1.8
      vertex 10.6673 8.66835 1.8
      vertex 11.9665 8.10012 1.8
    endloop
  endfacet
  facet normal 0 0 1
    outer loop
      vertex 10.4135 9.94447 1.8
      vertex 11.5776 10.7223 1.8
      vertex 11.3963 10.9666 1.8
    endloop
  endfacet
  facet normal -0 0 1
    outer loop
      vertex 10.6268 8.50652 1.8
      vertex 11.9665 8.10012 1.8
      vertex 10.6673 8.66835 1.8
    endloop
  endfacet
  facet normal 0 0 1
    outer loop
      vertex 10.3141 10.0785 1.8
      vertex 11.3963 10.9666 1.8
      vertex 11.192 11.192 1.8
    endloop
  endfacet
  facet normal 0 0 1
    outer loop
      vertex 11.9665 8.10012 1.8
      vertex 10.6268 8.50652 1.8
      vertex 11.864 7.81368 1.8
    endloop
  endfacet
  facet normal 0 0 1
    outer loop
      vertex 10.2021 10.2021 1.8
      vertex 11.192 11.192 1.8
      vertex 10.9666 11.3963 1.8
    endloop
  endfacet
  facet normal -0 0 1
    outer loop
      vertex 10.5706 8.34944 1.8
      vertex 11.864 7.81368 1.8
      vertex 10.6268 8.50652 1.8
    endloop
  endfacet
  facet normal 0 0 1
    outer loop
      vertex 10.0785 10.3141 1.8
      vertex 10.9666 11.3963 1.8
      vertex 10.7223 11.5776 1.8
    endloop
  endfacet
  facet normal 0 0 1
    outer loop
      vertex 11.864 7.81368 1.8
      vertex 10.5706 8.34944 1.8
      vertex 11.734 7.53867 1.8
    endloop
  endfacet
  facet normal -0 0 1
    outer loop
      vertex 10.4993 8.19862 1.8
      vertex 11.734 7.53867 1.8
      vertex 10.5706 8.34944 1.8
    endloop
  endfacet
  facet normal 0 0 1
    outer loop
      vertex 12.0851 9.30385 1.8
      vertex 10.6918 9.16663 1.8
      vertex 10.7 9 1.8
    endloop
  endfacet
  facet normal 0 0 1
    outer loop
      vertex 12.0404 9.60478 1.8
      vertex 10.6673 9.33165 1.8
      vertex 10.6918 9.16663 1.8
    endloop
  endfacet
  facet normal 0 0 1
    outer loop
      vertex 11.9665 9.89988 1.8
      vertex 10.6268 9.49348 1.8
      vertex 10.6673 9.33165 1.8
    endloop
  endfacet
  facet normal 0 0 1
    outer loop
      vertex 11.864 10.1863 1.8
      vertex 10.5706 9.65056 1.8
      vertex 10.6268 9.49348 1.8
    endloop
  endfacet
  facet normal 0 0 1
    outer loop
      vertex 11.734 10.4613 1.8
      vertex 10.4993 9.80137 1.8
      vertex 10.5706 9.65056 1.8
    endloop
  endfacet
  facet normal 0 0 1
    outer loop
      vertex 9.94447 10.4135 1.8
      vertex 10.7223 11.5776 1.8
      vertex 10.4613 11.734 1.8
    endloop
  endfacet
  facet normal 0 0 1
    outer loop
      vertex 11.5776 10.7223 1.8
      vertex 10.4135 9.94447 1.8
      vertex 10.4993 9.80137 1.8
    endloop
  endfacet
  facet normal 0 0 1
    outer loop
      vertex 11.3963 10.9666 1.8
      vertex 10.3141 10.0785 1.8
      vertex 10.4135 9.94447 1.8
    endloop
  endfacet
  facet normal 0 0 1
    outer loop
      vertex 11.192 11.192 1.8
      vertex 10.2021 10.2021 1.8
      vertex 10.3141 10.0785 1.8
    endloop
  endfacet
  facet normal 0 0 1
    outer loop
      vertex 9.80137 10.4993 1.8
      vertex 10.4613 11.734 1.8
      vertex 10.1863 11.864 1.8
    endloop
  endfacet
  facet normal 0 0 1
    outer loop
      vertex 10.9666 11.3963 1.8
      vertex 10.0785 10.3141 1.8
      vertex 10.2021 10.2021 1.8
    endloop
  endfacet
  facet normal 0 0 1
    outer loop
      vertex 10.7223 11.5776 1.8
      vertex 9.94447 10.4135 1.8
      vertex 10.0785 10.3141 1.8
    endloop
  endfacet
  facet normal 0 0 1
    outer loop
      vertex 9.65056 10.5706 1.8
      vertex 10.1863 11.864 1.8
      vertex 9.89988 11.9665 1.8
    endloop
  endfacet
  facet normal 0 0 1
    outer loop
      vertex 10.4613 11.734 1.8
      vertex 9.80137 10.4993 1.8
      vertex 9.94447 10.4135 1.8
    endloop
  endfacet
  facet normal 0 0 1
    outer loop
      vertex 10.1863 11.864 1.8
      vertex 9.65056 10.5706 1.8
      vertex 9.80137 10.4993 1.8
    endloop
  endfacet
  facet normal 0 0 1
    outer loop
      vertex 9.49348 10.6268 1.8
      vertex 9.89988 11.9665 1.8
      vertex 9.60478 12.0404 1.8
    endloop
  endfacet
  facet normal 0 0 1
    outer loop
      vertex 9.89988 11.9665 1.8
      vertex 9.49348 10.6268 1.8
      vertex 9.65056 10.5706 1.8
    endloop
  endfacet
  facet normal 0 0 1
    outer loop
      vertex 9.60478 12.0404 1.8
      vertex 9.33165 10.6673 1.8
      vertex 9.49348 10.6268 1.8
    endloop
  endfacet
  facet normal 0 0 1
    outer loop
      vertex 9.30385 12.0851 1.8
      vertex 9.33165 10.6673 1.8
      vertex 9.60478 12.0404 1.8
    endloop
  endfacet
  facet normal 0 0 1
    outer loop
      vertex 9.30385 12.0851 1.8
      vertex 9.16663 10.6918 1.8
      vertex 9.33165 10.6673 1.8
    endloop
  endfacet
  facet normal 0 0 1
    outer loop
      vertex 9 12.1 1.8
      vertex 9.16663 10.6918 1.8
      vertex 9.30385 12.0851 1.8
    endloop
  endfacet
  facet normal 0 0 1
    outer loop
      vertex 9 12.1 1.8
      vertex 9 10.7 1.8
      vertex 9.16663 10.6918 1.8
    endloop
  endfacet
  facet normal 0 0 1
    outer loop
      vertex 9 12.1 1.8
      vertex 8.83337 10.6918 1.8
      vertex 9 10.7 1.8
    endloop
  endfacet
  facet normal -0 0 1
    outer loop
      vertex 8.69615 12.0851 1.8
      vertex 8.83337 10.6918 1.8
      vertex 9 12.1 1.8
    endloop
  endfacet
  facet normal 0 0 1
    outer loop
      vertex 8.69615 12.0851 1.8
      vertex 8.66835 10.6673 1.8
      vertex 8.83337 10.6918 1.8
    endloop
  endfacet
  facet normal -0 0 1
    outer loop
      vertex 8.39522 12.0404 1.8
      vertex 8.66835 10.6673 1.8
      vertex 8.69615 12.0851 1.8
    endloop
  endfacet
  facet normal 0 0 1
    outer loop
      vertex 8.66835 10.6673 1.8
      vertex 8.39522 12.0404 1.8
      vertex 8.50652 10.6268 1.8
    endloop
  endfacet
  facet normal -0 0 1
    outer loop
      vertex 8.10012 11.9665 1.8
      vertex 8.50652 10.6268 1.8
      vertex 8.39522 12.0404 1.8
    endloop
  endfacet
  facet normal 0 0 1
    outer loop
      vertex 8.50652 10.6268 1.8
      vertex 8.10012 11.9665 1.8
      vertex 8.34944 10.5706 1.8
    endloop
  endfacet
  facet normal -0 0 1
    outer loop
      vertex 7.81368 11.864 1.8
      vertex 8.34944 10.5706 1.8
      vertex 8.10012 11.9665 1.8
    endloop
  endfacet
  facet normal 0 0 1
    outer loop
      vertex 8.34944 10.5706 1.8
      vertex 7.81368 11.864 1.8
      vertex 8.19862 10.4993 1.8
    endloop
  endfacet
  facet normal -0 0 1
    outer loop
      vertex 7.53867 11.734 1.8
      vertex 8.19862 10.4993 1.8
      vertex 7.81368 11.864 1.8
    endloop
  endfacet
  facet normal 0 0 1
    outer loop
      vertex 8.19862 10.4993 1.8
      vertex 7.53867 11.734 1.8
      vertex 8.05553 10.4135 1.8
    endloop
  endfacet
  facet normal -0 0 1
    outer loop
      vertex 7.27773 11.5776 1.8
      vertex 8.05553 10.4135 1.8
      vertex 7.53867 11.734 1.8
    endloop
  endfacet
  facet normal 0 0 1
    outer loop
      vertex 8.05553 10.4135 1.8
      vertex 7.27773 11.5776 1.8
      vertex 7.92153 10.3141 1.8
    endloop
  endfacet
  facet normal -0 0 1
    outer loop
      vertex 7.03338 11.3963 1.8
      vertex 7.92153 10.3141 1.8
      vertex 7.27773 11.5776 1.8
    endloop
  endfacet
  facet normal 0 0 1
    outer loop
      vertex 7.92153 10.3141 1.8
      vertex 7.03338 11.3963 1.8
      vertex 7.79792 10.2021 1.8
    endloop
  endfacet
  facet normal -0 0 1
    outer loop
      vertex 6.80797 11.192 1.8
      vertex 7.79792 10.2021 1.8
      vertex 7.03338 11.3963 1.8
    endloop
  endfacet
  facet normal 0 0 1
    outer loop
      vertex 7.79792 10.2021 1.8
      vertex 6.80797 11.192 1.8
      vertex 7.68588 10.0785 1.8
    endloop
  endfacet
  facet normal -0 0 1
    outer loop
      vertex 6.60367 10.9666 1.8
      vertex 7.68588 10.0785 1.8
      vertex 6.80797 11.192 1.8
    endloop
  endfacet
  facet normal 0 0 1
    outer loop
      vertex 7.68588 10.0785 1.8
      vertex 6.60367 10.9666 1.8
      vertex 7.5865 9.94447 1.8
    endloop
  endfacet
  facet normal -0 0 1
    outer loop
      vertex 6.42244 10.7223 1.8
      vertex 7.5865 9.94447 1.8
      vertex 6.60367 10.9666 1.8
    endloop
  endfacet
  facet normal -0 0 1
    outer loop
      vertex 6.26604 10.4613 1.8
      vertex 7.50073 9.80137 1.8
      vertex 6.42244 10.7223 1.8
    endloop
  endfacet
  facet normal 0 0 1
    outer loop
      vertex 7.5865 9.94447 1.8
      vertex 6.42244 10.7223 1.8
      vertex 7.50073 9.80137 1.8
    endloop
  endfacet
  facet normal 0 0 1
    outer loop
      vertex 11.734 7.53867 1.8
      vertex 10.4993 8.19862 1.8
      vertex 11.5776 7.27773 1.8
    endloop
  endfacet
  facet normal -0 0 1
    outer loop
      vertex 10.4135 8.05553 1.8
      vertex 11.5776 7.27773 1.8
      vertex 10.4993 8.19862 1.8
    endloop
  endfacet
  facet normal 0 0 1
    outer loop
      vertex 11.5776 7.27773 1.8
      vertex 10.4135 8.05553 1.8
      vertex 11.3963 7.03338 1.8
    endloop
  endfacet
  facet normal -0 0 1
    outer loop
      vertex 10.3141 7.92153 1.8
      vertex 11.3963 7.03338 1.8
      vertex 10.4135 8.05553 1.8
    endloop
  endfacet
  facet normal 0 0 1
    outer loop
      vertex 11.3963 7.03338 1.8
      vertex 10.3141 7.92153 1.8
      vertex 11.192 6.80797 1.8
    endloop
  endfacet
  facet normal -0 0 1
    outer loop
      vertex 10.2021 7.79792 1.8
      vertex 11.192 6.80797 1.8
      vertex 10.3141 7.92153 1.8
    endloop
  endfacet
  facet normal 0 0 1
    outer loop
      vertex 11.192 6.80797 1.8
      vertex 10.2021 7.79792 1.8
      vertex 10.9666 6.60367 1.8
    endloop
  endfacet
  facet normal -0 0 1
    outer loop
      vertex 10.0785 7.68588 1.8
      vertex 10.9666 6.60367 1.8
      vertex 10.2021 7.79792 1.8
    endloop
  endfacet
  facet normal 0 0 1
    outer loop
      vertex 10.9666 6.60367 1.8
      vertex 10.0785 7.68588 1.8
      vertex 10.7223 6.42244 1.8
    endloop
  endfacet
  facet normal -0 0 1
    outer loop
      vertex 9.94447 7.5865 1.8
      vertex 10.7223 6.42244 1.8
      vertex 10.0785 7.68588 1.8
    endloop
  endfacet
  facet normal 0 0 1
    outer loop
      vertex 10.7223 6.42244 1.8
      vertex 9.94447 7.5865 1.8
      vertex 10.4613 6.26604 1.8
    endloop
  endfacet
  facet normal -0 0 1
    outer loop
      vertex 9.80137 7.50073 1.8
      vertex 10.4613 6.26604 1.8
      vertex 9.94447 7.5865 1.8
    endloop
  endfacet
  facet normal 0 0 1
    outer loop
      vertex 10.4613 6.26604 1.8
      vertex 9.80137 7.50073 1.8
      vertex 10.1863 6.13597 1.8
    endloop
  endfacet
  facet normal -0 0 1
    outer loop
      vertex 9.65056 7.4294 1.8
      vertex 10.1863 6.13597 1.8
      vertex 9.80137 7.50073 1.8
    endloop
  endfacet
  facet normal 0 0 1
    outer loop
      vertex 10.1863 6.13597 1.8
      vertex 9.65056 7.4294 1.8
      vertex 9.89988 6.03348 1.8
    endloop
  endfacet
  facet normal -0 0 1
    outer loop
      vertex 9.49348 7.3732 1.8
      vertex 9.89988 6.03348 1.8
      vertex 9.65056 7.4294 1.8
    endloop
  endfacet
  facet normal 0 0 1
    outer loop
      vertex 9.89988 6.03348 1.8
      vertex 9.49348 7.3732 1.8
      vertex 9.60478 5.95957 1.8
    endloop
  endfacet
  facet normal -0 0 1
    outer loop
      vertex 9.33165 7.33266 1.8
      vertex 9.60478 5.95957 1.8
      vertex 9.49348 7.3732 1.8
    endloop
  endfacet
  facet normal 0 0 1
    outer loop
      vertex 9.33165 7.33266 1.8
      vertex 9.30385 5.91493 1.8
      vertex 9.60478 5.95957 1.8
    endloop
  endfacet
  facet normal -0 0 1
    outer loop
      vertex 9.16663 7.30819 1.8
      vertex 9.30385 5.91493 1.8
      vertex 9.33165 7.33266 1.8
    endloop
  endfacet
  facet normal -0 0 1
    outer loop
      vertex 9 7.3 1.8
      vertex 9.30385 5.91493 1.8
      vertex 9.16663 7.30819 1.8
    endloop
  endfacet
  facet normal 0 0 1
    outer loop
      vertex 9 7.3 1.8
      vertex 9 5.9 1.8
      vertex 9.30385 5.91493 1.8
    endloop
  endfacet
  facet normal 0 0 1
    outer loop
      vertex 8.83337 7.30819 1.8
      vertex 9 5.9 1.8
      vertex 9 7.3 1.8
    endloop
  endfacet
  facet normal 0 0 1
    outer loop
      vertex 8.83337 7.30819 1.8
      vertex 8.69615 5.91493 1.8
      vertex 9 5.9 1.8
    endloop
  endfacet
  facet normal 0 0 1
    outer loop
      vertex 8.66835 7.33266 1.8
      vertex 8.69615 5.91493 1.8
      vertex 8.83337 7.30819 1.8
    endloop
  endfacet
  facet normal 0 0 1
    outer loop
      vertex 8.39522 5.95957 1.8
      vertex 8.66835 7.33266 1.8
      vertex 8.50652 7.3732 1.8
    endloop
  endfacet
  facet normal 0 0 1
    outer loop
      vertex 8.66835 7.33266 1.8
      vertex 8.39522 5.95957 1.8
      vertex 8.69615 5.91493 1.8
    endloop
  endfacet
  facet normal 0 0 1
    outer loop
      vertex 8.10012 6.03348 1.8
      vertex 8.50652 7.3732 1.8
      vertex 8.34944 7.4294 1.8
    endloop
  endfacet
  facet normal 0 0 1
    outer loop
      vertex 7.81368 6.13597 1.8
      vertex 8.34944 7.4294 1.8
      vertex 8.19862 7.50073 1.8
    endloop
  endfacet
  facet normal 0 0 1
    outer loop
      vertex 8.50652 7.3732 1.8
      vertex 8.10012 6.03348 1.8
      vertex 8.39522 5.95957 1.8
    endloop
  endfacet
  facet normal 0 0 1
    outer loop
      vertex 7.53867 6.26604 1.8
      vertex 8.19862 7.50073 1.8
      vertex 8.05553 7.5865 1.8
    endloop
  endfacet
  facet normal 0 0 1
    outer loop
      vertex 7.27773 6.42244 1.8
      vertex 8.05553 7.5865 1.8
      vertex 7.92153 7.68588 1.8
    endloop
  endfacet
  facet normal 0 0 1
    outer loop
      vertex 8.34944 7.4294 1.8
      vertex 7.81368 6.13597 1.8
      vertex 8.10012 6.03348 1.8
    endloop
  endfacet
  facet normal 0 0 1
    outer loop
      vertex 7.03338 6.60367 1.8
      vertex 7.92153 7.68588 1.8
      vertex 7.79792 7.79792 1.8
    endloop
  endfacet
  facet normal 0 0 1
    outer loop
      vertex 6.80797 6.80797 1.8
      vertex 7.79792 7.79792 1.8
      vertex 7.68588 7.92153 1.8
    endloop
  endfacet
  facet normal 0 0 1
    outer loop
      vertex 6.60367 7.03338 1.8
      vertex 7.68588 7.92153 1.8
      vertex 7.5865 8.05553 1.8
    endloop
  endfacet
  facet normal 0 0 1
    outer loop
      vertex 8.19862 7.50073 1.8
      vertex 7.53867 6.26604 1.8
      vertex 7.81368 6.13597 1.8
    endloop
  endfacet
  facet normal 0 0 1
    outer loop
      vertex 6.42244 7.27773 1.8
      vertex 7.5865 8.05553 1.8
      vertex 7.50073 8.19862 1.8
    endloop
  endfacet
  facet normal 0 0 1
    outer loop
      vertex 6.26604 7.53867 1.8
      vertex 7.50073 8.19862 1.8
      vertex 7.4294 8.34944 1.8
    endloop
  endfacet
  facet normal 0 0 1
    outer loop
      vertex 6.13597 7.81368 1.8
      vertex 7.4294 8.34944 1.8
      vertex 7.3732 8.50652 1.8
    endloop
  endfacet
  facet normal 0 0 1
    outer loop
      vertex 6.03348 8.10012 1.8
      vertex 7.3732 8.50652 1.8
      vertex 7.33266 8.66835 1.8
    endloop
  endfacet
  facet normal 0 0 1
    outer loop
      vertex 5.95957 8.39522 1.8
      vertex 7.33266 8.66835 1.8
      vertex 7.30819 8.83337 1.8
    endloop
  endfacet
  facet normal 0 0 1
    outer loop
      vertex 8.05553 7.5865 1.8
      vertex 7.27773 6.42244 1.8
      vertex 7.53867 6.26604 1.8
    endloop
  endfacet
  facet normal 0 0 1
    outer loop
      vertex 5.91493 8.69615 1.8
      vertex 7.30819 8.83337 1.8
      vertex 7.3 9 1.8
    endloop
  endfacet
  facet normal 0 0 1
    outer loop
      vertex 7.50073 9.80137 1.8
      vertex 6.26604 10.4613 1.8
      vertex 7.4294 9.65056 1.8
    endloop
  endfacet
  facet normal -0 0 1
    outer loop
      vertex 6.13597 10.1863 1.8
      vertex 7.4294 9.65056 1.8
      vertex 6.26604 10.4613 1.8
    endloop
  endfacet
  facet normal 0 0 1
    outer loop
      vertex 7.92153 7.68588 1.8
      vertex 7.03338 6.60367 1.8
      vertex 7.27773 6.42244 1.8
    endloop
  endfacet
  facet normal 0 0 1
    outer loop
      vertex 7.4294 9.65056 1.8
      vertex 6.13597 10.1863 1.8
      vertex 7.3732 9.49348 1.8
    endloop
  endfacet
  facet normal 0 0 1
    outer loop
      vertex 7.79792 7.79792 1.8
      vertex 6.80797 6.80797 1.8
      vertex 7.03338 6.60367 1.8
    endloop
  endfacet
  facet normal -0 0 1
    outer loop
      vertex 6.03348 9.89988 1.8
      vertex 7.3732 9.49348 1.8
      vertex 6.13597 10.1863 1.8
    endloop
  endfacet
  facet normal 0 0 1
    outer loop
      vertex 7.68588 7.92153 1.8
      vertex 6.60367 7.03338 1.8
      vertex 6.80797 6.80797 1.8
    endloop
  endfacet
  facet normal 0 0 1
    outer loop
      vertex 7.3732 9.49348 1.8
      vertex 6.03348 9.89988 1.8
      vertex 7.33266 9.33165 1.8
    endloop
  endfacet
  facet normal 0 0 1
    outer loop
      vertex 7.5865 8.05553 1.8
      vertex 6.42244 7.27773 1.8
      vertex 6.60367 7.03338 1.8
    endloop
  endfacet
  facet normal -0 0 1
    outer loop
      vertex 5.95957 9.60478 1.8
      vertex 7.33266 9.33165 1.8
      vertex 6.03348 9.89988 1.8
    endloop
  endfacet
  facet normal 0 0 1
    outer loop
      vertex 7.50073 8.19862 1.8
      vertex 6.26604 7.53867 1.8
      vertex 6.42244 7.27773 1.8
    endloop
  endfacet
  facet normal 0 0 1
    outer loop
      vertex 7.33266 9.33165 1.8
      vertex 5.95957 9.60478 1.8
      vertex 7.30819 9.16663 1.8
    endloop
  endfacet
  facet normal 0 0 1
    outer loop
      vertex 7.4294 8.34944 1.8
      vertex 6.13597 7.81368 1.8
      vertex 6.26604 7.53867 1.8
    endloop
  endfacet
  facet normal -0 0 1
    outer loop
      vertex 5.91493 9.30385 1.8
      vertex 7.30819 9.16663 1.8
      vertex 5.95957 9.60478 1.8
    endloop
  endfacet
  facet normal 0 0 1
    outer loop
      vertex 7.3732 8.50652 1.8
      vertex 6.03348 8.10012 1.8
      vertex 6.13597 7.81368 1.8
    endloop
  endfacet
  facet normal 0 0 1
    outer loop
      vertex 7.30819 9.16663 1.8
      vertex 5.91493 9.30385 1.8
      vertex 7.3 9 1.8
    endloop
  endfacet
  facet normal 0 0 1
    outer loop
      vertex 7.33266 8.66835 1.8
      vertex 5.95957 8.39522 1.8
      vertex 6.03348 8.10012 1.8
    endloop
  endfacet
  facet normal 0 0 1
    outer loop
      vertex 5.9 9 1.8
      vertex 7.3 9 1.8
      vertex 5.91493 9.30385 1.8
    endloop
  endfacet
  facet normal 0 0 1
    outer loop
      vertex 7.30819 8.83337 1.8
      vertex 5.91493 8.69615 1.8
      vertex 5.95957 8.39522 1.8
    endloop
  endfacet
  facet normal 0 0 1
    outer loop
      vertex 7.3 9 1.8
      vertex 5.9 9 1.8
      vertex 5.91493 8.69615 1.8
    endloop
  endfacet
  facet normal 0.803195 0.595716 0
    outer loop
      vertex 6.60367 7.03338 3
      vertex 6.42244 7.27773 1.8
      vertex 6.42244 7.27773 3
    endloop
  endfacet
  facet normal 0.803195 0.595716 0
    outer loop
      vertex 6.42244 7.27773 1.8
      vertex 6.60367 7.03338 3
      vertex 6.60367 7.03338 1.8
    endloop
  endfacet
  facet normal 0.998795 -0.0490769 0
    outer loop
      vertex 5.9 9 3
      vertex 5.91493 9.30385 1.8
      vertex 5.91493 9.30385 3
    endloop
  endfacet
  facet normal 0.998795 -0.0490769 0
    outer loop
      vertex 5.91493 9.30385 1.8
      vertex 5.9 9 3
      vertex 5.9 9 1.8
    endloop
  endfacet
  facet normal -0.740951 0.671559 0
    outer loop
      vertex 11.192 6.80797 1.8
      vertex 11.3963 7.03338 3
      vertex 11.3963 7.03338 1.8
    endloop
  endfacet
  facet normal -0.740951 0.671559 0
    outer loop
      vertex 11.3963 7.03338 3
      vertex 11.192 6.80797 1.8
      vertex 11.192 6.80797 3
    endloop
  endfacet
  facet normal 0.903973 -0.427589 0
    outer loop
      vertex 7.4294 67.6506 1.8
      vertex 7.50073 67.8014 0
      vertex 7.50073 67.8014 1.8
    endloop
  endfacet
  facet normal 0.903973 -0.427589 0
    outer loop
      vertex 7.50073 67.8014 0
      vertex 7.4294 67.6506 1.8
      vertex 7.4294 67.6506 0
    endloop
  endfacet
  facet normal -0.989155 -0.146875 0
    outer loop
      vertex 10.6918 67.1666 0
      vertex 10.6673 67.3316 1.8
      vertex 10.6673 67.3316 0
    endloop
  endfacet
  facet normal -0.989155 -0.146875 0
    outer loop
      vertex 10.6673 67.3316 1.8
      vertex 10.6918 67.1666 0
      vertex 10.6918 67.1666 1.8
    endloop
  endfacet
  facet normal -0.998791 -0.0491602 0
    outer loop
      vertex 10.7 67 0
      vertex 10.6918 67.1666 1.8
      vertex 10.6918 67.1666 0
    endloop
  endfacet
  facet normal -0.998791 -0.0491602 0
    outer loop
      vertex 10.6918 67.1666 1.8
      vertex 10.7 67 0
      vertex 10.7 67 1.8
    endloop
  endfacet
  facet normal -0.970107 -0.242677 0
    outer loop
      vertex 10.6673 67.3316 0
      vertex 10.6268 67.4935 1.8
      vertex 10.6268 67.4935 0
    endloop
  endfacet
  facet normal -0.970107 -0.242677 0
    outer loop
      vertex 10.6268 67.4935 1.8
      vertex 10.6673 67.3316 0
      vertex 10.6673 67.3316 1.8
    endloop
  endfacet
  facet normal -0.146857 -0.989158 0
    outer loop
      vertex 9.16663 68.6918 0
      vertex 9.33165 68.6673 1.8
      vertex 9.16663 68.6918 1.8
    endloop
  endfacet
  facet normal -0.146857 -0.989158 -0
    outer loop
      vertex 9.33165 68.6673 1.8
      vertex 9.16663 68.6918 0
      vertex 9.33165 68.6673 0
    endloop
  endfacet
  facet normal 0.146857 -0.989158 0
    outer loop
      vertex 8.66835 68.6673 0
      vertex 8.83337 68.6918 1.8
      vertex 8.66835 68.6673 1.8
    endloop
  endfacet
  facet normal 0.146857 -0.989158 0
    outer loop
      vertex 8.83337 68.6918 1.8
      vertex 8.66835 68.6673 0
      vertex 8.83337 68.6918 0
    endloop
  endfacet
  facet normal -0.803154 -0.595772 0
    outer loop
      vertex 10.4135 67.9445 0
      vertex 10.3141 68.0785 1.8
      vertex 10.3141 68.0785 0
    endloop
  endfacet
  facet normal -0.803154 -0.595772 0
    outer loop
      vertex 10.3141 68.0785 1.8
      vertex 10.4135 67.9445 0
      vertex 10.4135 67.9445 1.8
    endloop
  endfacet
  facet normal -0.514231 0.857652 0
    outer loop
      vertex 9.94447 65.5865 0
      vertex 9.80137 65.5007 1.8
      vertex 9.94447 65.5865 1.8
    endloop
  endfacet
  facet normal -0.514231 0.857652 0
    outer loop
      vertex 9.80137 65.5007 1.8
      vertex 9.94447 65.5865 0
      vertex 9.80137 65.5007 0
    endloop
  endfacet
  facet normal -0.595686 -0.803217 0
    outer loop
      vertex 9.94447 68.4135 0
      vertex 10.0785 68.3141 1.8
      vertex 9.94447 68.4135 1.8
    endloop
  endfacet
  facet normal -0.595686 -0.803217 -0
    outer loop
      vertex 10.0785 68.3141 1.8
      vertex 9.94447 68.4135 0
      vertex 10.0785 68.3141 0
    endloop
  endfacet
  facet normal -0.998791 0.0491602 0
    outer loop
      vertex 10.6918 66.8334 0
      vertex 10.7 67 1.8
      vertex 10.7 67 0
    endloop
  endfacet
  facet normal -0.998791 0.0491602 0
    outer loop
      vertex 10.7 67 1.8
      vertex 10.6918 66.8334 0
      vertex 10.6918 66.8334 1.8
    endloop
  endfacet
  facet normal 0.242775 -0.970083 0
    outer loop
      vertex 8.50652 68.6268 0
      vertex 8.66835 68.6673 1.8
      vertex 8.50652 68.6268 1.8
    endloop
  endfacet
  facet normal 0.242775 -0.970083 0
    outer loop
      vertex 8.66835 68.6673 1.8
      vertex 8.50652 68.6268 0
      vertex 8.66835 68.6673 0
    endloop
  endfacet
  facet normal 0.803211 -0.595695 0
    outer loop
      vertex 7.5865 67.9445 1.8
      vertex 7.68588 68.0785 0
      vertex 7.68588 68.0785 1.8
    endloop
  endfacet
  facet normal 0.803211 -0.595695 0
    outer loop
      vertex 7.68588 68.0785 0
      vertex 7.5865 67.9445 1.8
      vertex 7.5865 67.9445 0
    endloop
  endfacet
  facet normal 0.427396 0.904065 -0
    outer loop
      vertex 8.34944 65.4294 0
      vertex 8.19862 65.5007 1.8
      vertex 8.34944 65.4294 1.8
    endloop
  endfacet
  facet normal 0.427396 0.904065 0
    outer loop
      vertex 8.19862 65.5007 1.8
      vertex 8.34944 65.4294 0
      vertex 8.19862 65.5007 0
    endloop
  endfacet
  facet normal -0.427419 -0.904054 0
    outer loop
      vertex 9.65056 68.5706 0
      vertex 9.80137 68.4993 1.8
      vertex 9.65056 68.5706 1.8
    endloop
  endfacet
  facet normal -0.427419 -0.904054 -0
    outer loop
      vertex 9.80137 68.4993 1.8
      vertex 9.65056 68.5706 0
      vertex 9.80137 68.4993 0
    endloop
  endfacet
  facet normal 0.989181 0.146699 0
    outer loop
      vertex 7.33266 66.6684 1.8
      vertex 7.30819 66.8334 0
      vertex 7.30819 66.8334 1.8
    endloop
  endfacet
  facet normal 0.989181 0.146699 0
    outer loop
      vertex 7.30819 66.8334 0
      vertex 7.33266 66.6684 1.8
      vertex 7.33266 66.6684 0
    endloop
  endfacet
  facet normal -0.671478 0.741024 0
    outer loop
      vertex 10.2021 65.7979 0
      vertex 10.0785 65.6859 1.8
      vertex 10.2021 65.7979 1.8
    endloop
  endfacet
  facet normal -0.671478 0.741024 0
    outer loop
      vertex 10.0785 65.6859 1.8
      vertex 10.2021 65.7979 0
      vertex 10.0785 65.6859 0
    endloop
  endfacet
  facet normal 0.427396 -0.904065 0
    outer loop
      vertex 8.19862 68.4993 0
      vertex 8.34944 68.5706 1.8
      vertex 8.19862 68.4993 1.8
    endloop
  endfacet
  facet normal 0.427396 -0.904065 0
    outer loop
      vertex 8.34944 68.5706 1.8
      vertex 8.19862 68.4993 0
      vertex 8.34944 68.5706 0
    endloop
  endfacet
  facet normal -0.970107 0.242677 0
    outer loop
      vertex 10.6268 66.5065 0
      vertex 10.6673 66.6684 1.8
      vertex 10.6673 66.6684 0
    endloop
  endfacet
  facet normal -0.970107 0.242677 0
    outer loop
      vertex 10.6673 66.6684 1.8
      vertex 10.6268 66.5065 0
      vertex 10.6268 66.5065 1.8
    endloop
  endfacet
  facet normal -0.242775 0.970083 0
    outer loop
      vertex 9.49348 65.3732 0
      vertex 9.33165 65.3327 1.8
      vertex 9.49348 65.3732 1.8
    endloop
  endfacet
  facet normal -0.242775 0.970083 0
    outer loop
      vertex 9.33165 65.3327 1.8
      vertex 9.49348 65.3732 0
      vertex 9.33165 65.3327 0
    endloop
  endfacet
  facet normal 0.989181 -0.146699 0
    outer loop
      vertex 7.30819 67.1666 1.8
      vertex 7.33266 67.3316 0
      vertex 7.33266 67.3316 1.8
    endloop
  endfacet
  facet normal 0.989181 -0.146699 0
    outer loop
      vertex 7.33266 67.3316 0
      vertex 7.30819 67.1666 1.8
      vertex 7.30819 67.1666 0
    endloop
  endfacet
  facet normal 0.514258 0.857636 -0
    outer loop
      vertex 8.19862 65.5007 0
      vertex 8.05553 65.5865 1.8
      vertex 8.19862 65.5007 1.8
    endloop
  endfacet
  facet normal 0.514258 0.857636 0
    outer loop
      vertex 8.05553 65.5865 1.8
      vertex 8.19862 65.5007 0
      vertex 8.05553 65.5865 0
    endloop
  endfacet
  facet normal 0.970051 -0.242902 0
    outer loop
      vertex 7.33266 67.3316 1.8
      vertex 7.3732 67.4935 0
      vertex 7.3732 67.4935 1.8
    endloop
  endfacet
  facet normal 0.970051 -0.242902 0
    outer loop
      vertex 7.3732 67.4935 0
      vertex 7.33266 67.3316 1.8
      vertex 7.33266 67.3316 0
    endloop
  endfacet
  facet normal -0.803154 0.595772 0
    outer loop
      vertex 10.3141 65.9215 0
      vertex 10.4135 66.0555 1.8
      vertex 10.4135 66.0555 0
    endloop
  endfacet
  facet normal -0.803154 0.595772 0
    outer loop
      vertex 10.4135 66.0555 1.8
      vertex 10.3141 65.9215 0
      vertex 10.3141 65.9215 1.8
    endloop
  endfacet
  facet normal 0.595772 0.803154 -0
    outer loop
      vertex 8.05553 65.5865 0
      vertex 7.92153 65.6859 1.8
      vertex 8.05553 65.5865 1.8
    endloop
  endfacet
  facet normal 0.595772 0.803154 0
    outer loop
      vertex 7.92153 65.6859 1.8
      vertex 8.05553 65.5865 0
      vertex 7.92153 65.6859 0
    endloop
  endfacet
  facet normal 0.336868 0.941552 -0
    outer loop
      vertex 8.50652 65.3732 0
      vertex 8.34944 65.4294 1.8
      vertex 8.50652 65.3732 1.8
    endloop
  endfacet
  facet normal 0.336868 0.941552 0
    outer loop
      vertex 8.34944 65.4294 1.8
      vertex 8.50652 65.3732 0
      vertex 8.34944 65.4294 0
    endloop
  endfacet
  facet normal -0.336868 -0.941552 0
    outer loop
      vertex 9.49348 68.6268 0
      vertex 9.65056 68.5706 1.8
      vertex 9.49348 68.6268 1.8
    endloop
  endfacet
  facet normal -0.336868 -0.941552 -0
    outer loop
      vertex 9.65056 68.5706 1.8
      vertex 9.49348 68.6268 0
      vertex 9.65056 68.5706 0
    endloop
  endfacet
  facet normal 0.740905 0.67161 0
    outer loop
      vertex 7.79792 65.7979 1.8
      vertex 7.68588 65.9215 0
      vertex 7.68588 65.9215 1.8
    endloop
  endfacet
  facet normal 0.740905 0.67161 0
    outer loop
      vertex 7.68588 65.9215 0
      vertex 7.79792 65.7979 1.8
      vertex 7.79792 65.7979 0
    endloop
  endfacet
  facet normal -0.514231 -0.857652 0
    outer loop
      vertex 9.80137 68.4993 0
      vertex 9.94447 68.4135 1.8
      vertex 9.80137 68.4993 1.8
    endloop
  endfacet
  facet normal -0.514231 -0.857652 -0
    outer loop
      vertex 9.94447 68.4135 1.8
      vertex 9.80137 68.4993 0
      vertex 9.94447 68.4135 0
    endloop
  endfacet
  facet normal 0.336868 -0.941552 0
    outer loop
      vertex 8.34944 68.5706 0
      vertex 8.50652 68.6268 1.8
      vertex 8.34944 68.5706 1.8
    endloop
  endfacet
  facet normal 0.336868 -0.941552 0
    outer loop
      vertex 8.50652 68.6268 1.8
      vertex 8.34944 68.5706 0
      vertex 8.50652 68.6268 0
    endloop
  endfacet
  facet normal 0.903973 0.427589 0
    outer loop
      vertex 7.50073 66.1986 1.8
      vertex 7.4294 66.3494 0
      vertex 7.4294 66.3494 1.8
    endloop
  endfacet
  facet normal 0.903973 0.427589 0
    outer loop
      vertex 7.4294 66.3494 0
      vertex 7.50073 66.1986 1.8
      vertex 7.50073 66.1986 0
    endloop
  endfacet
  facet normal 0.941566 0.33683 0
    outer loop
      vertex 7.4294 66.3494 1.8
      vertex 7.3732 66.5065 0
      vertex 7.3732 66.5065 1.8
    endloop
  endfacet
  facet normal 0.941566 0.33683 0
    outer loop
      vertex 7.3732 66.5065 0
      vertex 7.4294 66.3494 1.8
      vertex 7.4294 66.3494 0
    endloop
  endfacet
  facet normal -0.904043 -0.427442 0
    outer loop
      vertex 10.5706 67.6506 0
      vertex 10.4993 67.8014 1.8
      vertex 10.4993 67.8014 0
    endloop
  endfacet
  facet normal -0.904043 -0.427442 0
    outer loop
      vertex 10.4993 67.8014 1.8
      vertex 10.5706 67.6506 0
      vertex 10.5706 67.6506 1.8
    endloop
  endfacet
  facet normal 0.970051 0.242902 0
    outer loop
      vertex 7.3732 66.5065 1.8
      vertex 7.33266 66.6684 0
      vertex 7.33266 66.6684 1.8
    endloop
  endfacet
  facet normal 0.970051 0.242902 0
    outer loop
      vertex 7.33266 66.6684 0
      vertex 7.3732 66.5065 1.8
      vertex 7.3732 66.5065 0
    endloop
  endfacet
  facet normal 0.595772 -0.803154 0
    outer loop
      vertex 7.92153 68.3141 0
      vertex 8.05553 68.4135 1.8
      vertex 7.92153 68.3141 1.8
    endloop
  endfacet
  facet normal 0.595772 -0.803154 0
    outer loop
      vertex 8.05553 68.4135 1.8
      vertex 7.92153 68.3141 0
      vertex 8.05553 68.4135 0
    endloop
  endfacet
  facet normal 0.671448 0.741051 -0
    outer loop
      vertex 7.92153 65.6859 0
      vertex 7.79792 65.7979 1.8
      vertex 7.92153 65.6859 1.8
    endloop
  endfacet
  facet normal 0.671448 0.741051 0
    outer loop
      vertex 7.79792 65.7979 1.8
      vertex 7.92153 65.6859 0
      vertex 7.79792 65.7979 0
    endloop
  endfacet
  facet normal 0.146857 0.989158 -0
    outer loop
      vertex 8.83337 65.3082 0
      vertex 8.66835 65.3327 1.8
      vertex 8.83337 65.3082 1.8
    endloop
  endfacet
  facet normal 0.146857 0.989158 0
    outer loop
      vertex 8.66835 65.3327 1.8
      vertex 8.83337 65.3082 0
      vertex 8.66835 65.3327 0
    endloop
  endfacet
  facet normal -0.741024 0.671478 0
    outer loop
      vertex 10.2021 65.7979 0
      vertex 10.3141 65.9215 1.8
      vertex 10.3141 65.9215 0
    endloop
  endfacet
  facet normal -0.741024 0.671478 0
    outer loop
      vertex 10.3141 65.9215 1.8
      vertex 10.2021 65.7979 0
      vertex 10.2021 65.7979 1.8
    endloop
  endfacet
  facet normal -0.146857 0.989158 0
    outer loop
      vertex 9.33165 65.3327 0
      vertex 9.16663 65.3082 1.8
      vertex 9.33165 65.3327 1.8
    endloop
  endfacet
  facet normal -0.146857 0.989158 0
    outer loop
      vertex 9.16663 65.3082 1.8
      vertex 9.33165 65.3327 0
      vertex 9.16663 65.3082 0
    endloop
  endfacet
  facet normal 0.514258 -0.857636 0
    outer loop
      vertex 8.05553 68.4135 0
      vertex 8.19862 68.4993 1.8
      vertex 8.05553 68.4135 1.8
    endloop
  endfacet
  facet normal 0.514258 -0.857636 0
    outer loop
      vertex 8.19862 68.4993 1.8
      vertex 8.05553 68.4135 0
      vertex 8.19862 68.4993 0
    endloop
  endfacet
  facet normal -0.0491513 -0.998791 0
    outer loop
      vertex 9 68.7 0
      vertex 9.16663 68.6918 1.8
      vertex 9 68.7 1.8
    endloop
  endfacet
  facet normal -0.0491513 -0.998791 -0
    outer loop
      vertex 9.16663 68.6918 1.8
      vertex 9 68.7 0
      vertex 9.16663 68.6918 0
    endloop
  endfacet
  facet normal -0.941566 -0.33683 0
    outer loop
      vertex 10.6268 67.4935 0
      vertex 10.5706 67.6506 1.8
      vertex 10.5706 67.6506 0
    endloop
  endfacet
  facet normal -0.941566 -0.33683 0
    outer loop
      vertex 10.5706 67.6506 1.8
      vertex 10.6268 67.4935 0
      vertex 10.6268 67.4935 1.8
    endloop
  endfacet
  facet normal -0.242775 -0.970083 0
    outer loop
      vertex 9.33165 68.6673 0
      vertex 9.49348 68.6268 1.8
      vertex 9.33165 68.6673 1.8
    endloop
  endfacet
  facet normal -0.242775 -0.970083 -0
    outer loop
      vertex 9.49348 68.6268 1.8
      vertex 9.33165 68.6673 0
      vertex 9.49348 68.6268 0
    endloop
  endfacet
  facet normal 0.941566 -0.33683 0
    outer loop
      vertex 7.3732 67.4935 1.8
      vertex 7.4294 67.6506 0
      vertex 7.4294 67.6506 1.8
    endloop
  endfacet
  facet normal 0.941566 -0.33683 0
    outer loop
      vertex 7.4294 67.6506 0
      vertex 7.3732 67.4935 1.8
      vertex 7.3732 67.4935 0
    endloop
  endfacet
  facet normal -0.671478 -0.741024 0
    outer loop
      vertex 10.0785 68.3141 0
      vertex 10.2021 68.2021 1.8
      vertex 10.0785 68.3141 1.8
    endloop
  endfacet
  facet normal -0.671478 -0.741024 -0
    outer loop
      vertex 10.2021 68.2021 1.8
      vertex 10.0785 68.3141 0
      vertex 10.2021 68.2021 0
    endloop
  endfacet
  facet normal 0.0491513 -0.998791 0
    outer loop
      vertex 8.83337 68.6918 0
      vertex 9 68.7 1.8
      vertex 8.83337 68.6918 1.8
    endloop
  endfacet
  facet normal 0.0491513 -0.998791 0
    outer loop
      vertex 9 68.7 1.8
      vertex 8.83337 68.6918 0
      vertex 9 68.7 0
    endloop
  endfacet
  facet normal -0.427419 0.904054 0
    outer loop
      vertex 9.80137 65.5007 0
      vertex 9.65056 65.4294 1.8
      vertex 9.80137 65.5007 1.8
    endloop
  endfacet
  facet normal -0.427419 0.904054 0
    outer loop
      vertex 9.65056 65.4294 1.8
      vertex 9.80137 65.5007 0
      vertex 9.65056 65.4294 0
    endloop
  endfacet
  facet normal -0.989155 0.146875 0
    outer loop
      vertex 10.6673 66.6684 0
      vertex 10.6918 66.8334 1.8
      vertex 10.6918 66.8334 0
    endloop
  endfacet
  facet normal -0.989155 0.146875 0
    outer loop
      vertex 10.6918 66.8334 1.8
      vertex 10.6673 66.6684 0
      vertex 10.6673 66.6684 1.8
    endloop
  endfacet
  facet normal -0.857652 -0.514231 0
    outer loop
      vertex 10.4993 67.8014 0
      vertex 10.4135 67.9445 1.8
      vertex 10.4135 67.9445 0
    endloop
  endfacet
  facet normal -0.857652 -0.514231 0
    outer loop
      vertex 10.4135 67.9445 1.8
      vertex 10.4993 67.8014 0
      vertex 10.4993 67.8014 1.8
    endloop
  endfacet
  facet normal 0.0491513 0.998791 -0
    outer loop
      vertex 9 65.3 0
      vertex 8.83337 65.3082 1.8
      vertex 9 65.3 1.8
    endloop
  endfacet
  facet normal 0.0491513 0.998791 0
    outer loop
      vertex 8.83337 65.3082 1.8
      vertex 9 65.3 0
      vertex 8.83337 65.3082 0
    endloop
  endfacet
  facet normal 0.671448 -0.741051 0
    outer loop
      vertex 7.79792 68.2021 0
      vertex 7.92153 68.3141 1.8
      vertex 7.79792 68.2021 1.8
    endloop
  endfacet
  facet normal 0.671448 -0.741051 0
    outer loop
      vertex 7.92153 68.3141 1.8
      vertex 7.79792 68.2021 0
      vertex 7.92153 68.3141 0
    endloop
  endfacet
  facet normal 0.740905 -0.67161 0
    outer loop
      vertex 7.68588 68.0785 1.8
      vertex 7.79792 68.2021 0
      vertex 7.79792 68.2021 1.8
    endloop
  endfacet
  facet normal 0.740905 -0.67161 0
    outer loop
      vertex 7.79792 68.2021 0
      vertex 7.68588 68.0785 1.8
      vertex 7.68588 68.0785 0
    endloop
  endfacet
  facet normal -0.904043 0.427442 0
    outer loop
      vertex 10.4993 66.1986 0
      vertex 10.5706 66.3494 1.8
      vertex 10.5706 66.3494 0
    endloop
  endfacet
  facet normal -0.904043 0.427442 0
    outer loop
      vertex 10.5706 66.3494 1.8
      vertex 10.4993 66.1986 0
      vertex 10.4993 66.1986 1.8
    endloop
  endfacet
  facet normal -0.0491513 0.998791 0
    outer loop
      vertex 9.16663 65.3082 0
      vertex 9 65.3 1.8
      vertex 9.16663 65.3082 1.8
    endloop
  endfacet
  facet normal -0.0491513 0.998791 0
    outer loop
      vertex 9 65.3 1.8
      vertex 9.16663 65.3082 0
      vertex 9 65.3 0
    endloop
  endfacet
  facet normal -0.941566 0.33683 0
    outer loop
      vertex 10.5706 66.3494 0
      vertex 10.6268 66.5065 1.8
      vertex 10.6268 66.5065 0
    endloop
  endfacet
  facet normal -0.941566 0.33683 0
    outer loop
      vertex 10.6268 66.5065 1.8
      vertex 10.5706 66.3494 0
      vertex 10.5706 66.3494 1.8
    endloop
  endfacet
  facet normal -0.741024 -0.671478 0
    outer loop
      vertex 10.3141 68.0785 0
      vertex 10.2021 68.2021 1.8
      vertex 10.2021 68.2021 0
    endloop
  endfacet
  facet normal -0.741024 -0.671478 0
    outer loop
      vertex 10.2021 68.2021 1.8
      vertex 10.3141 68.0785 0
      vertex 10.3141 68.0785 1.8
    endloop
  endfacet
  facet normal 0.242775 0.970083 -0
    outer loop
      vertex 8.66835 65.3327 0
      vertex 8.50652 65.3732 1.8
      vertex 8.66835 65.3327 1.8
    endloop
  endfacet
  facet normal 0.242775 0.970083 0
    outer loop
      vertex 8.50652 65.3732 1.8
      vertex 8.66835 65.3327 0
      vertex 8.50652 65.3732 0
    endloop
  endfacet
  facet normal -0.595686 0.803217 0
    outer loop
      vertex 10.0785 65.6859 0
      vertex 9.94447 65.5865 1.8
      vertex 10.0785 65.6859 1.8
    endloop
  endfacet
  facet normal -0.595686 0.803217 0
    outer loop
      vertex 9.94447 65.5865 1.8
      vertex 10.0785 65.6859 0
      vertex 9.94447 65.5865 0
    endloop
  endfacet
  facet normal -0.857652 0.514231 0
    outer loop
      vertex 10.4135 66.0555 0
      vertex 10.4993 66.1986 1.8
      vertex 10.4993 66.1986 0
    endloop
  endfacet
  facet normal -0.857652 0.514231 0
    outer loop
      vertex 10.4993 66.1986 1.8
      vertex 10.4135 66.0555 0
      vertex 10.4135 66.0555 1.8
    endloop
  endfacet
  facet normal 0.803211 0.595695 0
    outer loop
      vertex 7.68588 65.9215 1.8
      vertex 7.5865 66.0555 0
      vertex 7.5865 66.0555 1.8
    endloop
  endfacet
  facet normal 0.803211 0.595695 0
    outer loop
      vertex 7.5865 66.0555 0
      vertex 7.68588 65.9215 1.8
      vertex 7.68588 65.9215 0
    endloop
  endfacet
  facet normal 0.857731 -0.514099 0
    outer loop
      vertex 7.50073 67.8014 1.8
      vertex 7.5865 67.9445 0
      vertex 7.5865 67.9445 1.8
    endloop
  endfacet
  facet normal 0.857731 -0.514099 0
    outer loop
      vertex 7.5865 67.9445 0
      vertex 7.50073 67.8014 1.8
      vertex 7.50073 67.8014 0
    endloop
  endfacet
  facet normal -0.336868 0.941552 0
    outer loop
      vertex 9.65056 65.4294 0
      vertex 9.49348 65.3732 1.8
      vertex 9.65056 65.4294 1.8
    endloop
  endfacet
  facet normal -0.336868 0.941552 0
    outer loop
      vertex 9.49348 65.3732 1.8
      vertex 9.65056 65.4294 0
      vertex 9.49348 65.3732 0
    endloop
  endfacet
  facet normal 0.857731 0.514099 0
    outer loop
      vertex 7.5865 66.0555 1.8
      vertex 7.50073 66.1986 0
      vertex 7.50073 66.1986 1.8
    endloop
  endfacet
  facet normal 0.857731 0.514099 0
    outer loop
      vertex 7.50073 66.1986 0
      vertex 7.5865 66.0555 1.8
      vertex 7.5865 66.0555 0
    endloop
  endfacet
  facet normal 0.998794 -0.0491004 0
    outer loop
      vertex 7.3 67 1.8
      vertex 7.30819 67.1666 0
      vertex 7.30819 67.1666 1.8
    endloop
  endfacet
  facet normal 0.998794 -0.0491004 0
    outer loop
      vertex 7.30819 67.1666 0
      vertex 7.3 67 1.8
      vertex 7.3 67 0
    endloop
  endfacet
  facet normal 0.998794 0.0491004 0
    outer loop
      vertex 7.30819 66.8334 1.8
      vertex 7.3 67 0
      vertex 7.3 67 1.8
    endloop
  endfacet
  facet normal 0.998794 0.0491004 0
    outer loop
      vertex 7.3 67 0
      vertex 7.30819 66.8334 1.8
      vertex 7.30819 66.8334 0
    endloop
  endfacet
  facet normal -0.989145 -0.146942 0
    outer loop
      vertex 12.0851 67.3039 1.8
      vertex 12.0404 67.6048 3
      vertex 12.0404 67.6048 1.8
    endloop
  endfacet
  facet normal -0.989145 -0.146942 0
    outer loop
      vertex 12.0404 67.6048 3
      vertex 12.0851 67.3039 1.8
      vertex 12.0851 67.3039 3
    endloop
  endfacet
  facet normal -0.9988 -0.0489705 0
    outer loop
      vertex 12.1 67 1.8
      vertex 12.0851 67.3039 3
      vertex 12.0851 67.3039 1.8
    endloop
  endfacet
  facet normal -0.9988 -0.0489705 0
    outer loop
      vertex 12.0851 67.3039 3
      vertex 12.1 67 1.8
      vertex 12.1 67 3
    endloop
  endfacet
  facet normal -0.970046 -0.242922 0
    outer loop
      vertex 12.0404 67.6048 1.8
      vertex 11.9665 67.8999 3
      vertex 11.9665 67.8999 1.8
    endloop
  endfacet
  facet normal -0.970046 -0.242922 0
    outer loop
      vertex 11.9665 67.8999 3
      vertex 12.0404 67.6048 1.8
      vertex 12.0404 67.6048 3
    endloop
  endfacet
  facet normal 0.242922 -0.970046 0
    outer loop
      vertex 8.10012 69.9665 1.8
      vertex 8.39522 70.0404 3
      vertex 8.10012 69.9665 3
    endloop
  endfacet
  facet normal 0.242922 -0.970046 0
    outer loop
      vertex 8.39522 70.0404 3
      vertex 8.10012 69.9665 1.8
      vertex 8.39522 70.0404 1.8
    endloop
  endfacet
  facet normal 0.903983 0.427568 0
    outer loop
      vertex 6.26604 65.5387 3
      vertex 6.13597 65.8137 1.8
      vertex 6.13597 65.8137 3
    endloop
  endfacet
  facet normal 0.903983 0.427568 0
    outer loop
      vertex 6.13597 65.8137 1.8
      vertex 6.26604 65.5387 3
      vertex 6.26604 65.5387 1.8
    endloop
  endfacet
  facet normal -0.42738 0.904072 0
    outer loop
      vertex 10.4613 64.266 1.8
      vertex 10.1863 64.136 3
      vertex 10.4613 64.266 3
    endloop
  endfacet
  facet normal -0.42738 0.904072 0
    outer loop
      vertex 10.1863 64.136 3
      vertex 10.4613 64.266 1.8
      vertex 10.1863 64.136 1.8
    endloop
  endfacet
  facet normal 0.242922 0.970046 -0
    outer loop
      vertex 8.39522 63.9596 1.8
      vertex 8.10012 64.0335 3
      vertex 8.39522 63.9596 3
    endloop
  endfacet
  facet normal 0.242922 0.970046 0
    outer loop
      vertex 8.10012 64.0335 3
      vertex 8.39522 63.9596 1.8
      vertex 8.10012 64.0335 1.8
    endloop
  endfacet
  facet normal -0.514012 0.857783 0
    outer loop
      vertex 10.7223 64.4224 1.8
      vertex 10.4613 64.266 3
      vertex 10.7223 64.4224 3
    endloop
  endfacet
  facet normal -0.514012 0.857783 0
    outer loop
      vertex 10.4613 64.266 3
      vertex 10.7223 64.4224 1.8
      vertex 10.4613 64.266 1.8
    endloop
  endfacet
  facet normal 0.336919 0.941534 -0
    outer loop
      vertex 8.10012 64.0335 1.8
      vertex 7.81368 64.136 3
      vertex 8.10012 64.0335 3
    endloop
  endfacet
  facet normal 0.336919 0.941534 0
    outer loop
      vertex 7.81368 64.136 3
      vertex 8.10012 64.0335 1.8
      vertex 7.81368 64.136 1.8
    endloop
  endfacet
  facet normal -0.33694 0.941526 0
    outer loop
      vertex 10.1863 64.136 1.8
      vertex 9.89988 64.0335 3
      vertex 10.1863 64.136 3
    endloop
  endfacet
  facet normal -0.33694 0.941526 0
    outer loop
      vertex 9.89988 64.0335 3
      vertex 10.1863 64.136 1.8
      vertex 9.89988 64.0335 1.8
    endloop
  endfacet
  facet normal 0.671559 -0.740951 0
    outer loop
      vertex 6.80797 69.192 1.8
      vertex 7.03338 69.3963 3
      vertex 6.80797 69.192 3
    endloop
  endfacet
  facet normal 0.671559 -0.740951 0
    outer loop
      vertex 7.03338 69.3963 3
      vertex 6.80797 69.192 1.8
      vertex 7.03338 69.3963 1.8
    endloop
  endfacet
  facet normal -0.242922 0.970046 0
    outer loop
      vertex 9.89988 64.0335 1.8
      vertex 9.60478 63.9596 3
      vertex 9.89988 64.0335 3
    endloop
  endfacet
  facet normal -0.242922 0.970046 0
    outer loop
      vertex 9.60478 63.9596 3
      vertex 9.89988 64.0335 1.8
      vertex 9.60478 63.9596 1.8
    endloop
  endfacet
  facet normal 0.857783 -0.514012 0
    outer loop
      vertex 6.26604 68.4613 3
      vertex 6.42244 68.7223 1.8
      vertex 6.42244 68.7223 3
    endloop
  endfacet
  facet normal 0.857783 -0.514012 0
    outer loop
      vertex 6.42244 68.7223 1.8
      vertex 6.26604 68.4613 3
      vertex 6.26604 68.4613 1.8
    endloop
  endfacet
  facet normal 0.989174 -0.146749 0
    outer loop
      vertex 5.91493 67.3039 3
      vertex 5.95957 67.6048 1.8
      vertex 5.95957 67.6048 3
    endloop
  endfacet
  facet normal 0.989174 -0.146749 0
    outer loop
      vertex 5.95957 67.6048 1.8
      vertex 5.91493 67.3039 3
      vertex 5.91493 67.3039 1.8
    endloop
  endfacet
  facet normal -0.904072 -0.42738 0
    outer loop
      vertex 11.864 68.1863 1.8
      vertex 11.734 68.4613 3
      vertex 11.734 68.4613 1.8
    endloop
  endfacet
  facet normal -0.904072 -0.42738 0
    outer loop
      vertex 11.734 68.4613 3
      vertex 11.864 68.1863 1.8
      vertex 11.864 68.1863 3
    endloop
  endfacet
  facet normal -0.803027 0.595943 0
    outer loop
      vertex 11.3963 65.0334 1.8
      vertex 11.5776 65.2777 3
      vertex 11.5776 65.2777 1.8
    endloop
  endfacet
  facet normal -0.803027 0.595943 0
    outer loop
      vertex 11.5776 65.2777 3
      vertex 11.3963 65.0334 1.8
      vertex 11.3963 65.0334 3
    endloop
  endfacet
  facet normal 0.595864 -0.803085 0
    outer loop
      vertex 7.03338 69.3963 1.8
      vertex 7.27773 69.5776 3
      vertex 7.03338 69.3963 3
    endloop
  endfacet
  facet normal 0.595864 -0.803085 0
    outer loop
      vertex 7.27773 69.5776 3
      vertex 7.03338 69.3963 1.8
      vertex 7.27773 69.5776 1.8
    endloop
  endfacet
  facet normal -0.595943 -0.803027 0
    outer loop
      vertex 10.7223 69.5776 1.8
      vertex 10.9666 69.3963 3
      vertex 10.7223 69.5776 3
    endloop
  endfacet
  facet normal -0.595943 -0.803027 -0
    outer loop
      vertex 10.9666 69.3963 3
      vertex 10.7223 69.5776 1.8
      vertex 10.9666 69.3963 1.8
    endloop
  endfacet
  facet normal -0.146927 -0.989147 0
    outer loop
      vertex 9.30385 70.0851 1.8
      vertex 9.60478 70.0404 3
      vertex 9.30385 70.0851 3
    endloop
  endfacet
  facet normal -0.146927 -0.989147 -0
    outer loop
      vertex 9.60478 70.0404 3
      vertex 9.30385 70.0851 1.8
      vertex 9.60478 70.0404 1.8
    endloop
  endfacet
  facet normal -0.803027 -0.595943 0
    outer loop
      vertex 11.5776 68.7223 1.8
      vertex 11.3963 68.9666 3
      vertex 11.3963 68.9666 1.8
    endloop
  endfacet
  facet normal -0.803027 -0.595943 0
    outer loop
      vertex 11.3963 68.9666 3
      vertex 11.5776 68.7223 1.8
      vertex 11.5776 68.7223 3
    endloop
  endfacet
  facet normal 0.514099 -0.857731 0
    outer loop
      vertex 7.27773 69.5776 1.8
      vertex 7.53867 69.734 3
      vertex 7.27773 69.5776 3
    endloop
  endfacet
  facet normal 0.514099 -0.857731 0
    outer loop
      vertex 7.53867 69.734 3
      vertex 7.27773 69.5776 1.8
      vertex 7.53867 69.734 1.8
    endloop
  endfacet
  facet normal -0.514012 -0.857783 0
    outer loop
      vertex 10.4613 69.734 1.8
      vertex 10.7223 69.5776 3
      vertex 10.4613 69.734 3
    endloop
  endfacet
  facet normal -0.514012 -0.857783 -0
    outer loop
      vertex 10.7223 69.5776 3
      vertex 10.4613 69.734 1.8
      vertex 10.7223 69.5776 1.8
    endloop
  endfacet
  facet normal -0.671576 -0.740936 0
    outer loop
      vertex 10.9666 69.3963 1.8
      vertex 11.192 69.192 3
      vertex 10.9666 69.3963 3
    endloop
  endfacet
  facet normal -0.671576 -0.740936 -0
    outer loop
      vertex 11.192 69.192 3
      vertex 10.9666 69.3963 1.8
      vertex 11.192 69.192 1.8
    endloop
  endfacet
  facet normal 0.941529 0.336932 0
    outer loop
      vertex 6.13597 65.8137 3
      vertex 6.03348 66.1001 1.8
      vertex 6.03348 66.1001 3
    endloop
  endfacet
  facet normal 0.941529 0.336932 0
    outer loop
      vertex 6.03348 66.1001 1.8
      vertex 6.13597 65.8137 3
      vertex 6.13597 65.8137 1.8
    endloop
  endfacet
  facet normal -0.9988 0.0489705 0
    outer loop
      vertex 12.0851 66.6961 1.8
      vertex 12.1 67 3
      vertex 12.1 67 1.8
    endloop
  endfacet
  facet normal -0.9988 0.0489705 0
    outer loop
      vertex 12.1 67 3
      vertex 12.0851 66.6961 1.8
      vertex 12.0851 66.6961 3
    endloop
  endfacet
  facet normal 0.427367 -0.904078 0
    outer loop
      vertex 7.53867 69.734 1.8
      vertex 7.81368 69.864 3
      vertex 7.53867 69.734 3
    endloop
  endfacet
  facet normal 0.427367 -0.904078 0
    outer loop
      vertex 7.81368 69.864 3
      vertex 7.53867 69.734 1.8
      vertex 7.81368 69.864 1.8
    endloop
  endfacet
  facet normal -0.904072 0.42738 0
    outer loop
      vertex 11.734 65.5387 1.8
      vertex 11.864 65.8137 3
      vertex 11.864 65.8137 1.8
    endloop
  endfacet
  facet normal -0.904072 0.42738 0
    outer loop
      vertex 11.864 65.8137 3
      vertex 11.734 65.5387 1.8
      vertex 11.734 65.5387 3
    endloop
  endfacet
  facet normal 0.595864 0.803085 -0
    outer loop
      vertex 7.27773 64.4224 1.8
      vertex 7.03338 64.6037 3
      vertex 7.27773 64.4224 3
    endloop
  endfacet
  facet normal 0.595864 0.803085 0
    outer loop
      vertex 7.03338 64.6037 3
      vertex 7.27773 64.4224 1.8
      vertex 7.03338 64.6037 1.8
    endloop
  endfacet
  facet normal 0.803137 -0.595794 0
    outer loop
      vertex 6.42244 68.7223 3
      vertex 6.60367 68.9666 1.8
      vertex 6.60367 68.9666 3
    endloop
  endfacet
  facet normal 0.803137 -0.595794 0
    outer loop
      vertex 6.60367 68.9666 1.8
      vertex 6.42244 68.7223 3
      vertex 6.42244 68.7223 1.8
    endloop
  endfacet
  facet normal 0.941529 -0.336932 0
    outer loop
      vertex 6.03348 67.8999 3
      vertex 6.13597 68.1863 1.8
      vertex 6.13597 68.1863 3
    endloop
  endfacet
  facet normal 0.941529 -0.336932 0
    outer loop
      vertex 6.13597 68.1863 1.8
      vertex 6.03348 67.8999 3
      vertex 6.03348 67.8999 1.8
    endloop
  endfacet
  facet normal -0.941519 -0.336961 0
    outer loop
      vertex 11.9665 67.8999 1.8
      vertex 11.864 68.1863 3
      vertex 11.864 68.1863 1.8
    endloop
  endfacet
  facet normal -0.941519 -0.336961 0
    outer loop
      vertex 11.864 68.1863 3
      vertex 11.9665 67.8999 1.8
      vertex 11.9665 67.8999 3
    endloop
  endfacet
  facet normal -0.857783 -0.514012 0
    outer loop
      vertex 11.734 68.4613 1.8
      vertex 11.5776 68.7223 3
      vertex 11.5776 68.7223 1.8
    endloop
  endfacet
  facet normal -0.857783 -0.514012 0
    outer loop
      vertex 11.5776 68.7223 3
      vertex 11.734 68.4613 1.8
      vertex 11.734 68.4613 3
    endloop
  endfacet
  facet normal 0.671559 0.740951 -0
    outer loop
      vertex 7.03338 64.6037 1.8
      vertex 6.80797 64.808 3
      vertex 7.03338 64.6037 3
    endloop
  endfacet
  facet normal 0.671559 0.740951 0
    outer loop
      vertex 6.80797 64.808 3
      vertex 7.03338 64.6037 1.8
      vertex 6.80797 64.808 1.8
    endloop
  endfacet
  facet normal -0.970046 0.242922 0
    outer loop
      vertex 11.9665 66.1001 1.8
      vertex 12.0404 66.3952 3
      vertex 12.0404 66.3952 1.8
    endloop
  endfacet
  facet normal -0.970046 0.242922 0
    outer loop
      vertex 12.0404 66.3952 3
      vertex 11.9665 66.1001 1.8
      vertex 11.9665 66.1001 3
    endloop
  endfacet
  facet normal -0.989145 0.146942 0
    outer loop
      vertex 12.0404 66.3952 1.8
      vertex 12.0851 66.6961 3
      vertex 12.0851 66.6961 1.8
    endloop
  endfacet
  facet normal -0.989145 0.146942 0
    outer loop
      vertex 12.0851 66.6961 3
      vertex 12.0404 66.3952 1.8
      vertex 12.0404 66.3952 3
    endloop
  endfacet
  facet normal 0.514099 0.857731 -0
    outer loop
      vertex 7.53867 64.266 1.8
      vertex 7.27773 64.4224 3
      vertex 7.53867 64.266 3
    endloop
  endfacet
  facet normal 0.514099 0.857731 0
    outer loop
      vertex 7.27773 64.4224 3
      vertex 7.53867 64.266 1.8
      vertex 7.27773 64.4224 1.8
    endloop
  endfacet
  facet normal -0.33694 -0.941526 0
    outer loop
      vertex 9.89988 69.9665 1.8
      vertex 10.1863 69.864 3
      vertex 9.89988 69.9665 3
    endloop
  endfacet
  facet normal -0.33694 -0.941526 -0
    outer loop
      vertex 10.1863 69.864 3
      vertex 9.89988 69.9665 1.8
      vertex 10.1863 69.864 1.8
    endloop
  endfacet
  facet normal 0.336919 -0.941534 0
    outer loop
      vertex 7.81368 69.864 1.8
      vertex 8.10012 69.9665 3
      vertex 7.81368 69.864 3
    endloop
  endfacet
  facet normal 0.336919 -0.941534 0
    outer loop
      vertex 8.10012 69.9665 3
      vertex 7.81368 69.864 1.8
      vertex 8.10012 69.9665 1.8
    endloop
  endfacet
  facet normal -0.146927 0.989147 0
    outer loop
      vertex 9.60478 63.9596 1.8
      vertex 9.30385 63.9149 3
      vertex 9.60478 63.9596 3
    endloop
  endfacet
  facet normal -0.146927 0.989147 0
    outer loop
      vertex 9.30385 63.9149 3
      vertex 9.60478 63.9596 1.8
      vertex 9.30385 63.9149 1.8
    endloop
  endfacet
  facet normal -0.857783 0.514012 0
    outer loop
      vertex 11.5776 65.2777 1.8
      vertex 11.734 65.5387 3
      vertex 11.734 65.5387 1.8
    endloop
  endfacet
  facet normal -0.857783 0.514012 0
    outer loop
      vertex 11.734 65.5387 3
      vertex 11.5776 65.2777 1.8
      vertex 11.5776 65.2777 3
    endloop
  endfacet
  facet normal 0.0489785 -0.9988 0
    outer loop
      vertex 8.69615 70.0851 1.8
      vertex 9 70.1 3
      vertex 8.69615 70.0851 3
    endloop
  endfacet
  facet normal 0.0489785 -0.9988 0
    outer loop
      vertex 9 70.1 3
      vertex 8.69615 70.0851 1.8
      vertex 9 70.1 1.8
    endloop
  endfacet
  facet normal 0.998795 0.0490688 0
    outer loop
      vertex 5.91493 66.6961 3
      vertex 5.9 67 1.8
      vertex 5.9 67 3
    endloop
  endfacet
  facet normal 0.998795 0.0490688 0
    outer loop
      vertex 5.9 67 1.8
      vertex 5.91493 66.6961 3
      vertex 5.91493 66.6961 1.8
    endloop
  endfacet
  facet normal -0.941519 0.336961 0
    outer loop
      vertex 11.864 65.8137 1.8
      vertex 11.9665 66.1001 3
      vertex 11.9665 66.1001 1.8
    endloop
  endfacet
  facet normal -0.941519 0.336961 0
    outer loop
      vertex 11.9665 66.1001 3
      vertex 11.864 65.8137 1.8
      vertex 11.864 65.8137 3
    endloop
  endfacet
  facet normal -0.42738 -0.904072 0
    outer loop
      vertex 10.1863 69.864 1.8
      vertex 10.4613 69.734 3
      vertex 10.1863 69.864 3
    endloop
  endfacet
  facet normal -0.42738 -0.904072 -0
    outer loop
      vertex 10.4613 69.734 3
      vertex 10.1863 69.864 1.8
      vertex 10.4613 69.734 1.8
    endloop
  endfacet
  facet normal -0.740936 -0.671576 0
    outer loop
      vertex 11.3963 68.9666 1.8
      vertex 11.192 69.192 3
      vertex 11.192 69.192 1.8
    endloop
  endfacet
  facet normal -0.740936 -0.671576 0
    outer loop
      vertex 11.192 69.192 3
      vertex 11.3963 68.9666 1.8
      vertex 11.3963 68.9666 3
    endloop
  endfacet
  facet normal -0.0489785 -0.9988 0
    outer loop
      vertex 9 70.1 1.8
      vertex 9.30385 70.0851 3
      vertex 9 70.1 3
    endloop
  endfacet
  facet normal -0.0489785 -0.9988 -0
    outer loop
      vertex 9.30385 70.0851 3
      vertex 9 70.1 1.8
      vertex 9.30385 70.0851 1.8
    endloop
  endfacet
  facet normal 0.857783 0.514012 0
    outer loop
      vertex 6.42244 65.2777 3
      vertex 6.26604 65.5387 1.8
      vertex 6.26604 65.5387 3
    endloop
  endfacet
  facet normal 0.857783 0.514012 0
    outer loop
      vertex 6.26604 65.5387 1.8
      vertex 6.42244 65.2777 3
      vertex 6.42244 65.2777 1.8
    endloop
  endfacet
  facet normal 0.146927 0.989147 -0
    outer loop
      vertex 8.69615 63.9149 1.8
      vertex 8.39522 63.9596 3
      vertex 8.69615 63.9149 3
    endloop
  endfacet
  facet normal 0.146927 0.989147 0
    outer loop
      vertex 8.39522 63.9596 3
      vertex 8.69615 63.9149 1.8
      vertex 8.39522 63.9596 1.8
    endloop
  endfacet
  facet normal -0.671576 0.740936 0
    outer loop
      vertex 11.192 64.808 1.8
      vertex 10.9666 64.6037 3
      vertex 11.192 64.808 3
    endloop
  endfacet
  facet normal -0.671576 0.740936 0
    outer loop
      vertex 10.9666 64.6037 3
      vertex 11.192 64.808 1.8
      vertex 10.9666 64.6037 1.8
    endloop
  endfacet
  facet normal 0.0489785 0.9988 -0
    outer loop
      vertex 9 63.9 1.8
      vertex 8.69615 63.9149 3
      vertex 9 63.9 3
    endloop
  endfacet
  facet normal 0.0489785 0.9988 0
    outer loop
      vertex 8.69615 63.9149 3
      vertex 9 63.9 1.8
      vertex 8.69615 63.9149 1.8
    endloop
  endfacet
  facet normal 0.740936 -0.671576 0
    outer loop
      vertex 6.60367 68.9666 3
      vertex 6.80797 69.192 1.8
      vertex 6.80797 69.192 3
    endloop
  endfacet
  facet normal 0.740936 -0.671576 0
    outer loop
      vertex 6.80797 69.192 1.8
      vertex 6.60367 68.9666 3
      vertex 6.60367 68.9666 1.8
    endloop
  endfacet
  facet normal 0.146927 -0.989147 0
    outer loop
      vertex 8.39522 70.0404 1.8
      vertex 8.69615 70.0851 3
      vertex 8.39522 70.0404 3
    endloop
  endfacet
  facet normal 0.146927 -0.989147 0
    outer loop
      vertex 8.69615 70.0851 3
      vertex 8.39522 70.0404 1.8
      vertex 8.69615 70.0851 1.8
    endloop
  endfacet
  facet normal 0.903983 -0.427568 0
    outer loop
      vertex 6.13597 68.1863 3
      vertex 6.26604 68.4613 1.8
      vertex 6.26604 68.4613 3
    endloop
  endfacet
  facet normal 0.903983 -0.427568 0
    outer loop
      vertex 6.26604 68.4613 1.8
      vertex 6.13597 68.1863 3
      vertex 6.13597 68.1863 1.8
    endloop
  endfacet
  facet normal 0.970038 -0.242953 0
    outer loop
      vertex 5.95957 67.6048 3
      vertex 6.03348 67.8999 1.8
      vertex 6.03348 67.8999 3
    endloop
  endfacet
  facet normal 0.970038 -0.242953 0
    outer loop
      vertex 6.03348 67.8999 1.8
      vertex 5.95957 67.6048 3
      vertex 5.95957 67.6048 1.8
    endloop
  endfacet
  facet normal -0.242922 -0.970046 0
    outer loop
      vertex 9.60478 70.0404 1.8
      vertex 9.89988 69.9665 3
      vertex 9.60478 70.0404 3
    endloop
  endfacet
  facet normal -0.242922 -0.970046 -0
    outer loop
      vertex 9.89988 69.9665 3
      vertex 9.60478 70.0404 1.8
      vertex 9.89988 69.9665 1.8
    endloop
  endfacet
  facet normal 0.970038 0.242953 0
    outer loop
      vertex 6.03348 66.1001 3
      vertex 5.95957 66.3952 1.8
      vertex 5.95957 66.3952 3
    endloop
  endfacet
  facet normal 0.970038 0.242953 0
    outer loop
      vertex 5.95957 66.3952 1.8
      vertex 6.03348 66.1001 3
      vertex 6.03348 66.1001 1.8
    endloop
  endfacet
  facet normal 0.427367 0.904078 -0
    outer loop
      vertex 7.81368 64.136 1.8
      vertex 7.53867 64.266 3
      vertex 7.81368 64.136 3
    endloop
  endfacet
  facet normal 0.427367 0.904078 0
    outer loop
      vertex 7.53867 64.266 3
      vertex 7.81368 64.136 1.8
      vertex 7.53867 64.266 1.8
    endloop
  endfacet
  facet normal 0.740936 0.671576 0
    outer loop
      vertex 6.80797 64.808 3
      vertex 6.60367 65.0334 1.8
      vertex 6.60367 65.0334 3
    endloop
  endfacet
  facet normal 0.740936 0.671576 0
    outer loop
      vertex 6.60367 65.0334 1.8
      vertex 6.80797 64.808 3
      vertex 6.80797 64.808 1.8
    endloop
  endfacet
  facet normal -0.0489785 0.9988 0
    outer loop
      vertex 9.30385 63.9149 1.8
      vertex 9 63.9 3
      vertex 9.30385 63.9149 3
    endloop
  endfacet
  facet normal -0.0489785 0.9988 0
    outer loop
      vertex 9 63.9 3
      vertex 9.30385 63.9149 1.8
      vertex 9 63.9 1.8
    endloop
  endfacet
  facet normal 0.989174 0.146749 0
    outer loop
      vertex 5.95957 66.3952 3
      vertex 5.91493 66.6961 1.8
      vertex 5.91493 66.6961 3
    endloop
  endfacet
  facet normal 0.989174 0.146749 0
    outer loop
      vertex 5.91493 66.6961 1.8
      vertex 5.95957 66.3952 3
      vertex 5.95957 66.3952 1.8
    endloop
  endfacet
  facet normal -0.595943 0.803027 0
    outer loop
      vertex 10.9666 64.6037 1.8
      vertex 10.7223 64.4224 3
      vertex 10.9666 64.6037 3
    endloop
  endfacet
  facet normal -0.595943 0.803027 0
    outer loop
      vertex 10.7223 64.4224 3
      vertex 10.9666 64.6037 1.8
      vertex 10.7223 64.4224 1.8
    endloop
  endfacet
  facet normal 0 0 1
    outer loop
      vertex 10.7 67 1.8
      vertex 12.1 67 1.8
      vertex 12.0851 67.3039 1.8
    endloop
  endfacet
  facet normal 0 0 1
    outer loop
      vertex 10.6918 67.1666 1.8
      vertex 12.0851 67.3039 1.8
      vertex 12.0404 67.6048 1.8
    endloop
  endfacet
  facet normal 0 0 1
    outer loop
      vertex 12.1 67 1.8
      vertex 10.7 67 1.8
      vertex 12.0851 66.6961 1.8
    endloop
  endfacet
  facet normal 0 0 1
    outer loop
      vertex 10.6673 67.3316 1.8
      vertex 12.0404 67.6048 1.8
      vertex 11.9665 67.8999 1.8
    endloop
  endfacet
  facet normal -0 0 1
    outer loop
      vertex 10.6918 66.8334 1.8
      vertex 12.0851 66.6961 1.8
      vertex 10.7 67 1.8
    endloop
  endfacet
  facet normal 0 0 1
    outer loop
      vertex 10.6268 67.4935 1.8
      vertex 11.9665 67.8999 1.8
      vertex 11.864 68.1863 1.8
    endloop
  endfacet
  facet normal 0 0 1
    outer loop
      vertex 12.0851 66.6961 1.8
      vertex 10.6918 66.8334 1.8
      vertex 12.0404 66.3952 1.8
    endloop
  endfacet
  facet normal 0 0 1
    outer loop
      vertex 10.5706 67.6506 1.8
      vertex 11.864 68.1863 1.8
      vertex 11.734 68.4613 1.8
    endloop
  endfacet
  facet normal -0 0 1
    outer loop
      vertex 10.6673 66.6684 1.8
      vertex 12.0404 66.3952 1.8
      vertex 10.6918 66.8334 1.8
    endloop
  endfacet
  facet normal 0 0 1
    outer loop
      vertex 10.4993 67.8014 1.8
      vertex 11.734 68.4613 1.8
      vertex 11.5776 68.7223 1.8
    endloop
  endfacet
  facet normal 0 0 1
    outer loop
      vertex 12.0404 66.3952 1.8
      vertex 10.6673 66.6684 1.8
      vertex 11.9665 66.1001 1.8
    endloop
  endfacet
  facet normal 0 0 1
    outer loop
      vertex 10.4135 67.9445 1.8
      vertex 11.5776 68.7223 1.8
      vertex 11.3963 68.9666 1.8
    endloop
  endfacet
  facet normal -0 0 1
    outer loop
      vertex 10.6268 66.5065 1.8
      vertex 11.9665 66.1001 1.8
      vertex 10.6673 66.6684 1.8
    endloop
  endfacet
  facet normal 0 0 1
    outer loop
      vertex 10.3141 68.0785 1.8
      vertex 11.3963 68.9666 1.8
      vertex 11.192 69.192 1.8
    endloop
  endfacet
  facet normal 0 0 1
    outer loop
      vertex 11.9665 66.1001 1.8
      vertex 10.6268 66.5065 1.8
      vertex 11.864 65.8137 1.8
    endloop
  endfacet
  facet normal 0 0 1
    outer loop
      vertex 10.2021 68.2021 1.8
      vertex 11.192 69.192 1.8
      vertex 10.9666 69.3963 1.8
    endloop
  endfacet
  facet normal -0 0 1
    outer loop
      vertex 10.5706 66.3494 1.8
      vertex 11.864 65.8137 1.8
      vertex 10.6268 66.5065 1.8
    endloop
  endfacet
  facet normal 0 0 1
    outer loop
      vertex 10.0785 68.3141 1.8
      vertex 10.9666 69.3963 1.8
      vertex 10.7223 69.5776 1.8
    endloop
  endfacet
  facet normal 0 0 1
    outer loop
      vertex 11.864 65.8137 1.8
      vertex 10.5706 66.3494 1.8
      vertex 11.734 65.5387 1.8
    endloop
  endfacet
  facet normal -0 0 1
    outer loop
      vertex 10.4993 66.1986 1.8
      vertex 11.734 65.5387 1.8
      vertex 10.5706 66.3494 1.8
    endloop
  endfacet
  facet normal 0 0 1
    outer loop
      vertex 12.0851 67.3039 1.8
      vertex 10.6918 67.1666 1.8
      vertex 10.7 67 1.8
    endloop
  endfacet
  facet normal 0 0 1
    outer loop
      vertex 12.0404 67.6048 1.8
      vertex 10.6673 67.3316 1.8
      vertex 10.6918 67.1666 1.8
    endloop
  endfacet
  facet normal 0 0 1
    outer loop
      vertex 11.9665 67.8999 1.8
      vertex 10.6268 67.4935 1.8
      vertex 10.6673 67.3316 1.8
    endloop
  endfacet
  facet normal 0 0 1
    outer loop
      vertex 11.864 68.1863 1.8
      vertex 10.5706 67.6506 1.8
      vertex 10.6268 67.4935 1.8
    endloop
  endfacet
  facet normal 0 0 1
    outer loop
      vertex 11.734 68.4613 1.8
      vertex 10.4993 67.8014 1.8
      vertex 10.5706 67.6506 1.8
    endloop
  endfacet
  facet normal 0 0 1
    outer loop
      vertex 9.94447 68.4135 1.8
      vertex 10.7223 69.5776 1.8
      vertex 10.4613 69.734 1.8
    endloop
  endfacet
  facet normal 0 0 1
    outer loop
      vertex 11.5776 68.7223 1.8
      vertex 10.4135 67.9445 1.8
      vertex 10.4993 67.8014 1.8
    endloop
  endfacet
  facet normal 0 0 1
    outer loop
      vertex 11.3963 68.9666 1.8
      vertex 10.3141 68.0785 1.8
      vertex 10.4135 67.9445 1.8
    endloop
  endfacet
  facet normal 0 0 1
    outer loop
      vertex 11.192 69.192 1.8
      vertex 10.2021 68.2021 1.8
      vertex 10.3141 68.0785 1.8
    endloop
  endfacet
  facet normal 0 0 1
    outer loop
      vertex 9.80137 68.4993 1.8
      vertex 10.4613 69.734 1.8
      vertex 10.1863 69.864 1.8
    endloop
  endfacet
  facet normal 0 0 1
    outer loop
      vertex 10.9666 69.3963 1.8
      vertex 10.0785 68.3141 1.8
      vertex 10.2021 68.2021 1.8
    endloop
  endfacet
  facet normal 0 0 1
    outer loop
      vertex 10.7223 69.5776 1.8
      vertex 9.94447 68.4135 1.8
      vertex 10.0785 68.3141 1.8
    endloop
  endfacet
  facet normal 0 0 1
    outer loop
      vertex 9.65056 68.5706 1.8
      vertex 10.1863 69.864 1.8
      vertex 9.89988 69.9665 1.8
    endloop
  endfacet
  facet normal 0 0 1
    outer loop
      vertex 10.4613 69.734 1.8
      vertex 9.80137 68.4993 1.8
      vertex 9.94447 68.4135 1.8
    endloop
  endfacet
  facet normal 0 0 1
    outer loop
      vertex 10.1863 69.864 1.8
      vertex 9.65056 68.5706 1.8
      vertex 9.80137 68.4993 1.8
    endloop
  endfacet
  facet normal 0 0 1
    outer loop
      vertex 9.49348 68.6268 1.8
      vertex 9.89988 69.9665 1.8
      vertex 9.60478 70.0404 1.8
    endloop
  endfacet
  facet normal 0 0 1
    outer loop
      vertex 9.89988 69.9665 1.8
      vertex 9.49348 68.6268 1.8
      vertex 9.65056 68.5706 1.8
    endloop
  endfacet
  facet normal 0 0 1
    outer loop
      vertex 9.60478 70.0404 1.8
      vertex 9.33165 68.6673 1.8
      vertex 9.49348 68.6268 1.8
    endloop
  endfacet
  facet normal 0 0 1
    outer loop
      vertex 9.30385 70.0851 1.8
      vertex 9.33165 68.6673 1.8
      vertex 9.60478 70.0404 1.8
    endloop
  endfacet
  facet normal 0 0 1
    outer loop
      vertex 9.30385 70.0851 1.8
      vertex 9.16663 68.6918 1.8
      vertex 9.33165 68.6673 1.8
    endloop
  endfacet
  facet normal 0 0 1
    outer loop
      vertex 9 70.1 1.8
      vertex 9.16663 68.6918 1.8
      vertex 9.30385 70.0851 1.8
    endloop
  endfacet
  facet normal 0 0 1
    outer loop
      vertex 9 70.1 1.8
      vertex 9 68.7 1.8
      vertex 9.16663 68.6918 1.8
    endloop
  endfacet
  facet normal 0 0 1
    outer loop
      vertex 9 70.1 1.8
      vertex 8.83337 68.6918 1.8
      vertex 9 68.7 1.8
    endloop
  endfacet
  facet normal -0 0 1
    outer loop
      vertex 8.69615 70.0851 1.8
      vertex 8.83337 68.6918 1.8
      vertex 9 70.1 1.8
    endloop
  endfacet
  facet normal 0 0 1
    outer loop
      vertex 8.69615 70.0851 1.8
      vertex 8.66835 68.6673 1.8
      vertex 8.83337 68.6918 1.8
    endloop
  endfacet
  facet normal -0 0 1
    outer loop
      vertex 8.39522 70.0404 1.8
      vertex 8.66835 68.6673 1.8
      vertex 8.69615 70.0851 1.8
    endloop
  endfacet
  facet normal 0 0 1
    outer loop
      vertex 8.66835 68.6673 1.8
      vertex 8.39522 70.0404 1.8
      vertex 8.50652 68.6268 1.8
    endloop
  endfacet
  facet normal -0 0 1
    outer loop
      vertex 8.10012 69.9665 1.8
      vertex 8.50652 68.6268 1.8
      vertex 8.39522 70.0404 1.8
    endloop
  endfacet
  facet normal 0 0 1
    outer loop
      vertex 8.50652 68.6268 1.8
      vertex 8.10012 69.9665 1.8
      vertex 8.34944 68.5706 1.8
    endloop
  endfacet
  facet normal -0 0 1
    outer loop
      vertex 7.81368 69.864 1.8
      vertex 8.34944 68.5706 1.8
      vertex 8.10012 69.9665 1.8
    endloop
  endfacet
  facet normal 0 0 1
    outer loop
      vertex 8.34944 68.5706 1.8
      vertex 7.81368 69.864 1.8
      vertex 8.19862 68.4993 1.8
    endloop
  endfacet
  facet normal -0 0 1
    outer loop
      vertex 7.53867 69.734 1.8
      vertex 8.19862 68.4993 1.8
      vertex 7.81368 69.864 1.8
    endloop
  endfacet
  facet normal 0 0 1
    outer loop
      vertex 8.19862 68.4993 1.8
      vertex 7.53867 69.734 1.8
      vertex 8.05553 68.4135 1.8
    endloop
  endfacet
  facet normal -0 0 1
    outer loop
      vertex 7.27773 69.5776 1.8
      vertex 8.05553 68.4135 1.8
      vertex 7.53867 69.734 1.8
    endloop
  endfacet
  facet normal 0 0 1
    outer loop
      vertex 8.05553 68.4135 1.8
      vertex 7.27773 69.5776 1.8
      vertex 7.92153 68.3141 1.8
    endloop
  endfacet
  facet normal -0 0 1
    outer loop
      vertex 7.03338 69.3963 1.8
      vertex 7.92153 68.3141 1.8
      vertex 7.27773 69.5776 1.8
    endloop
  endfacet
  facet normal 0 0 1
    outer loop
      vertex 7.92153 68.3141 1.8
      vertex 7.03338 69.3963 1.8
      vertex 7.79792 68.2021 1.8
    endloop
  endfacet
  facet normal -0 0 1
    outer loop
      vertex 6.80797 69.192 1.8
      vertex 7.79792 68.2021 1.8
      vertex 7.03338 69.3963 1.8
    endloop
  endfacet
  facet normal 0 0 1
    outer loop
      vertex 7.79792 68.2021 1.8
      vertex 6.80797 69.192 1.8
      vertex 7.68588 68.0785 1.8
    endloop
  endfacet
  facet normal -0 0 1
    outer loop
      vertex 6.60367 68.9666 1.8
      vertex 7.68588 68.0785 1.8
      vertex 6.80797 69.192 1.8
    endloop
  endfacet
  facet normal 0 0 1
    outer loop
      vertex 7.68588 68.0785 1.8
      vertex 6.60367 68.9666 1.8
      vertex 7.5865 67.9445 1.8
    endloop
  endfacet
  facet normal -0 0 1
    outer loop
      vertex 6.42244 68.7223 1.8
      vertex 7.5865 67.9445 1.8
      vertex 6.60367 68.9666 1.8
    endloop
  endfacet
  facet normal -0 0 1
    outer loop
      vertex 6.26604 68.4613 1.8
      vertex 7.50073 67.8014 1.8
      vertex 6.42244 68.7223 1.8
    endloop
  endfacet
  facet normal 0 0 1
    outer loop
      vertex 7.5865 67.9445 1.8
      vertex 6.42244 68.7223 1.8
      vertex 7.50073 67.8014 1.8
    endloop
  endfacet
  facet normal 0 0 1
    outer loop
      vertex 11.734 65.5387 1.8
      vertex 10.4993 66.1986 1.8
      vertex 11.5776 65.2777 1.8
    endloop
  endfacet
  facet normal -0 0 1
    outer loop
      vertex 10.4135 66.0555 1.8
      vertex 11.5776 65.2777 1.8
      vertex 10.4993 66.1986 1.8
    endloop
  endfacet
  facet normal 0 0 1
    outer loop
      vertex 11.5776 65.2777 1.8
      vertex 10.4135 66.0555 1.8
      vertex 11.3963 65.0334 1.8
    endloop
  endfacet
  facet normal -0 0 1
    outer loop
      vertex 10.3141 65.9215 1.8
      vertex 11.3963 65.0334 1.8
      vertex 10.4135 66.0555 1.8
    endloop
  endfacet
  facet normal 0 0 1
    outer loop
      vertex 11.3963 65.0334 1.8
      vertex 10.3141 65.9215 1.8
      vertex 11.192 64.808 1.8
    endloop
  endfacet
  facet normal -0 0 1
    outer loop
      vertex 10.2021 65.7979 1.8
      vertex 11.192 64.808 1.8
      vertex 10.3141 65.9215 1.8
    endloop
  endfacet
  facet normal 0 0 1
    outer loop
      vertex 11.192 64.808 1.8
      vertex 10.2021 65.7979 1.8
      vertex 10.9666 64.6037 1.8
    endloop
  endfacet
  facet normal -0 0 1
    outer loop
      vertex 10.0785 65.6859 1.8
      vertex 10.9666 64.6037 1.8
      vertex 10.2021 65.7979 1.8
    endloop
  endfacet
  facet normal 0 0 1
    outer loop
      vertex 10.9666 64.6037 1.8
      vertex 10.0785 65.6859 1.8
      vertex 10.7223 64.4224 1.8
    endloop
  endfacet
  facet normal -0 0 1
    outer loop
      vertex 9.94447 65.5865 1.8
      vertex 10.7223 64.4224 1.8
      vertex 10.0785 65.6859 1.8
    endloop
  endfacet
  facet normal 0 0 1
    outer loop
      vertex 10.7223 64.4224 1.8
      vertex 9.94447 65.5865 1.8
      vertex 10.4613 64.266 1.8
    endloop
  endfacet
  facet normal -0 0 1
    outer loop
      vertex 9.80137 65.5007 1.8
      vertex 10.4613 64.266 1.8
      vertex 9.94447 65.5865 1.8
    endloop
  endfacet
  facet normal 0 0 1
    outer loop
      vertex 10.4613 64.266 1.8
      vertex 9.80137 65.5007 1.8
      vertex 10.1863 64.136 1.8
    endloop
  endfacet
  facet normal -0 0 1
    outer loop
      vertex 9.65056 65.4294 1.8
      vertex 10.1863 64.136 1.8
      vertex 9.80137 65.5007 1.8
    endloop
  endfacet
  facet normal 0 0 1
    outer loop
      vertex 10.1863 64.136 1.8
      vertex 9.65056 65.4294 1.8
      vertex 9.89988 64.0335 1.8
    endloop
  endfacet
  facet normal -0 0 1
    outer loop
      vertex 9.49348 65.3732 1.8
      vertex 9.89988 64.0335 1.8
      vertex 9.65056 65.4294 1.8
    endloop
  endfacet
  facet normal 0 0 1
    outer loop
      vertex 9.89988 64.0335 1.8
      vertex 9.49348 65.3732 1.8
      vertex 9.60478 63.9596 1.8
    endloop
  endfacet
  facet normal -0 0 1
    outer loop
      vertex 9.33165 65.3327 1.8
      vertex 9.60478 63.9596 1.8
      vertex 9.49348 65.3732 1.8
    endloop
  endfacet
  facet normal 0 0 1
    outer loop
      vertex 9.33165 65.3327 1.8
      vertex 9.30385 63.9149 1.8
      vertex 9.60478 63.9596 1.8
    endloop
  endfacet
  facet normal -0 0 1
    outer loop
      vertex 9.16663 65.3082 1.8
      vertex 9.30385 63.9149 1.8
      vertex 9.33165 65.3327 1.8
    endloop
  endfacet
  facet normal -0 0 1
    outer loop
      vertex 9 65.3 1.8
      vertex 9.30385 63.9149 1.8
      vertex 9.16663 65.3082 1.8
    endloop
  endfacet
  facet normal 0 0 1
    outer loop
      vertex 9 65.3 1.8
      vertex 9 63.9 1.8
      vertex 9.30385 63.9149 1.8
    endloop
  endfacet
  facet normal 0 0 1
    outer loop
      vertex 8.83337 65.3082 1.8
      vertex 9 63.9 1.8
      vertex 9 65.3 1.8
    endloop
  endfacet
  facet normal 0 0 1
    outer loop
      vertex 8.83337 65.3082 1.8
      vertex 8.69615 63.9149 1.8
      vertex 9 63.9 1.8
    endloop
  endfacet
  facet normal 0 0 1
    outer loop
      vertex 8.66835 65.3327 1.8
      vertex 8.69615 63.9149 1.8
      vertex 8.83337 65.3082 1.8
    endloop
  endfacet
  facet normal 0 0 1
    outer loop
      vertex 8.39522 63.9596 1.8
      vertex 8.66835 65.3327 1.8
      vertex 8.50652 65.3732 1.8
    endloop
  endfacet
  facet normal 0 0 1
    outer loop
      vertex 8.66835 65.3327 1.8
      vertex 8.39522 63.9596 1.8
      vertex 8.69615 63.9149 1.8
    endloop
  endfacet
  facet normal 0 0 1
    outer loop
      vertex 8.10012 64.0335 1.8
      vertex 8.50652 65.3732 1.8
      vertex 8.34944 65.4294 1.8
    endloop
  endfacet
  facet normal 0 0 1
    outer loop
      vertex 7.81368 64.136 1.8
      vertex 8.34944 65.4294 1.8
      vertex 8.19862 65.5007 1.8
    endloop
  endfacet
  facet normal 0 0 1
    outer loop
      vertex 8.50652 65.3732 1.8
      vertex 8.10012 64.0335 1.8
      vertex 8.39522 63.9596 1.8
    endloop
  endfacet
  facet normal 0 0 1
    outer loop
      vertex 7.53867 64.266 1.8
      vertex 8.19862 65.5007 1.8
      vertex 8.05553 65.5865 1.8
    endloop
  endfacet
  facet normal 0 0 1
    outer loop
      vertex 7.27773 64.4224 1.8
      vertex 8.05553 65.5865 1.8
      vertex 7.92153 65.6859 1.8
    endloop
  endfacet
  facet normal 0 0 1
    outer loop
      vertex 8.34944 65.4294 1.8
      vertex 7.81368 64.136 1.8
      vertex 8.10012 64.0335 1.8
    endloop
  endfacet
  facet normal 0 0 1
    outer loop
      vertex 7.03338 64.6037 1.8
      vertex 7.92153 65.6859 1.8
      vertex 7.79792 65.7979 1.8
    endloop
  endfacet
  facet normal 0 0 1
    outer loop
      vertex 6.80797 64.808 1.8
      vertex 7.79792 65.7979 1.8
      vertex 7.68588 65.9215 1.8
    endloop
  endfacet
  facet normal 0 0 1
    outer loop
      vertex 6.60367 65.0334 1.8
      vertex 7.68588 65.9215 1.8
      vertex 7.5865 66.0555 1.8
    endloop
  endfacet
  facet normal 0 0 1
    outer loop
      vertex 8.19862 65.5007 1.8
      vertex 7.53867 64.266 1.8
      vertex 7.81368 64.136 1.8
    endloop
  endfacet
  facet normal 0 0 1
    outer loop
      vertex 6.42244 65.2777 1.8
      vertex 7.5865 66.0555 1.8
      vertex 7.50073 66.1986 1.8
    endloop
  endfacet
  facet normal 0 0 1
    outer loop
      vertex 6.26604 65.5387 1.8
      vertex 7.50073 66.1986 1.8
      vertex 7.4294 66.3494 1.8
    endloop
  endfacet
  facet normal 0 0 1
    outer loop
      vertex 6.13597 65.8137 1.8
      vertex 7.4294 66.3494 1.8
      vertex 7.3732 66.5065 1.8
    endloop
  endfacet
  facet normal 0 0 1
    outer loop
      vertex 6.03348 66.1001 1.8
      vertex 7.3732 66.5065 1.8
      vertex 7.33266 66.6684 1.8
    endloop
  endfacet
  facet normal 0 0 1
    outer loop
      vertex 5.95957 66.3952 1.8
      vertex 7.33266 66.6684 1.8
      vertex 7.30819 66.8334 1.8
    endloop
  endfacet
  facet normal 0 0 1
    outer loop
      vertex 8.05553 65.5865 1.8
      vertex 7.27773 64.4224 1.8
      vertex 7.53867 64.266 1.8
    endloop
  endfacet
  facet normal 0 0 1
    outer loop
      vertex 5.91493 66.6961 1.8
      vertex 7.30819 66.8334 1.8
      vertex 7.3 67 1.8
    endloop
  endfacet
  facet normal 0 0 1
    outer loop
      vertex 7.50073 67.8014 1.8
      vertex 6.26604 68.4613 1.8
      vertex 7.4294 67.6506 1.8
    endloop
  endfacet
  facet normal -0 0 1
    outer loop
      vertex 6.13597 68.1863 1.8
      vertex 7.4294 67.6506 1.8
      vertex 6.26604 68.4613 1.8
    endloop
  endfacet
  facet normal 0 0 1
    outer loop
      vertex 7.92153 65.6859 1.8
      vertex 7.03338 64.6037 1.8
      vertex 7.27773 64.4224 1.8
    endloop
  endfacet
  facet normal 0 0 1
    outer loop
      vertex 7.4294 67.6506 1.8
      vertex 6.13597 68.1863 1.8
      vertex 7.3732 67.4935 1.8
    endloop
  endfacet
  facet normal 0 0 1
    outer loop
      vertex 7.79792 65.7979 1.8
      vertex 6.80797 64.808 1.8
      vertex 7.03338 64.6037 1.8
    endloop
  endfacet
  facet normal -0 0 1
    outer loop
      vertex 6.03348 67.8999 1.8
      vertex 7.3732 67.4935 1.8
      vertex 6.13597 68.1863 1.8
    endloop
  endfacet
  facet normal 0 0 1
    outer loop
      vertex 7.68588 65.9215 1.8
      vertex 6.60367 65.0334 1.8
      vertex 6.80797 64.808 1.8
    endloop
  endfacet
  facet normal 0 0 1
    outer loop
      vertex 7.3732 67.4935 1.8
      vertex 6.03348 67.8999 1.8
      vertex 7.33266 67.3316 1.8
    endloop
  endfacet
  facet normal 0 0 1
    outer loop
      vertex 7.5865 66.0555 1.8
      vertex 6.42244 65.2777 1.8
      vertex 6.60367 65.0334 1.8
    endloop
  endfacet
  facet normal -0 0 1
    outer loop
      vertex 5.95957 67.6048 1.8
      vertex 7.33266 67.3316 1.8
      vertex 6.03348 67.8999 1.8
    endloop
  endfacet
  facet normal 0 0 1
    outer loop
      vertex 7.50073 66.1986 1.8
      vertex 6.26604 65.5387 1.8
      vertex 6.42244 65.2777 1.8
    endloop
  endfacet
  facet normal 0 0 1
    outer loop
      vertex 7.33266 67.3316 1.8
      vertex 5.95957 67.6048 1.8
      vertex 7.30819 67.1666 1.8
    endloop
  endfacet
  facet normal 0 0 1
    outer loop
      vertex 7.4294 66.3494 1.8
      vertex 6.13597 65.8137 1.8
      vertex 6.26604 65.5387 1.8
    endloop
  endfacet
  facet normal -0 0 1
    outer loop
      vertex 5.91493 67.3039 1.8
      vertex 7.30819 67.1666 1.8
      vertex 5.95957 67.6048 1.8
    endloop
  endfacet
  facet normal 0 0 1
    outer loop
      vertex 7.3732 66.5065 1.8
      vertex 6.03348 66.1001 1.8
      vertex 6.13597 65.8137 1.8
    endloop
  endfacet
  facet normal 0 0 1
    outer loop
      vertex 7.30819 67.1666 1.8
      vertex 5.91493 67.3039 1.8
      vertex 7.3 67 1.8
    endloop
  endfacet
  facet normal 0 0 1
    outer loop
      vertex 7.33266 66.6684 1.8
      vertex 5.95957 66.3952 1.8
      vertex 6.03348 66.1001 1.8
    endloop
  endfacet
  facet normal 0 0 1
    outer loop
      vertex 5.9 67 1.8
      vertex 7.3 67 1.8
      vertex 5.91493 67.3039 1.8
    endloop
  endfacet
  facet normal 0 0 1
    outer loop
      vertex 7.30819 66.8334 1.8
      vertex 5.91493 66.6961 1.8
      vertex 5.95957 66.3952 1.8
    endloop
  endfacet
  facet normal 0 0 1
    outer loop
      vertex 7.3 67 1.8
      vertex 5.9 67 1.8
      vertex 5.91493 66.6961 1.8
    endloop
  endfacet
  facet normal 0.803137 0.595794 0
    outer loop
      vertex 6.60367 65.0334 3
      vertex 6.42244 65.2777 1.8
      vertex 6.42244 65.2777 3
    endloop
  endfacet
  facet normal 0.803137 0.595794 0
    outer loop
      vertex 6.42244 65.2777 1.8
      vertex 6.60367 65.0334 3
      vertex 6.60367 65.0334 1.8
    endloop
  endfacet
  facet normal 0.998795 -0.0490688 0
    outer loop
      vertex 5.9 67 3
      vertex 5.91493 67.3039 1.8
      vertex 5.91493 67.3039 3
    endloop
  endfacet
  facet normal 0.998795 -0.0490688 0
    outer loop
      vertex 5.91493 67.3039 1.8
      vertex 5.9 67 3
      vertex 5.9 67 1.8
    endloop
  endfacet
  facet normal -0.740936 0.671576 0
    outer loop
      vertex 11.192 64.808 1.8
      vertex 11.3963 65.0334 3
      vertex 11.3963 65.0334 1.8
    endloop
  endfacet
  facet normal -0.740936 0.671576 0
    outer loop
      vertex 11.3963 65.0334 3
      vertex 11.192 64.808 1.8
      vertex 11.192 64.808 3
    endloop
  endfacet
  facet normal 0.904054 -0.427419 0
    outer loop
      vertex 81.4294 9.65056 1.8
      vertex 81.5007 9.80137 0
      vertex 81.5007 9.80137 1.8
    endloop
  endfacet
  facet normal 0.904054 -0.427419 0
    outer loop
      vertex 81.5007 9.80137 0
      vertex 81.4294 9.65056 1.8
      vertex 81.4294 9.65056 0
    endloop
  endfacet
  facet normal -0.989158 -0.146857 0
    outer loop
      vertex 84.6918 9.16663 0
      vertex 84.6673 9.33165 1.8
      vertex 84.6673 9.33165 0
    endloop
  endfacet
  facet normal -0.989158 -0.146857 0
    outer loop
      vertex 84.6673 9.33165 1.8
      vertex 84.6918 9.16663 0
      vertex 84.6918 9.16663 1.8
    endloop
  endfacet
  facet normal -0.998791 -0.0491513 0
    outer loop
      vertex 84.7 9 0
      vertex 84.6918 9.16663 1.8
      vertex 84.6918 9.16663 0
    endloop
  endfacet
  facet normal -0.998791 -0.0491513 0
    outer loop
      vertex 84.6918 9.16663 1.8
      vertex 84.7 9 0
      vertex 84.7 9 1.8
    endloop
  endfacet
  facet normal -0.970083 -0.242775 0
    outer loop
      vertex 84.6673 9.33165 0
      vertex 84.6268 9.49348 1.8
      vertex 84.6268 9.49348 0
    endloop
  endfacet
  facet normal -0.970083 -0.242775 0
    outer loop
      vertex 84.6268 9.49348 1.8
      vertex 84.6673 9.33165 0
      vertex 84.6673 9.33165 1.8
    endloop
  endfacet
  facet normal -0.146875 -0.989155 0
    outer loop
      vertex 83.1666 10.6918 0
      vertex 83.3316 10.6673 1.8
      vertex 83.1666 10.6918 1.8
    endloop
  endfacet
  facet normal -0.146875 -0.989155 -0
    outer loop
      vertex 83.3316 10.6673 1.8
      vertex 83.1666 10.6918 0
      vertex 83.3316 10.6673 0
    endloop
  endfacet
  facet normal 0.146875 -0.989155 0
    outer loop
      vertex 82.6684 10.6673 0
      vertex 82.8334 10.6918 1.8
      vertex 82.6684 10.6673 1.8
    endloop
  endfacet
  facet normal 0.146875 -0.989155 0
    outer loop
      vertex 82.8334 10.6918 1.8
      vertex 82.6684 10.6673 0
      vertex 82.8334 10.6918 0
    endloop
  endfacet
  facet normal -0.803217 -0.595686 0
    outer loop
      vertex 84.4135 9.94447 0
      vertex 84.3141 10.0785 1.8
      vertex 84.3141 10.0785 0
    endloop
  endfacet
  facet normal -0.803217 -0.595686 0
    outer loop
      vertex 84.3141 10.0785 1.8
      vertex 84.4135 9.94447 0
      vertex 84.4135 9.94447 1.8
    endloop
  endfacet
  facet normal -0.514099 0.857731 0
    outer loop
      vertex 83.9445 7.5865 0
      vertex 83.8014 7.50073 1.8
      vertex 83.9445 7.5865 1.8
    endloop
  endfacet
  facet normal -0.514099 0.857731 0
    outer loop
      vertex 83.8014 7.50073 1.8
      vertex 83.9445 7.5865 0
      vertex 83.8014 7.50073 0
    endloop
  endfacet
  facet normal -0.595772 -0.803154 0
    outer loop
      vertex 83.9445 10.4135 0
      vertex 84.0785 10.3141 1.8
      vertex 83.9445 10.4135 1.8
    endloop
  endfacet
  facet normal -0.595772 -0.803154 -0
    outer loop
      vertex 84.0785 10.3141 1.8
      vertex 83.9445 10.4135 0
      vertex 84.0785 10.3141 0
    endloop
  endfacet
  facet normal -0.998791 0.0491513 0
    outer loop
      vertex 84.6918 8.83337 0
      vertex 84.7 9 1.8
      vertex 84.7 9 0
    endloop
  endfacet
  facet normal -0.998791 0.0491513 0
    outer loop
      vertex 84.7 9 1.8
      vertex 84.6918 8.83337 0
      vertex 84.6918 8.83337 1.8
    endloop
  endfacet
  facet normal 0.242677 -0.970107 0
    outer loop
      vertex 82.5065 10.6268 0
      vertex 82.6684 10.6673 1.8
      vertex 82.5065 10.6268 1.8
    endloop
  endfacet
  facet normal 0.242677 -0.970107 0
    outer loop
      vertex 82.6684 10.6673 1.8
      vertex 82.5065 10.6268 0
      vertex 82.6684 10.6673 0
    endloop
  endfacet
  facet normal 0.427589 0.903973 -0
    outer loop
      vertex 82.3494 7.4294 0
      vertex 82.1986 7.50073 1.8
      vertex 82.3494 7.4294 1.8
    endloop
  endfacet
  facet normal 0.427589 0.903973 0
    outer loop
      vertex 82.1986 7.50073 1.8
      vertex 82.3494 7.4294 0
      vertex 82.1986 7.50073 0
    endloop
  endfacet
  facet normal -0.427442 -0.904043 0
    outer loop
      vertex 83.6506 10.5706 0
      vertex 83.8014 10.4993 1.8
      vertex 83.6506 10.5706 1.8
    endloop
  endfacet
  facet normal -0.427442 -0.904043 -0
    outer loop
      vertex 83.8014 10.4993 1.8
      vertex 83.6506 10.5706 0
      vertex 83.8014 10.4993 0
    endloop
  endfacet
  facet normal 0.989158 0.146857 0
    outer loop
      vertex 81.3327 8.66835 1.8
      vertex 81.3082 8.83337 0
      vertex 81.3082 8.83337 1.8
    endloop
  endfacet
  facet normal 0.989158 0.146857 0
    outer loop
      vertex 81.3082 8.83337 0
      vertex 81.3327 8.66835 1.8
      vertex 81.3327 8.66835 0
    endloop
  endfacet
  facet normal -0.67161 0.740905 0
    outer loop
      vertex 84.2021 7.79792 0
      vertex 84.0785 7.68588 1.8
      vertex 84.2021 7.79792 1.8
    endloop
  endfacet
  facet normal -0.67161 0.740905 0
    outer loop
      vertex 84.0785 7.68588 1.8
      vertex 84.2021 7.79792 0
      vertex 84.0785 7.68588 0
    endloop
  endfacet
  facet normal 0.427442 -0.904043 0
    outer loop
      vertex 82.1986 10.4993 0
      vertex 82.3494 10.5706 1.8
      vertex 82.1986 10.4993 1.8
    endloop
  endfacet
  facet normal 0.427442 -0.904043 0
    outer loop
      vertex 82.3494 10.5706 1.8
      vertex 82.1986 10.4993 0
      vertex 82.3494 10.5706 0
    endloop
  endfacet
  facet normal -0.970083 0.242775 0
    outer loop
      vertex 84.6268 8.50652 0
      vertex 84.6673 8.66835 1.8
      vertex 84.6673 8.66835 0
    endloop
  endfacet
  facet normal -0.970083 0.242775 0
    outer loop
      vertex 84.6673 8.66835 1.8
      vertex 84.6268 8.50652 0
      vertex 84.6268 8.50652 1.8
    endloop
  endfacet
  facet normal -0.242902 0.970051 0
    outer loop
      vertex 83.4935 7.3732 0
      vertex 83.3316 7.33266 1.8
      vertex 83.4935 7.3732 1.8
    endloop
  endfacet
  facet normal -0.242902 0.970051 0
    outer loop
      vertex 83.3316 7.33266 1.8
      vertex 83.4935 7.3732 0
      vertex 83.3316 7.33266 0
    endloop
  endfacet
  facet normal 0.989158 -0.146857 0
    outer loop
      vertex 81.3082 9.16663 1.8
      vertex 81.3327 9.33165 0
      vertex 81.3327 9.33165 1.8
    endloop
  endfacet
  facet normal 0.989158 -0.146857 0
    outer loop
      vertex 81.3327 9.33165 0
      vertex 81.3082 9.16663 1.8
      vertex 81.3082 9.16663 0
    endloop
  endfacet
  facet normal -0.941552 -0.336868 0
    outer loop
      vertex 84.6268 9.49348 0
      vertex 84.5706 9.65056 1.8
      vertex 84.5706 9.65056 0
    endloop
  endfacet
  facet normal -0.941552 -0.336868 0
    outer loop
      vertex 84.5706 9.65056 1.8
      vertex 84.6268 9.49348 0
      vertex 84.6268 9.49348 1.8
    endloop
  endfacet
  facet normal 0.514099 0.857731 -0
    outer loop
      vertex 82.1986 7.50073 0
      vertex 82.0555 7.5865 1.8
      vertex 82.1986 7.50073 1.8
    endloop
  endfacet
  facet normal 0.514099 0.857731 0
    outer loop
      vertex 82.0555 7.5865 1.8
      vertex 82.1986 7.50073 0
      vertex 82.0555 7.5865 0
    endloop
  endfacet
  facet normal 0.970083 -0.242775 0
    outer loop
      vertex 81.3327 9.33165 1.8
      vertex 81.3732 9.49348 0
      vertex 81.3732 9.49348 1.8
    endloop
  endfacet
  facet normal 0.970083 -0.242775 0
    outer loop
      vertex 81.3732 9.49348 0
      vertex 81.3327 9.33165 1.8
      vertex 81.3327 9.33165 0
    endloop
  endfacet
  facet normal -0.803154 0.595772 0
    outer loop
      vertex 84.3141 7.92153 0
      vertex 84.4135 8.05553 1.8
      vertex 84.4135 8.05553 0
    endloop
  endfacet
  facet normal -0.803154 0.595772 0
    outer loop
      vertex 84.4135 8.05553 1.8
      vertex 84.3141 7.92153 0
      vertex 84.3141 7.92153 1.8
    endloop
  endfacet
  facet normal 0.595695 0.803211 -0
    outer loop
      vertex 82.0555 7.5865 0
      vertex 81.9215 7.68588 1.8
      vertex 82.0555 7.5865 1.8
    endloop
  endfacet
  facet normal 0.595695 0.803211 0
    outer loop
      vertex 81.9215 7.68588 1.8
      vertex 82.0555 7.5865 0
      vertex 81.9215 7.68588 0
    endloop
  endfacet
  facet normal 0.33683 0.941566 -0
    outer loop
      vertex 82.5065 7.3732 0
      vertex 82.3494 7.4294 1.8
      vertex 82.5065 7.3732 1.8
    endloop
  endfacet
  facet normal 0.33683 0.941566 0
    outer loop
      vertex 82.3494 7.4294 1.8
      vertex 82.5065 7.3732 0
      vertex 82.3494 7.4294 0
    endloop
  endfacet
  facet normal -0.33683 -0.941566 0
    outer loop
      vertex 83.4935 10.6268 0
      vertex 83.6506 10.5706 1.8
      vertex 83.4935 10.6268 1.8
    endloop
  endfacet
  facet normal -0.33683 -0.941566 -0
    outer loop
      vertex 83.6506 10.5706 1.8
      vertex 83.4935 10.6268 0
      vertex 83.6506 10.5706 0
    endloop
  endfacet
  facet normal 0.741051 0.671448 0
    outer loop
      vertex 81.7979 7.79792 1.8
      vertex 81.6859 7.92153 0
      vertex 81.6859 7.92153 1.8
    endloop
  endfacet
  facet normal 0.741051 0.671448 0
    outer loop
      vertex 81.6859 7.92153 0
      vertex 81.7979 7.79792 1.8
      vertex 81.7979 7.79792 0
    endloop
  endfacet
  facet normal -0.514231 -0.857652 0
    outer loop
      vertex 83.8014 10.4993 0
      vertex 83.9445 10.4135 1.8
      vertex 83.8014 10.4993 1.8
    endloop
  endfacet
  facet normal -0.514231 -0.857652 -0
    outer loop
      vertex 83.9445 10.4135 1.8
      vertex 83.8014 10.4993 0
      vertex 83.9445 10.4135 0
    endloop
  endfacet
  facet normal 0.33683 -0.941566 0
    outer loop
      vertex 82.3494 10.5706 0
      vertex 82.5065 10.6268 1.8
      vertex 82.3494 10.5706 1.8
    endloop
  endfacet
  facet normal 0.33683 -0.941566 0
    outer loop
      vertex 82.5065 10.6268 1.8
      vertex 82.3494 10.5706 0
      vertex 82.5065 10.6268 0
    endloop
  endfacet
  facet normal 0.904065 0.427396 0
    outer loop
      vertex 81.5007 8.19862 1.8
      vertex 81.4294 8.34944 0
      vertex 81.4294 8.34944 1.8
    endloop
  endfacet
  facet normal 0.904065 0.427396 0
    outer loop
      vertex 81.4294 8.34944 0
      vertex 81.5007 8.19862 1.8
      vertex 81.5007 8.19862 0
    endloop
  endfacet
  facet normal 0.941552 0.336868 0
    outer loop
      vertex 81.4294 8.34944 1.8
      vertex 81.3732 8.50652 0
      vertex 81.3732 8.50652 1.8
    endloop
  endfacet
  facet normal 0.941552 0.336868 0
    outer loop
      vertex 81.3732 8.50652 0
      vertex 81.4294 8.34944 1.8
      vertex 81.4294 8.34944 0
    endloop
  endfacet
  facet normal -0.904054 -0.427419 0
    outer loop
      vertex 84.5706 9.65056 0
      vertex 84.4993 9.80137 1.8
      vertex 84.4993 9.80137 0
    endloop
  endfacet
  facet normal -0.904054 -0.427419 0
    outer loop
      vertex 84.4993 9.80137 1.8
      vertex 84.5706 9.65056 0
      vertex 84.5706 9.65056 1.8
    endloop
  endfacet
  facet normal 0.970083 0.242775 0
    outer loop
      vertex 81.3732 8.50652 1.8
      vertex 81.3327 8.66835 0
      vertex 81.3327 8.66835 1.8
    endloop
  endfacet
  facet normal 0.970083 0.242775 0
    outer loop
      vertex 81.3327 8.66835 0
      vertex 81.3732 8.50652 1.8
      vertex 81.3732 8.50652 0
    endloop
  endfacet
  facet normal 0.595772 -0.803154 0
    outer loop
      vertex 81.9215 10.3141 0
      vertex 82.0555 10.4135 1.8
      vertex 81.9215 10.3141 1.8
    endloop
  endfacet
  facet normal 0.595772 -0.803154 0
    outer loop
      vertex 82.0555 10.4135 1.8
      vertex 81.9215 10.3141 0
      vertex 82.0555 10.4135 0
    endloop
  endfacet
  facet normal 0.146699 0.989181 -0
    outer loop
      vertex 82.8334 7.30819 0
      vertex 82.6684 7.33266 1.8
      vertex 82.8334 7.30819 1.8
    endloop
  endfacet
  facet normal 0.146699 0.989181 0
    outer loop
      vertex 82.6684 7.33266 1.8
      vertex 82.8334 7.30819 0
      vertex 82.6684 7.33266 0
    endloop
  endfacet
  facet normal -0.741051 0.671448 0
    outer loop
      vertex 84.2021 7.79792 0
      vertex 84.3141 7.92153 1.8
      vertex 84.3141 7.92153 0
    endloop
  endfacet
  facet normal -0.741051 0.671448 0
    outer loop
      vertex 84.3141 7.92153 1.8
      vertex 84.2021 7.79792 0
      vertex 84.2021 7.79792 1.8
    endloop
  endfacet
  facet normal -0.146699 0.989181 0
    outer loop
      vertex 83.3316 7.33266 0
      vertex 83.1666 7.30819 1.8
      vertex 83.3316 7.33266 1.8
    endloop
  endfacet
  facet normal -0.146699 0.989181 0
    outer loop
      vertex 83.1666 7.30819 1.8
      vertex 83.3316 7.33266 0
      vertex 83.1666 7.30819 0
    endloop
  endfacet
  facet normal 0.514231 -0.857652 0
    outer loop
      vertex 82.0555 10.4135 0
      vertex 82.1986 10.4993 1.8
      vertex 82.0555 10.4135 1.8
    endloop
  endfacet
  facet normal 0.514231 -0.857652 0
    outer loop
      vertex 82.1986 10.4993 1.8
      vertex 82.0555 10.4135 0
      vertex 82.1986 10.4993 0
    endloop
  endfacet
  facet normal -0.0491602 -0.998791 0
    outer loop
      vertex 83 10.7 0
      vertex 83.1666 10.6918 1.8
      vertex 83 10.7 1.8
    endloop
  endfacet
  facet normal -0.0491602 -0.998791 -0
    outer loop
      vertex 83.1666 10.6918 1.8
      vertex 83 10.7 0
      vertex 83.1666 10.6918 0
    endloop
  endfacet
  facet normal -0.242677 -0.970107 0
    outer loop
      vertex 83.3316 10.6673 0
      vertex 83.4935 10.6268 1.8
      vertex 83.3316 10.6673 1.8
    endloop
  endfacet
  facet normal -0.242677 -0.970107 -0
    outer loop
      vertex 83.4935 10.6268 1.8
      vertex 83.3316 10.6673 0
      vertex 83.4935 10.6268 0
    endloop
  endfacet
  facet normal 0.941552 -0.336868 0
    outer loop
      vertex 81.3732 9.49348 1.8
      vertex 81.4294 9.65056 0
      vertex 81.4294 9.65056 1.8
    endloop
  endfacet
  facet normal 0.941552 -0.336868 0
    outer loop
      vertex 81.4294 9.65056 0
      vertex 81.3732 9.49348 1.8
      vertex 81.3732 9.49348 0
    endloop
  endfacet
  facet normal -0.671478 -0.741024 0
    outer loop
      vertex 84.0785 10.3141 0
      vertex 84.2021 10.2021 1.8
      vertex 84.0785 10.3141 1.8
    endloop
  endfacet
  facet normal -0.671478 -0.741024 -0
    outer loop
      vertex 84.2021 10.2021 1.8
      vertex 84.0785 10.3141 0
      vertex 84.2021 10.2021 0
    endloop
  endfacet
  facet normal 0.0491602 -0.998791 0
    outer loop
      vertex 82.8334 10.6918 0
      vertex 83 10.7 1.8
      vertex 82.8334 10.6918 1.8
    endloop
  endfacet
  facet normal 0.0491602 -0.998791 0
    outer loop
      vertex 83 10.7 1.8
      vertex 82.8334 10.6918 0
      vertex 83 10.7 0
    endloop
  endfacet
  facet normal -0.427589 0.903973 0
    outer loop
      vertex 83.8014 7.50073 0
      vertex 83.6506 7.4294 1.8
      vertex 83.8014 7.50073 1.8
    endloop
  endfacet
  facet normal -0.427589 0.903973 0
    outer loop
      vertex 83.6506 7.4294 1.8
      vertex 83.8014 7.50073 0
      vertex 83.6506 7.4294 0
    endloop
  endfacet
  facet normal -0.989158 0.146857 0
    outer loop
      vertex 84.6673 8.66835 0
      vertex 84.6918 8.83337 1.8
      vertex 84.6918 8.83337 0
    endloop
  endfacet
  facet normal -0.989158 0.146857 0
    outer loop
      vertex 84.6918 8.83337 1.8
      vertex 84.6673 8.66835 0
      vertex 84.6673 8.66835 1.8
    endloop
  endfacet
  facet normal -0.857652 -0.514231 0
    outer loop
      vertex 84.4993 9.80137 0
      vertex 84.4135 9.94447 1.8
      vertex 84.4135 9.94447 0
    endloop
  endfacet
  facet normal -0.857652 -0.514231 0
    outer loop
      vertex 84.4135 9.94447 1.8
      vertex 84.4993 9.80137 0
      vertex 84.4993 9.80137 1.8
    endloop
  endfacet
  facet normal 0.0491004 0.998794 -0
    outer loop
      vertex 83 7.3 0
      vertex 82.8334 7.30819 1.8
      vertex 83 7.3 1.8
    endloop
  endfacet
  facet normal 0.0491004 0.998794 0
    outer loop
      vertex 82.8334 7.30819 1.8
      vertex 83 7.3 0
      vertex 82.8334 7.30819 0
    endloop
  endfacet
  facet normal 0.671478 -0.741024 0
    outer loop
      vertex 81.7979 10.2021 0
      vertex 81.9215 10.3141 1.8
      vertex 81.7979 10.2021 1.8
    endloop
  endfacet
  facet normal 0.671478 -0.741024 0
    outer loop
      vertex 81.9215 10.3141 1.8
      vertex 81.7979 10.2021 0
      vertex 81.9215 10.3141 0
    endloop
  endfacet
  facet normal 0.741024 -0.671478 0
    outer loop
      vertex 81.6859 10.0785 1.8
      vertex 81.7979 10.2021 0
      vertex 81.7979 10.2021 1.8
    endloop
  endfacet
  facet normal 0.741024 -0.671478 0
    outer loop
      vertex 81.7979 10.2021 0
      vertex 81.6859 10.0785 1.8
      vertex 81.6859 10.0785 0
    endloop
  endfacet
  facet normal -0.904065 0.427396 0
    outer loop
      vertex 84.4993 8.19862 0
      vertex 84.5706 8.34944 1.8
      vertex 84.5706 8.34944 0
    endloop
  endfacet
  facet normal -0.904065 0.427396 0
    outer loop
      vertex 84.5706 8.34944 1.8
      vertex 84.4993 8.19862 0
      vertex 84.4993 8.19862 1.8
    endloop
  endfacet
  facet normal -0.0491004 0.998794 0
    outer loop
      vertex 83.1666 7.30819 0
      vertex 83 7.3 1.8
      vertex 83.1666 7.30819 1.8
    endloop
  endfacet
  facet normal -0.0491004 0.998794 0
    outer loop
      vertex 83 7.3 1.8
      vertex 83.1666 7.30819 0
      vertex 83 7.3 0
    endloop
  endfacet
  facet normal 0.67161 0.740905 -0
    outer loop
      vertex 81.9215 7.68588 0
      vertex 81.7979 7.79792 1.8
      vertex 81.9215 7.68588 1.8
    endloop
  endfacet
  facet normal 0.67161 0.740905 0
    outer loop
      vertex 81.7979 7.79792 1.8
      vertex 81.9215 7.68588 0
      vertex 81.7979 7.79792 0
    endloop
  endfacet
  facet normal -0.941552 0.336868 0
    outer loop
      vertex 84.5706 8.34944 0
      vertex 84.6268 8.50652 1.8
      vertex 84.6268 8.50652 0
    endloop
  endfacet
  facet normal -0.941552 0.336868 0
    outer loop
      vertex 84.6268 8.50652 1.8
      vertex 84.5706 8.34944 0
      vertex 84.5706 8.34944 1.8
    endloop
  endfacet
  facet normal -0.741024 -0.671478 0
    outer loop
      vertex 84.3141 10.0785 0
      vertex 84.2021 10.2021 1.8
      vertex 84.2021 10.2021 0
    endloop
  endfacet
  facet normal -0.741024 -0.671478 0
    outer loop
      vertex 84.2021 10.2021 1.8
      vertex 84.3141 10.0785 0
      vertex 84.3141 10.0785 1.8
    endloop
  endfacet
  facet normal 0.242902 0.970051 -0
    outer loop
      vertex 82.6684 7.33266 0
      vertex 82.5065 7.3732 1.8
      vertex 82.6684 7.33266 1.8
    endloop
  endfacet
  facet normal 0.242902 0.970051 0
    outer loop
      vertex 82.5065 7.3732 1.8
      vertex 82.6684 7.33266 0
      vertex 82.5065 7.3732 0
    endloop
  endfacet
  facet normal -0.595695 0.803211 0
    outer loop
      vertex 84.0785 7.68588 0
      vertex 83.9445 7.5865 1.8
      vertex 84.0785 7.68588 1.8
    endloop
  endfacet
  facet normal -0.595695 0.803211 0
    outer loop
      vertex 83.9445 7.5865 1.8
      vertex 84.0785 7.68588 0
      vertex 83.9445 7.5865 0
    endloop
  endfacet
  facet normal -0.857636 0.514258 0
    outer loop
      vertex 84.4135 8.05553 0
      vertex 84.4993 8.19862 1.8
      vertex 84.4993 8.19862 0
    endloop
  endfacet
  facet normal -0.857636 0.514258 0
    outer loop
      vertex 84.4993 8.19862 1.8
      vertex 84.4135 8.05553 0
      vertex 84.4135 8.05553 1.8
    endloop
  endfacet
  facet normal 0.803154 0.595772 0
    outer loop
      vertex 81.6859 7.92153 1.8
      vertex 81.5865 8.05553 0
      vertex 81.5865 8.05553 1.8
    endloop
  endfacet
  facet normal 0.803154 0.595772 0
    outer loop
      vertex 81.5865 8.05553 0
      vertex 81.6859 7.92153 1.8
      vertex 81.6859 7.92153 0
    endloop
  endfacet
  facet normal 0.857652 -0.514231 0
    outer loop
      vertex 81.5007 9.80137 1.8
      vertex 81.5865 9.94447 0
      vertex 81.5865 9.94447 1.8
    endloop
  endfacet
  facet normal 0.857652 -0.514231 0
    outer loop
      vertex 81.5865 9.94447 0
      vertex 81.5007 9.80137 1.8
      vertex 81.5007 9.80137 0
    endloop
  endfacet
  facet normal -0.33683 0.941566 0
    outer loop
      vertex 83.6506 7.4294 0
      vertex 83.4935 7.3732 1.8
      vertex 83.6506 7.4294 1.8
    endloop
  endfacet
  facet normal -0.33683 0.941566 0
    outer loop
      vertex 83.4935 7.3732 1.8
      vertex 83.6506 7.4294 0
      vertex 83.4935 7.3732 0
    endloop
  endfacet
  facet normal 0.857636 0.514258 0
    outer loop
      vertex 81.5865 8.05553 1.8
      vertex 81.5007 8.19862 0
      vertex 81.5007 8.19862 1.8
    endloop
  endfacet
  facet normal 0.857636 0.514258 0
    outer loop
      vertex 81.5007 8.19862 0
      vertex 81.5865 8.05553 1.8
      vertex 81.5865 8.05553 0
    endloop
  endfacet
  facet normal 0.998791 -0.0491513 0
    outer loop
      vertex 81.3 9 1.8
      vertex 81.3082 9.16663 0
      vertex 81.3082 9.16663 1.8
    endloop
  endfacet
  facet normal 0.998791 -0.0491513 0
    outer loop
      vertex 81.3082 9.16663 0
      vertex 81.3 9 1.8
      vertex 81.3 9 0
    endloop
  endfacet
  facet normal 0.998791 0.0491513 0
    outer loop
      vertex 81.3082 8.83337 1.8
      vertex 81.3 9 0
      vertex 81.3 9 1.8
    endloop
  endfacet
  facet normal 0.998791 0.0491513 0
    outer loop
      vertex 81.3 9 0
      vertex 81.3082 8.83337 1.8
      vertex 81.3082 8.83337 0
    endloop
  endfacet
  facet normal 0.803217 -0.595686 0
    outer loop
      vertex 81.5865 9.94447 1.8
      vertex 81.6859 10.0785 0
      vertex 81.6859 10.0785 1.8
    endloop
  endfacet
  facet normal 0.803217 -0.595686 0
    outer loop
      vertex 81.6859 10.0785 0
      vertex 81.5865 9.94447 1.8
      vertex 81.5865 9.94447 0
    endloop
  endfacet
  facet normal -0.989147 -0.146927 0
    outer loop
      vertex 86.0851 9.30385 1.8
      vertex 86.0404 9.60478 3
      vertex 86.0404 9.60478 1.8
    endloop
  endfacet
  facet normal -0.989147 -0.146927 0
    outer loop
      vertex 86.0404 9.60478 3
      vertex 86.0851 9.30385 1.8
      vertex 86.0851 9.30385 3
    endloop
  endfacet
  facet normal -0.9988 -0.0489785 0
    outer loop
      vertex 86.1 9 1.8
      vertex 86.0851 9.30385 3
      vertex 86.0851 9.30385 1.8
    endloop
  endfacet
  facet normal -0.9988 -0.0489785 0
    outer loop
      vertex 86.0851 9.30385 3
      vertex 86.1 9 1.8
      vertex 86.1 9 3
    endloop
  endfacet
  facet normal -0.970046 -0.242922 0
    outer loop
      vertex 86.0404 9.60478 1.8
      vertex 85.9665 9.89988 3
      vertex 85.9665 9.89988 1.8
    endloop
  endfacet
  facet normal -0.970046 -0.242922 0
    outer loop
      vertex 85.9665 9.89988 3
      vertex 86.0404 9.60478 1.8
      vertex 86.0404 9.60478 3
    endloop
  endfacet
  facet normal 0.242922 -0.970046 0
    outer loop
      vertex 82.1001 11.9665 1.8
      vertex 82.3952 12.0404 3
      vertex 82.1001 11.9665 3
    endloop
  endfacet
  facet normal 0.242922 -0.970046 0
    outer loop
      vertex 82.3952 12.0404 3
      vertex 82.1001 11.9665 1.8
      vertex 82.3952 12.0404 1.8
    endloop
  endfacet
  facet normal 0.904078 0.427367 0
    outer loop
      vertex 80.266 7.53867 3
      vertex 80.136 7.81368 1.8
      vertex 80.136 7.81368 3
    endloop
  endfacet
  facet normal 0.904078 0.427367 0
    outer loop
      vertex 80.136 7.81368 1.8
      vertex 80.266 7.53867 3
      vertex 80.266 7.53867 1.8
    endloop
  endfacet
  facet normal -0.427568 0.903983 0
    outer loop
      vertex 84.4613 6.26604 1.8
      vertex 84.1863 6.13597 3
      vertex 84.4613 6.26604 3
    endloop
  endfacet
  facet normal -0.427568 0.903983 0
    outer loop
      vertex 84.1863 6.13597 3
      vertex 84.4613 6.26604 1.8
      vertex 84.1863 6.13597 1.8
    endloop
  endfacet
  facet normal 0.242953 0.970038 -0
    outer loop
      vertex 82.3952 5.95957 1.8
      vertex 82.1001 6.03348 3
      vertex 82.3952 5.95957 3
    endloop
  endfacet
  facet normal 0.242953 0.970038 0
    outer loop
      vertex 82.1001 6.03348 3
      vertex 82.3952 5.95957 1.8
      vertex 82.1001 6.03348 1.8
    endloop
  endfacet
  facet normal -0.514012 0.857783 0
    outer loop
      vertex 84.7223 6.42244 1.8
      vertex 84.4613 6.26604 3
      vertex 84.7223 6.42244 3
    endloop
  endfacet
  facet normal -0.514012 0.857783 0
    outer loop
      vertex 84.4613 6.26604 3
      vertex 84.7223 6.42244 1.8
      vertex 84.4613 6.26604 1.8
    endloop
  endfacet
  facet normal 0.336932 0.941529 -0
    outer loop
      vertex 82.1001 6.03348 1.8
      vertex 81.8137 6.13597 3
      vertex 82.1001 6.03348 3
    endloop
  endfacet
  facet normal 0.336932 0.941529 0
    outer loop
      vertex 81.8137 6.13597 3
      vertex 82.1001 6.03348 1.8
      vertex 81.8137 6.13597 1.8
    endloop
  endfacet
  facet normal -0.336932 0.941529 0
    outer loop
      vertex 84.1863 6.13597 1.8
      vertex 83.8999 6.03348 3
      vertex 84.1863 6.13597 3
    endloop
  endfacet
  facet normal -0.336932 0.941529 0
    outer loop
      vertex 83.8999 6.03348 3
      vertex 84.1863 6.13597 1.8
      vertex 83.8999 6.03348 1.8
    endloop
  endfacet
  facet normal 0.671576 -0.740936 0
    outer loop
      vertex 80.808 11.192 1.8
      vertex 81.0334 11.3963 3
      vertex 80.808 11.192 3
    endloop
  endfacet
  facet normal 0.671576 -0.740936 0
    outer loop
      vertex 81.0334 11.3963 3
      vertex 80.808 11.192 1.8
      vertex 81.0334 11.3963 1.8
    endloop
  endfacet
  facet normal -0.242953 0.970038 0
    outer loop
      vertex 83.8999 6.03348 1.8
      vertex 83.6048 5.95957 3
      vertex 83.8999 6.03348 3
    endloop
  endfacet
  facet normal -0.242953 0.970038 0
    outer loop
      vertex 83.6048 5.95957 3
      vertex 83.8999 6.03348 1.8
      vertex 83.6048 5.95957 1.8
    endloop
  endfacet
  facet normal 0.857783 -0.514012 0
    outer loop
      vertex 80.266 10.4613 3
      vertex 80.4224 10.7223 1.8
      vertex 80.4224 10.7223 3
    endloop
  endfacet
  facet normal 0.857783 -0.514012 0
    outer loop
      vertex 80.4224 10.7223 1.8
      vertex 80.266 10.4613 3
      vertex 80.266 10.4613 1.8
    endloop
  endfacet
  facet normal 0.989147 -0.146927 0
    outer loop
      vertex 79.9149 9.30385 3
      vertex 79.9596 9.60478 1.8
      vertex 79.9596 9.60478 3
    endloop
  endfacet
  facet normal 0.989147 -0.146927 0
    outer loop
      vertex 79.9596 9.60478 1.8
      vertex 79.9149 9.30385 3
      vertex 79.9149 9.30385 1.8
    endloop
  endfacet
  facet normal -0.904072 -0.42738 0
    outer loop
      vertex 85.864 10.1863 1.8
      vertex 85.734 10.4613 3
      vertex 85.734 10.4613 1.8
    endloop
  endfacet
  facet normal -0.904072 -0.42738 0
    outer loop
      vertex 85.734 10.4613 3
      vertex 85.864 10.1863 1.8
      vertex 85.864 10.1863 3
    endloop
  endfacet
  facet normal -0.803085 0.595864 0
    outer loop
      vertex 85.3963 7.03338 1.8
      vertex 85.5776 7.27773 3
      vertex 85.5776 7.27773 1.8
    endloop
  endfacet
  facet normal -0.803085 0.595864 0
    outer loop
      vertex 85.5776 7.27773 3
      vertex 85.3963 7.03338 1.8
      vertex 85.3963 7.03338 3
    endloop
  endfacet
  facet normal 0.595943 -0.803027 0
    outer loop
      vertex 81.0334 11.3963 1.8
      vertex 81.2777 11.5776 3
      vertex 81.0334 11.3963 3
    endloop
  endfacet
  facet normal 0.595943 -0.803027 0
    outer loop
      vertex 81.2777 11.5776 3
      vertex 81.0334 11.3963 1.8
      vertex 81.2777 11.5776 1.8
    endloop
  endfacet
  facet normal -0.595943 -0.803027 0
    outer loop
      vertex 84.7223 11.5776 1.8
      vertex 84.9666 11.3963 3
      vertex 84.7223 11.5776 3
    endloop
  endfacet
  facet normal -0.595943 -0.803027 -0
    outer loop
      vertex 84.9666 11.3963 3
      vertex 84.7223 11.5776 1.8
      vertex 84.9666 11.3963 1.8
    endloop
  endfacet
  facet normal -0.146942 -0.989145 0
    outer loop
      vertex 83.3039 12.0851 1.8
      vertex 83.6048 12.0404 3
      vertex 83.3039 12.0851 3
    endloop
  endfacet
  facet normal -0.146942 -0.989145 -0
    outer loop
      vertex 83.6048 12.0404 3
      vertex 83.3039 12.0851 1.8
      vertex 83.6048 12.0404 1.8
    endloop
  endfacet
  facet normal -0.803027 -0.595943 0
    outer loop
      vertex 85.5776 10.7223 1.8
      vertex 85.3963 10.9666 3
      vertex 85.3963 10.9666 1.8
    endloop
  endfacet
  facet normal -0.803027 -0.595943 0
    outer loop
      vertex 85.3963 10.9666 3
      vertex 85.5776 10.7223 1.8
      vertex 85.5776 10.7223 3
    endloop
  endfacet
  facet normal 0.514012 -0.857783 0
    outer loop
      vertex 81.2777 11.5776 1.8
      vertex 81.5387 11.734 3
      vertex 81.2777 11.5776 3
    endloop
  endfacet
  facet normal 0.514012 -0.857783 0
    outer loop
      vertex 81.5387 11.734 3
      vertex 81.2777 11.5776 1.8
      vertex 81.5387 11.734 1.8
    endloop
  endfacet
  facet normal -0.514012 -0.857783 0
    outer loop
      vertex 84.4613 11.734 1.8
      vertex 84.7223 11.5776 3
      vertex 84.4613 11.734 3
    endloop
  endfacet
  facet normal -0.514012 -0.857783 -0
    outer loop
      vertex 84.7223 11.5776 3
      vertex 84.4613 11.734 1.8
      vertex 84.7223 11.5776 1.8
    endloop
  endfacet
  facet normal -0.671576 -0.740936 0
    outer loop
      vertex 84.9666 11.3963 1.8
      vertex 85.192 11.192 3
      vertex 84.9666 11.3963 3
    endloop
  endfacet
  facet normal -0.671576 -0.740936 -0
    outer loop
      vertex 85.192 11.192 3
      vertex 84.9666 11.3963 1.8
      vertex 85.192 11.192 1.8
    endloop
  endfacet
  facet normal 0.941534 0.336919 0
    outer loop
      vertex 80.136 7.81368 3
      vertex 80.0335 8.10012 1.8
      vertex 80.0335 8.10012 3
    endloop
  endfacet
  facet normal 0.941534 0.336919 0
    outer loop
      vertex 80.0335 8.10012 1.8
      vertex 80.136 7.81368 3
      vertex 80.136 7.81368 1.8
    endloop
  endfacet
  facet normal -0.9988 0.0489785 0
    outer loop
      vertex 86.0851 8.69615 1.8
      vertex 86.1 9 3
      vertex 86.1 9 1.8
    endloop
  endfacet
  facet normal -0.9988 0.0489785 0
    outer loop
      vertex 86.1 9 3
      vertex 86.0851 8.69615 1.8
      vertex 86.0851 8.69615 3
    endloop
  endfacet
  facet normal 0.42738 -0.904072 0
    outer loop
      vertex 81.5387 11.734 1.8
      vertex 81.8137 11.864 3
      vertex 81.5387 11.734 3
    endloop
  endfacet
  facet normal 0.42738 -0.904072 0
    outer loop
      vertex 81.8137 11.864 3
      vertex 81.5387 11.734 1.8
      vertex 81.8137 11.864 1.8
    endloop
  endfacet
  facet normal -0.904078 0.427367 0
    outer loop
      vertex 85.734 7.53867 1.8
      vertex 85.864 7.81368 3
      vertex 85.864 7.81368 1.8
    endloop
  endfacet
  facet normal -0.904078 0.427367 0
    outer loop
      vertex 85.864 7.81368 3
      vertex 85.734 7.53867 1.8
      vertex 85.734 7.53867 3
    endloop
  endfacet
  facet normal 0.595794 0.803137 -0
    outer loop
      vertex 81.2777 6.42244 1.8
      vertex 81.0334 6.60367 3
      vertex 81.2777 6.42244 3
    endloop
  endfacet
  facet normal 0.595794 0.803137 0
    outer loop
      vertex 81.0334 6.60367 3
      vertex 81.2777 6.42244 1.8
      vertex 81.0334 6.60367 1.8
    endloop
  endfacet
  facet normal 0.803027 -0.595943 0
    outer loop
      vertex 80.4224 10.7223 3
      vertex 80.6037 10.9666 1.8
      vertex 80.6037 10.9666 3
    endloop
  endfacet
  facet normal 0.803027 -0.595943 0
    outer loop
      vertex 80.6037 10.9666 1.8
      vertex 80.4224 10.7223 3
      vertex 80.4224 10.7223 1.8
    endloop
  endfacet
  facet normal 0.941526 -0.33694 0
    outer loop
      vertex 80.0335 9.89988 3
      vertex 80.136 10.1863 1.8
      vertex 80.136 10.1863 3
    endloop
  endfacet
  facet normal 0.941526 -0.33694 0
    outer loop
      vertex 80.136 10.1863 1.8
      vertex 80.0335 9.89988 3
      vertex 80.0335 9.89988 1.8
    endloop
  endfacet
  facet normal -0.941526 -0.33694 0
    outer loop
      vertex 85.9665 9.89988 1.8
      vertex 85.864 10.1863 3
      vertex 85.864 10.1863 1.8
    endloop
  endfacet
  facet normal -0.941526 -0.33694 0
    outer loop
      vertex 85.864 10.1863 3
      vertex 85.9665 9.89988 1.8
      vertex 85.9665 9.89988 3
    endloop
  endfacet
  facet normal 0.671576 0.740936 -0
    outer loop
      vertex 81.0334 6.60367 1.8
      vertex 80.808 6.80797 3
      vertex 81.0334 6.60367 3
    endloop
  endfacet
  facet normal 0.671576 0.740936 0
    outer loop
      vertex 80.808 6.80797 3
      vertex 81.0334 6.60367 1.8
      vertex 80.808 6.80797 1.8
    endloop
  endfacet
  facet normal -0.970046 0.242922 0
    outer loop
      vertex 85.9665 8.10012 1.8
      vertex 86.0404 8.39522 3
      vertex 86.0404 8.39522 1.8
    endloop
  endfacet
  facet normal -0.970046 0.242922 0
    outer loop
      vertex 86.0404 8.39522 3
      vertex 85.9665 8.10012 1.8
      vertex 85.9665 8.10012 3
    endloop
  endfacet
  facet normal -0.989147 0.146927 0
    outer loop
      vertex 86.0404 8.39522 1.8
      vertex 86.0851 8.69615 3
      vertex 86.0851 8.69615 1.8
    endloop
  endfacet
  facet normal -0.989147 0.146927 0
    outer loop
      vertex 86.0851 8.69615 3
      vertex 86.0404 8.39522 1.8
      vertex 86.0404 8.39522 3
    endloop
  endfacet
  facet normal 0.514012 0.857783 -0
    outer loop
      vertex 81.5387 6.26604 1.8
      vertex 81.2777 6.42244 3
      vertex 81.5387 6.26604 3
    endloop
  endfacet
  facet normal 0.514012 0.857783 0
    outer loop
      vertex 81.2777 6.42244 3
      vertex 81.5387 6.26604 1.8
      vertex 81.2777 6.42244 1.8
    endloop
  endfacet
  facet normal -0.336961 -0.941519 0
    outer loop
      vertex 83.8999 11.9665 1.8
      vertex 84.1863 11.864 3
      vertex 83.8999 11.9665 3
    endloop
  endfacet
  facet normal -0.336961 -0.941519 -0
    outer loop
      vertex 84.1863 11.864 3
      vertex 83.8999 11.9665 1.8
      vertex 84.1863 11.864 1.8
    endloop
  endfacet
  facet normal 0.336961 -0.941519 0
    outer loop
      vertex 81.8137 11.864 1.8
      vertex 82.1001 11.9665 3
      vertex 81.8137 11.864 3
    endloop
  endfacet
  facet normal 0.336961 -0.941519 0
    outer loop
      vertex 82.1001 11.9665 3
      vertex 81.8137 11.864 1.8
      vertex 82.1001 11.9665 1.8
    endloop
  endfacet
  facet normal -0.146749 0.989174 0
    outer loop
      vertex 83.6048 5.95957 1.8
      vertex 83.3039 5.91493 3
      vertex 83.6048 5.95957 3
    endloop
  endfacet
  facet normal -0.146749 0.989174 0
    outer loop
      vertex 83.3039 5.91493 3
      vertex 83.6048 5.95957 1.8
      vertex 83.3039 5.91493 1.8
    endloop
  endfacet
  facet normal -0.857731 0.514099 0
    outer loop
      vertex 85.5776 7.27773 1.8
      vertex 85.734 7.53867 3
      vertex 85.734 7.53867 1.8
    endloop
  endfacet
  facet normal -0.857731 0.514099 0
    outer loop
      vertex 85.734 7.53867 3
      vertex 85.5776 7.27773 1.8
      vertex 85.5776 7.27773 3
    endloop
  endfacet
  facet normal 0.0489705 -0.9988 0
    outer loop
      vertex 82.6961 12.0851 1.8
      vertex 83 12.1 3
      vertex 82.6961 12.0851 3
    endloop
  endfacet
  facet normal 0.0489705 -0.9988 0
    outer loop
      vertex 83 12.1 3
      vertex 82.6961 12.0851 1.8
      vertex 83 12.1 1.8
    endloop
  endfacet
  facet normal 0.9988 0.0489785 0
    outer loop
      vertex 79.9149 8.69615 3
      vertex 79.9 9 1.8
      vertex 79.9 9 3
    endloop
  endfacet
  facet normal 0.9988 0.0489785 0
    outer loop
      vertex 79.9 9 1.8
      vertex 79.9149 8.69615 3
      vertex 79.9149 8.69615 1.8
    endloop
  endfacet
  facet normal -0.941534 0.336919 0
    outer loop
      vertex 85.864 7.81368 1.8
      vertex 85.9665 8.10012 3
      vertex 85.9665 8.10012 1.8
    endloop
  endfacet
  facet normal -0.941534 0.336919 0
    outer loop
      vertex 85.9665 8.10012 3
      vertex 85.864 7.81368 1.8
      vertex 85.864 7.81368 3
    endloop
  endfacet
  facet normal -0.42738 -0.904072 0
    outer loop
      vertex 84.1863 11.864 1.8
      vertex 84.4613 11.734 3
      vertex 84.1863 11.864 3
    endloop
  endfacet
  facet normal -0.42738 -0.904072 -0
    outer loop
      vertex 84.4613 11.734 3
      vertex 84.1863 11.864 1.8
      vertex 84.4613 11.734 1.8
    endloop
  endfacet
  facet normal -0.740936 -0.671576 0
    outer loop
      vertex 85.3963 10.9666 1.8
      vertex 85.192 11.192 3
      vertex 85.192 11.192 1.8
    endloop
  endfacet
  facet normal -0.740936 -0.671576 0
    outer loop
      vertex 85.192 11.192 3
      vertex 85.3963 10.9666 1.8
      vertex 85.3963 10.9666 3
    endloop
  endfacet
  facet normal -0.0489705 -0.9988 0
    outer loop
      vertex 83 12.1 1.8
      vertex 83.3039 12.0851 3
      vertex 83 12.1 3
    endloop
  endfacet
  facet normal -0.0489705 -0.9988 -0
    outer loop
      vertex 83.3039 12.0851 3
      vertex 83 12.1 1.8
      vertex 83.3039 12.0851 1.8
    endloop
  endfacet
  facet normal 0.857731 0.514099 0
    outer loop
      vertex 80.4224 7.27773 3
      vertex 80.266 7.53867 1.8
      vertex 80.266 7.53867 3
    endloop
  endfacet
  facet normal 0.857731 0.514099 0
    outer loop
      vertex 80.266 7.53867 1.8
      vertex 80.4224 7.27773 3
      vertex 80.4224 7.27773 1.8
    endloop
  endfacet
  facet normal -0.857783 -0.514012 0
    outer loop
      vertex 85.734 10.4613 1.8
      vertex 85.5776 10.7223 3
      vertex 85.5776 10.7223 1.8
    endloop
  endfacet
  facet normal -0.857783 -0.514012 0
    outer loop
      vertex 85.5776 10.7223 3
      vertex 85.734 10.4613 1.8
      vertex 85.734 10.4613 3
    endloop
  endfacet
  facet normal 0.146749 0.989174 -0
    outer loop
      vertex 82.6961 5.91493 1.8
      vertex 82.3952 5.95957 3
      vertex 82.6961 5.91493 3
    endloop
  endfacet
  facet normal 0.146749 0.989174 0
    outer loop
      vertex 82.3952 5.95957 3
      vertex 82.6961 5.91493 1.8
      vertex 82.3952 5.95957 1.8
    endloop
  endfacet
  facet normal -0.671576 0.740936 0
    outer loop
      vertex 85.192 6.80797 1.8
      vertex 84.9666 6.60367 3
      vertex 85.192 6.80797 3
    endloop
  endfacet
  facet normal -0.671576 0.740936 0
    outer loop
      vertex 84.9666 6.60367 3
      vertex 85.192 6.80797 1.8
      vertex 84.9666 6.60367 1.8
    endloop
  endfacet
  facet normal 0.0490688 0.998795 -0
    outer loop
      vertex 83 5.9 1.8
      vertex 82.6961 5.91493 3
      vertex 83 5.9 3
    endloop
  endfacet
  facet normal 0.0490688 0.998795 0
    outer loop
      vertex 82.6961 5.91493 3
      vertex 83 5.9 1.8
      vertex 82.6961 5.91493 1.8
    endloop
  endfacet
  facet normal 0.740936 -0.671576 0
    outer loop
      vertex 80.6037 10.9666 3
      vertex 80.808 11.192 1.8
      vertex 80.808 11.192 3
    endloop
  endfacet
  facet normal 0.740936 -0.671576 0
    outer loop
      vertex 80.808 11.192 1.8
      vertex 80.6037 10.9666 3
      vertex 80.6037 10.9666 1.8
    endloop
  endfacet
  facet normal 0.146942 -0.989145 0
    outer loop
      vertex 82.3952 12.0404 1.8
      vertex 82.6961 12.0851 3
      vertex 82.3952 12.0404 3
    endloop
  endfacet
  facet normal 0.146942 -0.989145 0
    outer loop
      vertex 82.6961 12.0851 3
      vertex 82.3952 12.0404 1.8
      vertex 82.6961 12.0851 1.8
    endloop
  endfacet
  facet normal 0.904072 -0.42738 0
    outer loop
      vertex 80.136 10.1863 3
      vertex 80.266 10.4613 1.8
      vertex 80.266 10.4613 3
    endloop
  endfacet
  facet normal 0.904072 -0.42738 0
    outer loop
      vertex 80.266 10.4613 1.8
      vertex 80.136 10.1863 3
      vertex 80.136 10.1863 1.8
    endloop
  endfacet
  facet normal 0.970046 -0.242922 0
    outer loop
      vertex 79.9596 9.60478 3
      vertex 80.0335 9.89988 1.8
      vertex 80.0335 9.89988 3
    endloop
  endfacet
  facet normal 0.970046 -0.242922 0
    outer loop
      vertex 80.0335 9.89988 1.8
      vertex 79.9596 9.60478 3
      vertex 79.9596 9.60478 1.8
    endloop
  endfacet
  facet normal -0.242922 -0.970046 0
    outer loop
      vertex 83.6048 12.0404 1.8
      vertex 83.8999 11.9665 3
      vertex 83.6048 12.0404 3
    endloop
  endfacet
  facet normal -0.242922 -0.970046 -0
    outer loop
      vertex 83.8999 11.9665 3
      vertex 83.6048 12.0404 1.8
      vertex 83.8999 11.9665 1.8
    endloop
  endfacet
  facet normal 0.970046 0.242922 0
    outer loop
      vertex 80.0335 8.10012 3
      vertex 79.9596 8.39522 1.8
      vertex 79.9596 8.39522 3
    endloop
  endfacet
  facet normal 0.970046 0.242922 0
    outer loop
      vertex 79.9596 8.39522 1.8
      vertex 80.0335 8.10012 3
      vertex 80.0335 8.10012 1.8
    endloop
  endfacet
  facet normal 0.427568 0.903983 -0
    outer loop
      vertex 81.8137 6.13597 1.8
      vertex 81.5387 6.26604 3
      vertex 81.8137 6.13597 3
    endloop
  endfacet
  facet normal 0.427568 0.903983 0
    outer loop
      vertex 81.5387 6.26604 3
      vertex 81.8137 6.13597 1.8
      vertex 81.5387 6.26604 1.8
    endloop
  endfacet
  facet normal 0.740951 0.671559 0
    outer loop
      vertex 80.808 6.80797 3
      vertex 80.6037 7.03338 1.8
      vertex 80.6037 7.03338 3
    endloop
  endfacet
  facet normal 0.740951 0.671559 0
    outer loop
      vertex 80.6037 7.03338 1.8
      vertex 80.808 6.80797 3
      vertex 80.808 6.80797 1.8
    endloop
  endfacet
  facet normal -0.0490688 0.998795 0
    outer loop
      vertex 83.3039 5.91493 1.8
      vertex 83 5.9 3
      vertex 83.3039 5.91493 3
    endloop
  endfacet
  facet normal -0.0490688 0.998795 0
    outer loop
      vertex 83 5.9 3
      vertex 83.3039 5.91493 1.8
      vertex 83 5.9 1.8
    endloop
  endfacet
  facet normal 0.989147 0.146927 0
    outer loop
      vertex 79.9596 8.39522 3
      vertex 79.9149 8.69615 1.8
      vertex 79.9149 8.69615 3
    endloop
  endfacet
  facet normal 0.989147 0.146927 0
    outer loop
      vertex 79.9149 8.69615 1.8
      vertex 79.9596 8.39522 3
      vertex 79.9596 8.39522 1.8
    endloop
  endfacet
  facet normal -0.595794 0.803137 0
    outer loop
      vertex 84.9666 6.60367 1.8
      vertex 84.7223 6.42244 3
      vertex 84.9666 6.60367 3
    endloop
  endfacet
  facet normal -0.595794 0.803137 0
    outer loop
      vertex 84.7223 6.42244 3
      vertex 84.9666 6.60367 1.8
      vertex 84.7223 6.42244 1.8
    endloop
  endfacet
  facet normal 0 0 1
    outer loop
      vertex 84.7 9 1.8
      vertex 86.1 9 1.8
      vertex 86.0851 9.30385 1.8
    endloop
  endfacet
  facet normal 0 0 1
    outer loop
      vertex 84.6918 9.16663 1.8
      vertex 86.0851 9.30385 1.8
      vertex 86.0404 9.60478 1.8
    endloop
  endfacet
  facet normal 0 0 1
    outer loop
      vertex 86.1 9 1.8
      vertex 84.7 9 1.8
      vertex 86.0851 8.69615 1.8
    endloop
  endfacet
  facet normal 0 0 1
    outer loop
      vertex 84.6673 9.33165 1.8
      vertex 86.0404 9.60478 1.8
      vertex 85.9665 9.89988 1.8
    endloop
  endfacet
  facet normal -0 0 1
    outer loop
      vertex 84.6918 8.83337 1.8
      vertex 86.0851 8.69615 1.8
      vertex 84.7 9 1.8
    endloop
  endfacet
  facet normal 0 0 1
    outer loop
      vertex 84.6268 9.49348 1.8
      vertex 85.9665 9.89988 1.8
      vertex 85.864 10.1863 1.8
    endloop
  endfacet
  facet normal 0 0 1
    outer loop
      vertex 86.0851 8.69615 1.8
      vertex 84.6918 8.83337 1.8
      vertex 86.0404 8.39522 1.8
    endloop
  endfacet
  facet normal 0 0 1
    outer loop
      vertex 84.5706 9.65056 1.8
      vertex 85.864 10.1863 1.8
      vertex 85.734 10.4613 1.8
    endloop
  endfacet
  facet normal -0 0 1
    outer loop
      vertex 84.6673 8.66835 1.8
      vertex 86.0404 8.39522 1.8
      vertex 84.6918 8.83337 1.8
    endloop
  endfacet
  facet normal 0 0 1
    outer loop
      vertex 84.4993 9.80137 1.8
      vertex 85.734 10.4613 1.8
      vertex 85.5776 10.7223 1.8
    endloop
  endfacet
  facet normal 0 0 1
    outer loop
      vertex 86.0404 8.39522 1.8
      vertex 84.6673 8.66835 1.8
      vertex 85.9665 8.10012 1.8
    endloop
  endfacet
  facet normal 0 0 1
    outer loop
      vertex 84.4135 9.94447 1.8
      vertex 85.5776 10.7223 1.8
      vertex 85.3963 10.9666 1.8
    endloop
  endfacet
  facet normal -0 0 1
    outer loop
      vertex 84.6268 8.50652 1.8
      vertex 85.9665 8.10012 1.8
      vertex 84.6673 8.66835 1.8
    endloop
  endfacet
  facet normal 0 0 1
    outer loop
      vertex 84.3141 10.0785 1.8
      vertex 85.3963 10.9666 1.8
      vertex 85.192 11.192 1.8
    endloop
  endfacet
  facet normal 0 0 1
    outer loop
      vertex 85.9665 8.10012 1.8
      vertex 84.6268 8.50652 1.8
      vertex 85.864 7.81368 1.8
    endloop
  endfacet
  facet normal 0 0 1
    outer loop
      vertex 84.2021 10.2021 1.8
      vertex 85.192 11.192 1.8
      vertex 84.9666 11.3963 1.8
    endloop
  endfacet
  facet normal -0 0 1
    outer loop
      vertex 84.5706 8.34944 1.8
      vertex 85.864 7.81368 1.8
      vertex 84.6268 8.50652 1.8
    endloop
  endfacet
  facet normal 0 0 1
    outer loop
      vertex 84.0785 10.3141 1.8
      vertex 84.9666 11.3963 1.8
      vertex 84.7223 11.5776 1.8
    endloop
  endfacet
  facet normal 0 0 1
    outer loop
      vertex 85.864 7.81368 1.8
      vertex 84.5706 8.34944 1.8
      vertex 85.734 7.53867 1.8
    endloop
  endfacet
  facet normal -0 0 1
    outer loop
      vertex 84.4993 8.19862 1.8
      vertex 85.734 7.53867 1.8
      vertex 84.5706 8.34944 1.8
    endloop
  endfacet
  facet normal 0 0 1
    outer loop
      vertex 86.0851 9.30385 1.8
      vertex 84.6918 9.16663 1.8
      vertex 84.7 9 1.8
    endloop
  endfacet
  facet normal 0 0 1
    outer loop
      vertex 86.0404 9.60478 1.8
      vertex 84.6673 9.33165 1.8
      vertex 84.6918 9.16663 1.8
    endloop
  endfacet
  facet normal 0 0 1
    outer loop
      vertex 85.9665 9.89988 1.8
      vertex 84.6268 9.49348 1.8
      vertex 84.6673 9.33165 1.8
    endloop
  endfacet
  facet normal 0 0 1
    outer loop
      vertex 85.864 10.1863 1.8
      vertex 84.5706 9.65056 1.8
      vertex 84.6268 9.49348 1.8
    endloop
  endfacet
  facet normal 0 0 1
    outer loop
      vertex 85.734 10.4613 1.8
      vertex 84.4993 9.80137 1.8
      vertex 84.5706 9.65056 1.8
    endloop
  endfacet
  facet normal 0 0 1
    outer loop
      vertex 83.9445 10.4135 1.8
      vertex 84.7223 11.5776 1.8
      vertex 84.4613 11.734 1.8
    endloop
  endfacet
  facet normal 0 0 1
    outer loop
      vertex 85.5776 10.7223 1.8
      vertex 84.4135 9.94447 1.8
      vertex 84.4993 9.80137 1.8
    endloop
  endfacet
  facet normal 0 0 1
    outer loop
      vertex 85.3963 10.9666 1.8
      vertex 84.3141 10.0785 1.8
      vertex 84.4135 9.94447 1.8
    endloop
  endfacet
  facet normal 0 0 1
    outer loop
      vertex 85.192 11.192 1.8
      vertex 84.2021 10.2021 1.8
      vertex 84.3141 10.0785 1.8
    endloop
  endfacet
  facet normal 0 0 1
    outer loop
      vertex 83.8014 10.4993 1.8
      vertex 84.4613 11.734 1.8
      vertex 84.1863 11.864 1.8
    endloop
  endfacet
  facet normal 0 0 1
    outer loop
      vertex 84.9666 11.3963 1.8
      vertex 84.0785 10.3141 1.8
      vertex 84.2021 10.2021 1.8
    endloop
  endfacet
  facet normal 0 0 1
    outer loop
      vertex 84.7223 11.5776 1.8
      vertex 83.9445 10.4135 1.8
      vertex 84.0785 10.3141 1.8
    endloop
  endfacet
  facet normal 0 0 1
    outer loop
      vertex 83.6506 10.5706 1.8
      vertex 84.1863 11.864 1.8
      vertex 83.8999 11.9665 1.8
    endloop
  endfacet
  facet normal 0 0 1
    outer loop
      vertex 84.4613 11.734 1.8
      vertex 83.8014 10.4993 1.8
      vertex 83.9445 10.4135 1.8
    endloop
  endfacet
  facet normal 0 0 1
    outer loop
      vertex 84.1863 11.864 1.8
      vertex 83.6506 10.5706 1.8
      vertex 83.8014 10.4993 1.8
    endloop
  endfacet
  facet normal 0 0 1
    outer loop
      vertex 83.4935 10.6268 1.8
      vertex 83.8999 11.9665 1.8
      vertex 83.6048 12.0404 1.8
    endloop
  endfacet
  facet normal 0 0 1
    outer loop
      vertex 83.8999 11.9665 1.8
      vertex 83.4935 10.6268 1.8
      vertex 83.6506 10.5706 1.8
    endloop
  endfacet
  facet normal 0 0 1
    outer loop
      vertex 83.6048 12.0404 1.8
      vertex 83.3316 10.6673 1.8
      vertex 83.4935 10.6268 1.8
    endloop
  endfacet
  facet normal 0 0 1
    outer loop
      vertex 83.3039 12.0851 1.8
      vertex 83.3316 10.6673 1.8
      vertex 83.6048 12.0404 1.8
    endloop
  endfacet
  facet normal 0 0 1
    outer loop
      vertex 83.3039 12.0851 1.8
      vertex 83.1666 10.6918 1.8
      vertex 83.3316 10.6673 1.8
    endloop
  endfacet
  facet normal 0 0 1
    outer loop
      vertex 83 12.1 1.8
      vertex 83.1666 10.6918 1.8
      vertex 83.3039 12.0851 1.8
    endloop
  endfacet
  facet normal 0 0 1
    outer loop
      vertex 83 12.1 1.8
      vertex 83 10.7 1.8
      vertex 83.1666 10.6918 1.8
    endloop
  endfacet
  facet normal 0 0 1
    outer loop
      vertex 83 12.1 1.8
      vertex 82.8334 10.6918 1.8
      vertex 83 10.7 1.8
    endloop
  endfacet
  facet normal -0 0 1
    outer loop
      vertex 82.6961 12.0851 1.8
      vertex 82.8334 10.6918 1.8
      vertex 83 12.1 1.8
    endloop
  endfacet
  facet normal 0 0 1
    outer loop
      vertex 82.6961 12.0851 1.8
      vertex 82.6684 10.6673 1.8
      vertex 82.8334 10.6918 1.8
    endloop
  endfacet
  facet normal -0 0 1
    outer loop
      vertex 82.3952 12.0404 1.8
      vertex 82.6684 10.6673 1.8
      vertex 82.6961 12.0851 1.8
    endloop
  endfacet
  facet normal 0 0 1
    outer loop
      vertex 82.6684 10.6673 1.8
      vertex 82.3952 12.0404 1.8
      vertex 82.5065 10.6268 1.8
    endloop
  endfacet
  facet normal -0 0 1
    outer loop
      vertex 82.1001 11.9665 1.8
      vertex 82.5065 10.6268 1.8
      vertex 82.3952 12.0404 1.8
    endloop
  endfacet
  facet normal 0 0 1
    outer loop
      vertex 82.5065 10.6268 1.8
      vertex 82.1001 11.9665 1.8
      vertex 82.3494 10.5706 1.8
    endloop
  endfacet
  facet normal -0 0 1
    outer loop
      vertex 81.8137 11.864 1.8
      vertex 82.3494 10.5706 1.8
      vertex 82.1001 11.9665 1.8
    endloop
  endfacet
  facet normal 0 0 1
    outer loop
      vertex 82.3494 10.5706 1.8
      vertex 81.8137 11.864 1.8
      vertex 82.1986 10.4993 1.8
    endloop
  endfacet
  facet normal -0 0 1
    outer loop
      vertex 81.5387 11.734 1.8
      vertex 82.1986 10.4993 1.8
      vertex 81.8137 11.864 1.8
    endloop
  endfacet
  facet normal 0 0 1
    outer loop
      vertex 82.1986 10.4993 1.8
      vertex 81.5387 11.734 1.8
      vertex 82.0555 10.4135 1.8
    endloop
  endfacet
  facet normal -0 0 1
    outer loop
      vertex 81.2777 11.5776 1.8
      vertex 82.0555 10.4135 1.8
      vertex 81.5387 11.734 1.8
    endloop
  endfacet
  facet normal 0 0 1
    outer loop
      vertex 82.0555 10.4135 1.8
      vertex 81.2777 11.5776 1.8
      vertex 81.9215 10.3141 1.8
    endloop
  endfacet
  facet normal -0 0 1
    outer loop
      vertex 81.0334 11.3963 1.8
      vertex 81.9215 10.3141 1.8
      vertex 81.2777 11.5776 1.8
    endloop
  endfacet
  facet normal 0 0 1
    outer loop
      vertex 81.9215 10.3141 1.8
      vertex 81.0334 11.3963 1.8
      vertex 81.7979 10.2021 1.8
    endloop
  endfacet
  facet normal -0 0 1
    outer loop
      vertex 80.808 11.192 1.8
      vertex 81.7979 10.2021 1.8
      vertex 81.0334 11.3963 1.8
    endloop
  endfacet
  facet normal 0 0 1
    outer loop
      vertex 81.7979 10.2021 1.8
      vertex 80.808 11.192 1.8
      vertex 81.6859 10.0785 1.8
    endloop
  endfacet
  facet normal -0 0 1
    outer loop
      vertex 80.6037 10.9666 1.8
      vertex 81.6859 10.0785 1.8
      vertex 80.808 11.192 1.8
    endloop
  endfacet
  facet normal 0 0 1
    outer loop
      vertex 81.6859 10.0785 1.8
      vertex 80.6037 10.9666 1.8
      vertex 81.5865 9.94447 1.8
    endloop
  endfacet
  facet normal -0 0 1
    outer loop
      vertex 80.4224 10.7223 1.8
      vertex 81.5865 9.94447 1.8
      vertex 80.6037 10.9666 1.8
    endloop
  endfacet
  facet normal -0 0 1
    outer loop
      vertex 80.266 10.4613 1.8
      vertex 81.5007 9.80137 1.8
      vertex 80.4224 10.7223 1.8
    endloop
  endfacet
  facet normal 0 0 1
    outer loop
      vertex 81.5865 9.94447 1.8
      vertex 80.4224 10.7223 1.8
      vertex 81.5007 9.80137 1.8
    endloop
  endfacet
  facet normal 0 0 1
    outer loop
      vertex 85.734 7.53867 1.8
      vertex 84.4993 8.19862 1.8
      vertex 85.5776 7.27773 1.8
    endloop
  endfacet
  facet normal -0 0 1
    outer loop
      vertex 84.4135 8.05553 1.8
      vertex 85.5776 7.27773 1.8
      vertex 84.4993 8.19862 1.8
    endloop
  endfacet
  facet normal 0 0 1
    outer loop
      vertex 85.5776 7.27773 1.8
      vertex 84.4135 8.05553 1.8
      vertex 85.3963 7.03338 1.8
    endloop
  endfacet
  facet normal -0 0 1
    outer loop
      vertex 84.3141 7.92153 1.8
      vertex 85.3963 7.03338 1.8
      vertex 84.4135 8.05553 1.8
    endloop
  endfacet
  facet normal 0 0 1
    outer loop
      vertex 85.3963 7.03338 1.8
      vertex 84.3141 7.92153 1.8
      vertex 85.192 6.80797 1.8
    endloop
  endfacet
  facet normal -0 0 1
    outer loop
      vertex 84.2021 7.79792 1.8
      vertex 85.192 6.80797 1.8
      vertex 84.3141 7.92153 1.8
    endloop
  endfacet
  facet normal 0 0 1
    outer loop
      vertex 85.192 6.80797 1.8
      vertex 84.2021 7.79792 1.8
      vertex 84.9666 6.60367 1.8
    endloop
  endfacet
  facet normal -0 0 1
    outer loop
      vertex 84.0785 7.68588 1.8
      vertex 84.9666 6.60367 1.8
      vertex 84.2021 7.79792 1.8
    endloop
  endfacet
  facet normal 0 0 1
    outer loop
      vertex 84.9666 6.60367 1.8
      vertex 84.0785 7.68588 1.8
      vertex 84.7223 6.42244 1.8
    endloop
  endfacet
  facet normal -0 0 1
    outer loop
      vertex 83.9445 7.5865 1.8
      vertex 84.7223 6.42244 1.8
      vertex 84.0785 7.68588 1.8
    endloop
  endfacet
  facet normal 0 0 1
    outer loop
      vertex 84.7223 6.42244 1.8
      vertex 83.9445 7.5865 1.8
      vertex 84.4613 6.26604 1.8
    endloop
  endfacet
  facet normal -0 0 1
    outer loop
      vertex 83.8014 7.50073 1.8
      vertex 84.4613 6.26604 1.8
      vertex 83.9445 7.5865 1.8
    endloop
  endfacet
  facet normal 0 0 1
    outer loop
      vertex 84.4613 6.26604 1.8
      vertex 83.8014 7.50073 1.8
      vertex 84.1863 6.13597 1.8
    endloop
  endfacet
  facet normal -0 0 1
    outer loop
      vertex 83.6506 7.4294 1.8
      vertex 84.1863 6.13597 1.8
      vertex 83.8014 7.50073 1.8
    endloop
  endfacet
  facet normal 0 0 1
    outer loop
      vertex 84.1863 6.13597 1.8
      vertex 83.6506 7.4294 1.8
      vertex 83.8999 6.03348 1.8
    endloop
  endfacet
  facet normal -0 0 1
    outer loop
      vertex 83.4935 7.3732 1.8
      vertex 83.8999 6.03348 1.8
      vertex 83.6506 7.4294 1.8
    endloop
  endfacet
  facet normal 0 0 1
    outer loop
      vertex 83.8999 6.03348 1.8
      vertex 83.4935 7.3732 1.8
      vertex 83.6048 5.95957 1.8
    endloop
  endfacet
  facet normal -0 0 1
    outer loop
      vertex 83.3316 7.33266 1.8
      vertex 83.6048 5.95957 1.8
      vertex 83.4935 7.3732 1.8
    endloop
  endfacet
  facet normal 0 0 1
    outer loop
      vertex 83.3316 7.33266 1.8
      vertex 83.3039 5.91493 1.8
      vertex 83.6048 5.95957 1.8
    endloop
  endfacet
  facet normal -0 0 1
    outer loop
      vertex 83.1666 7.30819 1.8
      vertex 83.3039 5.91493 1.8
      vertex 83.3316 7.33266 1.8
    endloop
  endfacet
  facet normal -0 0 1
    outer loop
      vertex 83 7.3 1.8
      vertex 83.3039 5.91493 1.8
      vertex 83.1666 7.30819 1.8
    endloop
  endfacet
  facet normal 0 0 1
    outer loop
      vertex 83 7.3 1.8
      vertex 83 5.9 1.8
      vertex 83.3039 5.91493 1.8
    endloop
  endfacet
  facet normal 0 0 1
    outer loop
      vertex 82.8334 7.30819 1.8
      vertex 83 5.9 1.8
      vertex 83 7.3 1.8
    endloop
  endfacet
  facet normal 0 0 1
    outer loop
      vertex 82.8334 7.30819 1.8
      vertex 82.6961 5.91493 1.8
      vertex 83 5.9 1.8
    endloop
  endfacet
  facet normal 0 0 1
    outer loop
      vertex 82.6684 7.33266 1.8
      vertex 82.6961 5.91493 1.8
      vertex 82.8334 7.30819 1.8
    endloop
  endfacet
  facet normal 0 0 1
    outer loop
      vertex 82.3952 5.95957 1.8
      vertex 82.6684 7.33266 1.8
      vertex 82.5065 7.3732 1.8
    endloop
  endfacet
  facet normal 0 0 1
    outer loop
      vertex 82.6684 7.33266 1.8
      vertex 82.3952 5.95957 1.8
      vertex 82.6961 5.91493 1.8
    endloop
  endfacet
  facet normal 0 0 1
    outer loop
      vertex 82.1001 6.03348 1.8
      vertex 82.5065 7.3732 1.8
      vertex 82.3494 7.4294 1.8
    endloop
  endfacet
  facet normal 0 0 1
    outer loop
      vertex 81.8137 6.13597 1.8
      vertex 82.3494 7.4294 1.8
      vertex 82.1986 7.50073 1.8
    endloop
  endfacet
  facet normal 0 0 1
    outer loop
      vertex 82.5065 7.3732 1.8
      vertex 82.1001 6.03348 1.8
      vertex 82.3952 5.95957 1.8
    endloop
  endfacet
  facet normal 0 0 1
    outer loop
      vertex 81.5387 6.26604 1.8
      vertex 82.1986 7.50073 1.8
      vertex 82.0555 7.5865 1.8
    endloop
  endfacet
  facet normal 0 0 1
    outer loop
      vertex 81.2777 6.42244 1.8
      vertex 82.0555 7.5865 1.8
      vertex 81.9215 7.68588 1.8
    endloop
  endfacet
  facet normal 0 0 1
    outer loop
      vertex 82.3494 7.4294 1.8
      vertex 81.8137 6.13597 1.8
      vertex 82.1001 6.03348 1.8
    endloop
  endfacet
  facet normal 0 0 1
    outer loop
      vertex 81.0334 6.60367 1.8
      vertex 81.9215 7.68588 1.8
      vertex 81.7979 7.79792 1.8
    endloop
  endfacet
  facet normal 0 0 1
    outer loop
      vertex 80.808 6.80797 1.8
      vertex 81.7979 7.79792 1.8
      vertex 81.6859 7.92153 1.8
    endloop
  endfacet
  facet normal 0 0 1
    outer loop
      vertex 80.6037 7.03338 1.8
      vertex 81.6859 7.92153 1.8
      vertex 81.5865 8.05553 1.8
    endloop
  endfacet
  facet normal 0 0 1
    outer loop
      vertex 82.1986 7.50073 1.8
      vertex 81.5387 6.26604 1.8
      vertex 81.8137 6.13597 1.8
    endloop
  endfacet
  facet normal 0 0 1
    outer loop
      vertex 80.4224 7.27773 1.8
      vertex 81.5865 8.05553 1.8
      vertex 81.5007 8.19862 1.8
    endloop
  endfacet
  facet normal 0 0 1
    outer loop
      vertex 80.266 7.53867 1.8
      vertex 81.5007 8.19862 1.8
      vertex 81.4294 8.34944 1.8
    endloop
  endfacet
  facet normal 0 0 1
    outer loop
      vertex 80.136 7.81368 1.8
      vertex 81.4294 8.34944 1.8
      vertex 81.3732 8.50652 1.8
    endloop
  endfacet
  facet normal 0 0 1
    outer loop
      vertex 80.0335 8.10012 1.8
      vertex 81.3732 8.50652 1.8
      vertex 81.3327 8.66835 1.8
    endloop
  endfacet
  facet normal 0 0 1
    outer loop
      vertex 79.9596 8.39522 1.8
      vertex 81.3327 8.66835 1.8
      vertex 81.3082 8.83337 1.8
    endloop
  endfacet
  facet normal 0 0 1
    outer loop
      vertex 82.0555 7.5865 1.8
      vertex 81.2777 6.42244 1.8
      vertex 81.5387 6.26604 1.8
    endloop
  endfacet
  facet normal 0 0 1
    outer loop
      vertex 79.9149 8.69615 1.8
      vertex 81.3082 8.83337 1.8
      vertex 81.3 9 1.8
    endloop
  endfacet
  facet normal 0 0 1
    outer loop
      vertex 81.5007 9.80137 1.8
      vertex 80.266 10.4613 1.8
      vertex 81.4294 9.65056 1.8
    endloop
  endfacet
  facet normal -0 0 1
    outer loop
      vertex 80.136 10.1863 1.8
      vertex 81.4294 9.65056 1.8
      vertex 80.266 10.4613 1.8
    endloop
  endfacet
  facet normal 0 0 1
    outer loop
      vertex 81.9215 7.68588 1.8
      vertex 81.0334 6.60367 1.8
      vertex 81.2777 6.42244 1.8
    endloop
  endfacet
  facet normal 0 0 1
    outer loop
      vertex 81.4294 9.65056 1.8
      vertex 80.136 10.1863 1.8
      vertex 81.3732 9.49348 1.8
    endloop
  endfacet
  facet normal 0 0 1
    outer loop
      vertex 81.7979 7.79792 1.8
      vertex 80.808 6.80797 1.8
      vertex 81.0334 6.60367 1.8
    endloop
  endfacet
  facet normal -0 0 1
    outer loop
      vertex 80.0335 9.89988 1.8
      vertex 81.3732 9.49348 1.8
      vertex 80.136 10.1863 1.8
    endloop
  endfacet
  facet normal 0 0 1
    outer loop
      vertex 81.6859 7.92153 1.8
      vertex 80.6037 7.03338 1.8
      vertex 80.808 6.80797 1.8
    endloop
  endfacet
  facet normal 0 0 1
    outer loop
      vertex 81.3732 9.49348 1.8
      vertex 80.0335 9.89988 1.8
      vertex 81.3327 9.33165 1.8
    endloop
  endfacet
  facet normal 0 0 1
    outer loop
      vertex 81.5865 8.05553 1.8
      vertex 80.4224 7.27773 1.8
      vertex 80.6037 7.03338 1.8
    endloop
  endfacet
  facet normal -0 0 1
    outer loop
      vertex 79.9596 9.60478 1.8
      vertex 81.3327 9.33165 1.8
      vertex 80.0335 9.89988 1.8
    endloop
  endfacet
  facet normal 0 0 1
    outer loop
      vertex 81.5007 8.19862 1.8
      vertex 80.266 7.53867 1.8
      vertex 80.4224 7.27773 1.8
    endloop
  endfacet
  facet normal 0 0 1
    outer loop
      vertex 81.3327 9.33165 1.8
      vertex 79.9596 9.60478 1.8
      vertex 81.3082 9.16663 1.8
    endloop
  endfacet
  facet normal 0 0 1
    outer loop
      vertex 81.4294 8.34944 1.8
      vertex 80.136 7.81368 1.8
      vertex 80.266 7.53867 1.8
    endloop
  endfacet
  facet normal -0 0 1
    outer loop
      vertex 79.9149 9.30385 1.8
      vertex 81.3082 9.16663 1.8
      vertex 79.9596 9.60478 1.8
    endloop
  endfacet
  facet normal 0 0 1
    outer loop
      vertex 81.3732 8.50652 1.8
      vertex 80.0335 8.10012 1.8
      vertex 80.136 7.81368 1.8
    endloop
  endfacet
  facet normal 0 0 1
    outer loop
      vertex 81.3082 9.16663 1.8
      vertex 79.9149 9.30385 1.8
      vertex 81.3 9 1.8
    endloop
  endfacet
  facet normal 0 0 1
    outer loop
      vertex 81.3327 8.66835 1.8
      vertex 79.9596 8.39522 1.8
      vertex 80.0335 8.10012 1.8
    endloop
  endfacet
  facet normal 0 0 1
    outer loop
      vertex 79.9 9 1.8
      vertex 81.3 9 1.8
      vertex 79.9149 9.30385 1.8
    endloop
  endfacet
  facet normal 0 0 1
    outer loop
      vertex 81.3082 8.83337 1.8
      vertex 79.9149 8.69615 1.8
      vertex 79.9596 8.39522 1.8
    endloop
  endfacet
  facet normal 0 0 1
    outer loop
      vertex 81.3 9 1.8
      vertex 79.9 9 1.8
      vertex 79.9149 8.69615 1.8
    endloop
  endfacet
  facet normal 0.803085 0.595864 0
    outer loop
      vertex 80.6037 7.03338 3
      vertex 80.4224 7.27773 1.8
      vertex 80.4224 7.27773 3
    endloop
  endfacet
  facet normal 0.803085 0.595864 0
    outer loop
      vertex 80.4224 7.27773 1.8
      vertex 80.6037 7.03338 3
      vertex 80.6037 7.03338 1.8
    endloop
  endfacet
  facet normal 0.9988 -0.0489785 0
    outer loop
      vertex 79.9 9 3
      vertex 79.9149 9.30385 1.8
      vertex 79.9149 9.30385 3
    endloop
  endfacet
  facet normal 0.9988 -0.0489785 0
    outer loop
      vertex 79.9149 9.30385 1.8
      vertex 79.9 9 3
      vertex 79.9 9 1.8
    endloop
  endfacet
  facet normal -0.740951 0.671559 0
    outer loop
      vertex 85.192 6.80797 1.8
      vertex 85.3963 7.03338 3
      vertex 85.3963 7.03338 1.8
    endloop
  endfacet
  facet normal -0.740951 0.671559 0
    outer loop
      vertex 85.3963 7.03338 3
      vertex 85.192 6.80797 1.8
      vertex 85.192 6.80797 3
    endloop
  endfacet
  facet normal 0.904043 -0.427442 0
    outer loop
      vertex 81.4294 67.6506 1.8
      vertex 81.5007 67.8014 0
      vertex 81.5007 67.8014 1.8
    endloop
  endfacet
  facet normal 0.904043 -0.427442 0
    outer loop
      vertex 81.5007 67.8014 0
      vertex 81.4294 67.6506 1.8
      vertex 81.4294 67.6506 0
    endloop
  endfacet
  facet normal -0.989155 -0.146875 0
    outer loop
      vertex 84.6918 67.1666 0
      vertex 84.6673 67.3316 1.8
      vertex 84.6673 67.3316 0
    endloop
  endfacet
  facet normal -0.989155 -0.146875 0
    outer loop
      vertex 84.6673 67.3316 1.8
      vertex 84.6918 67.1666 0
      vertex 84.6918 67.1666 1.8
    endloop
  endfacet
  facet normal -0.998791 -0.0491602 0
    outer loop
      vertex 84.7 67 0
      vertex 84.6918 67.1666 1.8
      vertex 84.6918 67.1666 0
    endloop
  endfacet
  facet normal -0.998791 -0.0491602 0
    outer loop
      vertex 84.6918 67.1666 1.8
      vertex 84.7 67 0
      vertex 84.7 67 1.8
    endloop
  endfacet
  facet normal -0.970107 -0.242677 0
    outer loop
      vertex 84.6673 67.3316 0
      vertex 84.6268 67.4935 1.8
      vertex 84.6268 67.4935 0
    endloop
  endfacet
  facet normal -0.970107 -0.242677 0
    outer loop
      vertex 84.6268 67.4935 1.8
      vertex 84.6673 67.3316 0
      vertex 84.6673 67.3316 1.8
    endloop
  endfacet
  facet normal -0.146875 -0.989155 0
    outer loop
      vertex 83.1666 68.6918 0
      vertex 83.3316 68.6673 1.8
      vertex 83.1666 68.6918 1.8
    endloop
  endfacet
  facet normal -0.146875 -0.989155 -0
    outer loop
      vertex 83.3316 68.6673 1.8
      vertex 83.1666 68.6918 0
      vertex 83.3316 68.6673 0
    endloop
  endfacet
  facet normal 0.146875 -0.989155 0
    outer loop
      vertex 82.6684 68.6673 0
      vertex 82.8334 68.6918 1.8
      vertex 82.6684 68.6673 1.8
    endloop
  endfacet
  facet normal 0.146875 -0.989155 0
    outer loop
      vertex 82.8334 68.6918 1.8
      vertex 82.6684 68.6673 0
      vertex 82.8334 68.6918 0
    endloop
  endfacet
  facet normal -0.803154 -0.595772 0
    outer loop
      vertex 84.4135 67.9445 0
      vertex 84.3141 68.0785 1.8
      vertex 84.3141 68.0785 0
    endloop
  endfacet
  facet normal -0.803154 -0.595772 0
    outer loop
      vertex 84.3141 68.0785 1.8
      vertex 84.4135 67.9445 0
      vertex 84.4135 67.9445 1.8
    endloop
  endfacet
  facet normal -0.514231 0.857652 0
    outer loop
      vertex 83.9445 65.5865 0
      vertex 83.8014 65.5007 1.8
      vertex 83.9445 65.5865 1.8
    endloop
  endfacet
  facet normal -0.514231 0.857652 0
    outer loop
      vertex 83.8014 65.5007 1.8
      vertex 83.9445 65.5865 0
      vertex 83.8014 65.5007 0
    endloop
  endfacet
  facet normal -0.595772 -0.803154 0
    outer loop
      vertex 83.9445 68.4135 0
      vertex 84.0785 68.3141 1.8
      vertex 83.9445 68.4135 1.8
    endloop
  endfacet
  facet normal -0.595772 -0.803154 -0
    outer loop
      vertex 84.0785 68.3141 1.8
      vertex 83.9445 68.4135 0
      vertex 84.0785 68.3141 0
    endloop
  endfacet
  facet normal -0.998791 0.0491602 0
    outer loop
      vertex 84.6918 66.8334 0
      vertex 84.7 67 1.8
      vertex 84.7 67 0
    endloop
  endfacet
  facet normal -0.998791 0.0491602 0
    outer loop
      vertex 84.7 67 1.8
      vertex 84.6918 66.8334 0
      vertex 84.6918 66.8334 1.8
    endloop
  endfacet
  facet normal 0.242677 -0.970107 0
    outer loop
      vertex 82.5065 68.6268 0
      vertex 82.6684 68.6673 1.8
      vertex 82.5065 68.6268 1.8
    endloop
  endfacet
  facet normal 0.242677 -0.970107 0
    outer loop
      vertex 82.6684 68.6673 1.8
      vertex 82.5065 68.6268 0
      vertex 82.6684 68.6673 0
    endloop
  endfacet
  facet normal 0.803154 -0.595772 0
    outer loop
      vertex 81.5865 67.9445 1.8
      vertex 81.6859 68.0785 0
      vertex 81.6859 68.0785 1.8
    endloop
  endfacet
  facet normal 0.803154 -0.595772 0
    outer loop
      vertex 81.6859 68.0785 0
      vertex 81.5865 67.9445 1.8
      vertex 81.5865 67.9445 0
    endloop
  endfacet
  facet normal 0.427442 0.904043 -0
    outer loop
      vertex 82.3494 65.4294 0
      vertex 82.1986 65.5007 1.8
      vertex 82.3494 65.4294 1.8
    endloop
  endfacet
  facet normal 0.427442 0.904043 0
    outer loop
      vertex 82.1986 65.5007 1.8
      vertex 82.3494 65.4294 0
      vertex 82.1986 65.5007 0
    endloop
  endfacet
  facet normal -0.427442 -0.904043 0
    outer loop
      vertex 83.6506 68.5706 0
      vertex 83.8014 68.4993 1.8
      vertex 83.6506 68.5706 1.8
    endloop
  endfacet
  facet normal -0.427442 -0.904043 -0
    outer loop
      vertex 83.8014 68.4993 1.8
      vertex 83.6506 68.5706 0
      vertex 83.8014 68.4993 0
    endloop
  endfacet
  facet normal 0.989155 0.146875 0
    outer loop
      vertex 81.3327 66.6684 1.8
      vertex 81.3082 66.8334 0
      vertex 81.3082 66.8334 1.8
    endloop
  endfacet
  facet normal 0.989155 0.146875 0
    outer loop
      vertex 81.3082 66.8334 0
      vertex 81.3327 66.6684 1.8
      vertex 81.3327 66.6684 0
    endloop
  endfacet
  facet normal -0.671478 0.741024 0
    outer loop
      vertex 84.2021 65.7979 0
      vertex 84.0785 65.6859 1.8
      vertex 84.2021 65.7979 1.8
    endloop
  endfacet
  facet normal -0.671478 0.741024 0
    outer loop
      vertex 84.0785 65.6859 1.8
      vertex 84.2021 65.7979 0
      vertex 84.0785 65.6859 0
    endloop
  endfacet
  facet normal 0.427442 -0.904043 0
    outer loop
      vertex 82.1986 68.4993 0
      vertex 82.3494 68.5706 1.8
      vertex 82.1986 68.4993 1.8
    endloop
  endfacet
  facet normal 0.427442 -0.904043 0
    outer loop
      vertex 82.3494 68.5706 1.8
      vertex 82.1986 68.4993 0
      vertex 82.3494 68.5706 0
    endloop
  endfacet
  facet normal -0.970107 0.242677 0
    outer loop
      vertex 84.6268 66.5065 0
      vertex 84.6673 66.6684 1.8
      vertex 84.6673 66.6684 0
    endloop
  endfacet
  facet normal -0.970107 0.242677 0
    outer loop
      vertex 84.6673 66.6684 1.8
      vertex 84.6268 66.5065 0
      vertex 84.6268 66.5065 1.8
    endloop
  endfacet
  facet normal -0.242677 0.970107 0
    outer loop
      vertex 83.4935 65.3732 0
      vertex 83.3316 65.3327 1.8
      vertex 83.4935 65.3732 1.8
    endloop
  endfacet
  facet normal -0.242677 0.970107 0
    outer loop
      vertex 83.3316 65.3327 1.8
      vertex 83.4935 65.3732 0
      vertex 83.3316 65.3327 0
    endloop
  endfacet
  facet normal 0.989155 -0.146875 0
    outer loop
      vertex 81.3082 67.1666 1.8
      vertex 81.3327 67.3316 0
      vertex 81.3327 67.3316 1.8
    endloop
  endfacet
  facet normal 0.989155 -0.146875 0
    outer loop
      vertex 81.3327 67.3316 0
      vertex 81.3082 67.1666 1.8
      vertex 81.3082 67.1666 0
    endloop
  endfacet
  facet normal 0.514231 0.857652 -0
    outer loop
      vertex 82.1986 65.5007 0
      vertex 82.0555 65.5865 1.8
      vertex 82.1986 65.5007 1.8
    endloop
  endfacet
  facet normal 0.514231 0.857652 0
    outer loop
      vertex 82.0555 65.5865 1.8
      vertex 82.1986 65.5007 0
      vertex 82.0555 65.5865 0
    endloop
  endfacet
  facet normal 0.970107 -0.242677 0
    outer loop
      vertex 81.3327 67.3316 1.8
      vertex 81.3732 67.4935 0
      vertex 81.3732 67.4935 1.8
    endloop
  endfacet
  facet normal 0.970107 -0.242677 0
    outer loop
      vertex 81.3732 67.4935 0
      vertex 81.3327 67.3316 1.8
      vertex 81.3327 67.3316 0
    endloop
  endfacet
  facet normal -0.803154 0.595772 0
    outer loop
      vertex 84.3141 65.9215 0
      vertex 84.4135 66.0555 1.8
      vertex 84.4135 66.0555 0
    endloop
  endfacet
  facet normal -0.803154 0.595772 0
    outer loop
      vertex 84.4135 66.0555 1.8
      vertex 84.3141 65.9215 0
      vertex 84.3141 65.9215 1.8
    endloop
  endfacet
  facet normal 0.595772 0.803154 -0
    outer loop
      vertex 82.0555 65.5865 0
      vertex 81.9215 65.6859 1.8
      vertex 82.0555 65.5865 1.8
    endloop
  endfacet
  facet normal 0.595772 0.803154 0
    outer loop
      vertex 81.9215 65.6859 1.8
      vertex 82.0555 65.5865 0
      vertex 81.9215 65.6859 0
    endloop
  endfacet
  facet normal 0.33683 0.941566 -0
    outer loop
      vertex 82.5065 65.3732 0
      vertex 82.3494 65.4294 1.8
      vertex 82.5065 65.3732 1.8
    endloop
  endfacet
  facet normal 0.33683 0.941566 0
    outer loop
      vertex 82.3494 65.4294 1.8
      vertex 82.5065 65.3732 0
      vertex 82.3494 65.4294 0
    endloop
  endfacet
  facet normal -0.33683 -0.941566 0
    outer loop
      vertex 83.4935 68.6268 0
      vertex 83.6506 68.5706 1.8
      vertex 83.4935 68.6268 1.8
    endloop
  endfacet
  facet normal -0.33683 -0.941566 -0
    outer loop
      vertex 83.6506 68.5706 1.8
      vertex 83.4935 68.6268 0
      vertex 83.6506 68.5706 0
    endloop
  endfacet
  facet normal 0.741024 0.671478 0
    outer loop
      vertex 81.7979 65.7979 1.8
      vertex 81.6859 65.9215 0
      vertex 81.6859 65.9215 1.8
    endloop
  endfacet
  facet normal 0.741024 0.671478 0
    outer loop
      vertex 81.6859 65.9215 0
      vertex 81.7979 65.7979 1.8
      vertex 81.7979 65.7979 0
    endloop
  endfacet
  facet normal -0.514231 -0.857652 0
    outer loop
      vertex 83.8014 68.4993 0
      vertex 83.9445 68.4135 1.8
      vertex 83.8014 68.4993 1.8
    endloop
  endfacet
  facet normal -0.514231 -0.857652 -0
    outer loop
      vertex 83.9445 68.4135 1.8
      vertex 83.8014 68.4993 0
      vertex 83.9445 68.4135 0
    endloop
  endfacet
  facet normal 0.33683 -0.941566 0
    outer loop
      vertex 82.3494 68.5706 0
      vertex 82.5065 68.6268 1.8
      vertex 82.3494 68.5706 1.8
    endloop
  endfacet
  facet normal 0.33683 -0.941566 0
    outer loop
      vertex 82.5065 68.6268 1.8
      vertex 82.3494 68.5706 0
      vertex 82.5065 68.6268 0
    endloop
  endfacet
  facet normal 0.904043 0.427442 0
    outer loop
      vertex 81.5007 66.1986 1.8
      vertex 81.4294 66.3494 0
      vertex 81.4294 66.3494 1.8
    endloop
  endfacet
  facet normal 0.904043 0.427442 0
    outer loop
      vertex 81.4294 66.3494 0
      vertex 81.5007 66.1986 1.8
      vertex 81.5007 66.1986 0
    endloop
  endfacet
  facet normal 0.941566 0.33683 0
    outer loop
      vertex 81.4294 66.3494 1.8
      vertex 81.3732 66.5065 0
      vertex 81.3732 66.5065 1.8
    endloop
  endfacet
  facet normal 0.941566 0.33683 0
    outer loop
      vertex 81.3732 66.5065 0
      vertex 81.4294 66.3494 1.8
      vertex 81.4294 66.3494 0
    endloop
  endfacet
  facet normal -0.904043 -0.427442 0
    outer loop
      vertex 84.5706 67.6506 0
      vertex 84.4993 67.8014 1.8
      vertex 84.4993 67.8014 0
    endloop
  endfacet
  facet normal -0.904043 -0.427442 0
    outer loop
      vertex 84.4993 67.8014 1.8
      vertex 84.5706 67.6506 0
      vertex 84.5706 67.6506 1.8
    endloop
  endfacet
  facet normal 0.970107 0.242677 0
    outer loop
      vertex 81.3732 66.5065 1.8
      vertex 81.3327 66.6684 0
      vertex 81.3327 66.6684 1.8
    endloop
  endfacet
  facet normal 0.970107 0.242677 0
    outer loop
      vertex 81.3327 66.6684 0
      vertex 81.3732 66.5065 1.8
      vertex 81.3732 66.5065 0
    endloop
  endfacet
  facet normal 0.595772 -0.803154 0
    outer loop
      vertex 81.9215 68.3141 0
      vertex 82.0555 68.4135 1.8
      vertex 81.9215 68.3141 1.8
    endloop
  endfacet
  facet normal 0.595772 -0.803154 0
    outer loop
      vertex 82.0555 68.4135 1.8
      vertex 81.9215 68.3141 0
      vertex 82.0555 68.4135 0
    endloop
  endfacet
  facet normal 0.146875 0.989155 -0
    outer loop
      vertex 82.8334 65.3082 0
      vertex 82.6684 65.3327 1.8
      vertex 82.8334 65.3082 1.8
    endloop
  endfacet
  facet normal 0.146875 0.989155 0
    outer loop
      vertex 82.6684 65.3327 1.8
      vertex 82.8334 65.3082 0
      vertex 82.6684 65.3327 0
    endloop
  endfacet
  facet normal -0.741024 0.671478 0
    outer loop
      vertex 84.2021 65.7979 0
      vertex 84.3141 65.9215 1.8
      vertex 84.3141 65.9215 0
    endloop
  endfacet
  facet normal -0.741024 0.671478 0
    outer loop
      vertex 84.3141 65.9215 1.8
      vertex 84.2021 65.7979 0
      vertex 84.2021 65.7979 1.8
    endloop
  endfacet
  facet normal -0.146875 0.989155 0
    outer loop
      vertex 83.3316 65.3327 0
      vertex 83.1666 65.3082 1.8
      vertex 83.3316 65.3327 1.8
    endloop
  endfacet
  facet normal -0.146875 0.989155 0
    outer loop
      vertex 83.1666 65.3082 1.8
      vertex 83.3316 65.3327 0
      vertex 83.1666 65.3082 0
    endloop
  endfacet
  facet normal 0.514231 -0.857652 0
    outer loop
      vertex 82.0555 68.4135 0
      vertex 82.1986 68.4993 1.8
      vertex 82.0555 68.4135 1.8
    endloop
  endfacet
  facet normal 0.514231 -0.857652 0
    outer loop
      vertex 82.1986 68.4993 1.8
      vertex 82.0555 68.4135 0
      vertex 82.1986 68.4993 0
    endloop
  endfacet
  facet normal -0.0491602 -0.998791 0
    outer loop
      vertex 83 68.7 0
      vertex 83.1666 68.6918 1.8
      vertex 83 68.7 1.8
    endloop
  endfacet
  facet normal -0.0491602 -0.998791 -0
    outer loop
      vertex 83.1666 68.6918 1.8
      vertex 83 68.7 0
      vertex 83.1666 68.6918 0
    endloop
  endfacet
  facet normal 0.857652 0.514231 0
    outer loop
      vertex 81.5865 66.0555 1.8
      vertex 81.5007 66.1986 0
      vertex 81.5007 66.1986 1.8
    endloop
  endfacet
  facet normal 0.857652 0.514231 0
    outer loop
      vertex 81.5007 66.1986 0
      vertex 81.5865 66.0555 1.8
      vertex 81.5865 66.0555 0
    endloop
  endfacet
  facet normal -0.941566 -0.33683 0
    outer loop
      vertex 84.6268 67.4935 0
      vertex 84.5706 67.6506 1.8
      vertex 84.5706 67.6506 0
    endloop
  endfacet
  facet normal -0.941566 -0.33683 0
    outer loop
      vertex 84.5706 67.6506 1.8
      vertex 84.6268 67.4935 0
      vertex 84.6268 67.4935 1.8
    endloop
  endfacet
  facet normal -0.242677 -0.970107 0
    outer loop
      vertex 83.3316 68.6673 0
      vertex 83.4935 68.6268 1.8
      vertex 83.3316 68.6673 1.8
    endloop
  endfacet
  facet normal -0.242677 -0.970107 -0
    outer loop
      vertex 83.4935 68.6268 1.8
      vertex 83.3316 68.6673 0
      vertex 83.4935 68.6268 0
    endloop
  endfacet
  facet normal 0.941566 -0.33683 0
    outer loop
      vertex 81.3732 67.4935 1.8
      vertex 81.4294 67.6506 0
      vertex 81.4294 67.6506 1.8
    endloop
  endfacet
  facet normal 0.941566 -0.33683 0
    outer loop
      vertex 81.4294 67.6506 0
      vertex 81.3732 67.4935 1.8
      vertex 81.3732 67.4935 0
    endloop
  endfacet
  facet normal -0.671478 -0.741024 0
    outer loop
      vertex 84.0785 68.3141 0
      vertex 84.2021 68.2021 1.8
      vertex 84.0785 68.3141 1.8
    endloop
  endfacet
  facet normal -0.671478 -0.741024 -0
    outer loop
      vertex 84.2021 68.2021 1.8
      vertex 84.0785 68.3141 0
      vertex 84.2021 68.2021 0
    endloop
  endfacet
  facet normal 0.0491602 -0.998791 0
    outer loop
      vertex 82.8334 68.6918 0
      vertex 83 68.7 1.8
      vertex 82.8334 68.6918 1.8
    endloop
  endfacet
  facet normal 0.0491602 -0.998791 0
    outer loop
      vertex 83 68.7 1.8
      vertex 82.8334 68.6918 0
      vertex 83 68.7 0
    endloop
  endfacet
  facet normal -0.427442 0.904043 0
    outer loop
      vertex 83.8014 65.5007 0
      vertex 83.6506 65.4294 1.8
      vertex 83.8014 65.5007 1.8
    endloop
  endfacet
  facet normal -0.427442 0.904043 0
    outer loop
      vertex 83.6506 65.4294 1.8
      vertex 83.8014 65.5007 0
      vertex 83.6506 65.4294 0
    endloop
  endfacet
  facet normal -0.989155 0.146875 0
    outer loop
      vertex 84.6673 66.6684 0
      vertex 84.6918 66.8334 1.8
      vertex 84.6918 66.8334 0
    endloop
  endfacet
  facet normal -0.989155 0.146875 0
    outer loop
      vertex 84.6918 66.8334 1.8
      vertex 84.6673 66.6684 0
      vertex 84.6673 66.6684 1.8
    endloop
  endfacet
  facet normal -0.857652 -0.514231 0
    outer loop
      vertex 84.4993 67.8014 0
      vertex 84.4135 67.9445 1.8
      vertex 84.4135 67.9445 0
    endloop
  endfacet
  facet normal -0.857652 -0.514231 0
    outer loop
      vertex 84.4135 67.9445 1.8
      vertex 84.4993 67.8014 0
      vertex 84.4993 67.8014 1.8
    endloop
  endfacet
  facet normal 0.0491602 0.998791 -0
    outer loop
      vertex 83 65.3 0
      vertex 82.8334 65.3082 1.8
      vertex 83 65.3 1.8
    endloop
  endfacet
  facet normal 0.0491602 0.998791 0
    outer loop
      vertex 82.8334 65.3082 1.8
      vertex 83 65.3 0
      vertex 82.8334 65.3082 0
    endloop
  endfacet
  facet normal 0.671478 -0.741024 0
    outer loop
      vertex 81.7979 68.2021 0
      vertex 81.9215 68.3141 1.8
      vertex 81.7979 68.2021 1.8
    endloop
  endfacet
  facet normal 0.671478 -0.741024 0
    outer loop
      vertex 81.9215 68.3141 1.8
      vertex 81.7979 68.2021 0
      vertex 81.9215 68.3141 0
    endloop
  endfacet
  facet normal 0.741024 -0.671478 0
    outer loop
      vertex 81.6859 68.0785 1.8
      vertex 81.7979 68.2021 0
      vertex 81.7979 68.2021 1.8
    endloop
  endfacet
  facet normal 0.741024 -0.671478 0
    outer loop
      vertex 81.7979 68.2021 0
      vertex 81.6859 68.0785 1.8
      vertex 81.6859 68.0785 0
    endloop
  endfacet
  facet normal -0.904043 0.427442 0
    outer loop
      vertex 84.4993 66.1986 0
      vertex 84.5706 66.3494 1.8
      vertex 84.5706 66.3494 0
    endloop
  endfacet
  facet normal -0.904043 0.427442 0
    outer loop
      vertex 84.5706 66.3494 1.8
      vertex 84.4993 66.1986 0
      vertex 84.4993 66.1986 1.8
    endloop
  endfacet
  facet normal -0.0491602 0.998791 0
    outer loop
      vertex 83.1666 65.3082 0
      vertex 83 65.3 1.8
      vertex 83.1666 65.3082 1.8
    endloop
  endfacet
  facet normal -0.0491602 0.998791 0
    outer loop
      vertex 83 65.3 1.8
      vertex 83.1666 65.3082 0
      vertex 83 65.3 0
    endloop
  endfacet
  facet normal 0.671478 0.741024 -0
    outer loop
      vertex 81.9215 65.6859 0
      vertex 81.7979 65.7979 1.8
      vertex 81.9215 65.6859 1.8
    endloop
  endfacet
  facet normal 0.671478 0.741024 0
    outer loop
      vertex 81.7979 65.7979 1.8
      vertex 81.9215 65.6859 0
      vertex 81.7979 65.7979 0
    endloop
  endfacet
  facet normal -0.941566 0.33683 0
    outer loop
      vertex 84.5706 66.3494 0
      vertex 84.6268 66.5065 1.8
      vertex 84.6268 66.5065 0
    endloop
  endfacet
  facet normal -0.941566 0.33683 0
    outer loop
      vertex 84.6268 66.5065 1.8
      vertex 84.5706 66.3494 0
      vertex 84.5706 66.3494 1.8
    endloop
  endfacet
  facet normal -0.741024 -0.671478 0
    outer loop
      vertex 84.3141 68.0785 0
      vertex 84.2021 68.2021 1.8
      vertex 84.2021 68.2021 0
    endloop
  endfacet
  facet normal -0.741024 -0.671478 0
    outer loop
      vertex 84.2021 68.2021 1.8
      vertex 84.3141 68.0785 0
      vertex 84.3141 68.0785 1.8
    endloop
  endfacet
  facet normal 0.242677 0.970107 -0
    outer loop
      vertex 82.6684 65.3327 0
      vertex 82.5065 65.3732 1.8
      vertex 82.6684 65.3327 1.8
    endloop
  endfacet
  facet normal 0.242677 0.970107 0
    outer loop
      vertex 82.5065 65.3732 1.8
      vertex 82.6684 65.3327 0
      vertex 82.5065 65.3732 0
    endloop
  endfacet
  facet normal -0.595772 0.803154 0
    outer loop
      vertex 84.0785 65.6859 0
      vertex 83.9445 65.5865 1.8
      vertex 84.0785 65.6859 1.8
    endloop
  endfacet
  facet normal -0.595772 0.803154 0
    outer loop
      vertex 83.9445 65.5865 1.8
      vertex 84.0785 65.6859 0
      vertex 83.9445 65.5865 0
    endloop
  endfacet
  facet normal -0.857652 0.514231 0
    outer loop
      vertex 84.4135 66.0555 0
      vertex 84.4993 66.1986 1.8
      vertex 84.4993 66.1986 0
    endloop
  endfacet
  facet normal -0.857652 0.514231 0
    outer loop
      vertex 84.4993 66.1986 1.8
      vertex 84.4135 66.0555 0
      vertex 84.4135 66.0555 1.8
    endloop
  endfacet
  facet normal 0.803154 0.595772 0
    outer loop
      vertex 81.6859 65.9215 1.8
      vertex 81.5865 66.0555 0
      vertex 81.5865 66.0555 1.8
    endloop
  endfacet
  facet normal 0.803154 0.595772 0
    outer loop
      vertex 81.5865 66.0555 0
      vertex 81.6859 65.9215 1.8
      vertex 81.6859 65.9215 0
    endloop
  endfacet
  facet normal 0.857652 -0.514231 0
    outer loop
      vertex 81.5007 67.8014 1.8
      vertex 81.5865 67.9445 0
      vertex 81.5865 67.9445 1.8
    endloop
  endfacet
  facet normal 0.857652 -0.514231 0
    outer loop
      vertex 81.5865 67.9445 0
      vertex 81.5007 67.8014 1.8
      vertex 81.5007 67.8014 0
    endloop
  endfacet
  facet normal -0.33683 0.941566 0
    outer loop
      vertex 83.6506 65.4294 0
      vertex 83.4935 65.3732 1.8
      vertex 83.6506 65.4294 1.8
    endloop
  endfacet
  facet normal -0.33683 0.941566 0
    outer loop
      vertex 83.4935 65.3732 1.8
      vertex 83.6506 65.4294 0
      vertex 83.4935 65.3732 0
    endloop
  endfacet
  facet normal 0.998791 -0.0491602 0
    outer loop
      vertex 81.3 67 1.8
      vertex 81.3082 67.1666 0
      vertex 81.3082 67.1666 1.8
    endloop
  endfacet
  facet normal 0.998791 -0.0491602 0
    outer loop
      vertex 81.3082 67.1666 0
      vertex 81.3 67 1.8
      vertex 81.3 67 0
    endloop
  endfacet
  facet normal 0.998791 0.0491602 0
    outer loop
      vertex 81.3082 66.8334 1.8
      vertex 81.3 67 0
      vertex 81.3 67 1.8
    endloop
  endfacet
  facet normal 0.998791 0.0491602 0
    outer loop
      vertex 81.3 67 0
      vertex 81.3082 66.8334 1.8
      vertex 81.3082 66.8334 0
    endloop
  endfacet
  facet normal -0.989145 -0.146942 0
    outer loop
      vertex 86.0851 67.3039 1.8
      vertex 86.0404 67.6048 3
      vertex 86.0404 67.6048 1.8
    endloop
  endfacet
  facet normal -0.989145 -0.146942 0
    outer loop
      vertex 86.0404 67.6048 3
      vertex 86.0851 67.3039 1.8
      vertex 86.0851 67.3039 3
    endloop
  endfacet
  facet normal -0.9988 -0.0489705 0
    outer loop
      vertex 86.1 67 1.8
      vertex 86.0851 67.3039 3
      vertex 86.0851 67.3039 1.8
    endloop
  endfacet
  facet normal -0.9988 -0.0489705 0
    outer loop
      vertex 86.0851 67.3039 3
      vertex 86.1 67 1.8
      vertex 86.1 67 3
    endloop
  endfacet
  facet normal -0.970046 -0.242922 0
    outer loop
      vertex 86.0404 67.6048 1.8
      vertex 85.9665 67.8999 3
      vertex 85.9665 67.8999 1.8
    endloop
  endfacet
  facet normal -0.970046 -0.242922 0
    outer loop
      vertex 85.9665 67.8999 3
      vertex 86.0404 67.6048 1.8
      vertex 86.0404 67.6048 3
    endloop
  endfacet
  facet normal 0.242922 -0.970046 0
    outer loop
      vertex 82.1001 69.9665 1.8
      vertex 82.3952 70.0404 3
      vertex 82.1001 69.9665 3
    endloop
  endfacet
  facet normal 0.242922 -0.970046 0
    outer loop
      vertex 82.3952 70.0404 3
      vertex 82.1001 69.9665 1.8
      vertex 82.3952 70.0404 1.8
    endloop
  endfacet
  facet normal 0.904072 0.42738 0
    outer loop
      vertex 80.266 65.5387 3
      vertex 80.136 65.8137 1.8
      vertex 80.136 65.8137 3
    endloop
  endfacet
  facet normal 0.904072 0.42738 0
    outer loop
      vertex 80.136 65.8137 1.8
      vertex 80.266 65.5387 3
      vertex 80.266 65.5387 1.8
    endloop
  endfacet
  facet normal 0.242922 0.970046 -0
    outer loop
      vertex 82.3952 63.9596 1.8
      vertex 82.1001 64.0335 3
      vertex 82.3952 63.9596 3
    endloop
  endfacet
  facet normal 0.242922 0.970046 0
    outer loop
      vertex 82.1001 64.0335 3
      vertex 82.3952 63.9596 1.8
      vertex 82.1001 64.0335 1.8
    endloop
  endfacet
  facet normal -0.514012 0.857783 0
    outer loop
      vertex 84.7223 64.4224 1.8
      vertex 84.4613 64.266 3
      vertex 84.7223 64.4224 3
    endloop
  endfacet
  facet normal -0.514012 0.857783 0
    outer loop
      vertex 84.4613 64.266 3
      vertex 84.7223 64.4224 1.8
      vertex 84.4613 64.266 1.8
    endloop
  endfacet
  facet normal 0.336961 0.941519 -0
    outer loop
      vertex 82.1001 64.0335 1.8
      vertex 81.8137 64.136 3
      vertex 82.1001 64.0335 3
    endloop
  endfacet
  facet normal 0.336961 0.941519 0
    outer loop
      vertex 81.8137 64.136 3
      vertex 82.1001 64.0335 1.8
      vertex 81.8137 64.136 1.8
    endloop
  endfacet
  facet normal -0.336961 0.941519 0
    outer loop
      vertex 84.1863 64.136 1.8
      vertex 83.8999 64.0335 3
      vertex 84.1863 64.136 3
    endloop
  endfacet
  facet normal -0.336961 0.941519 0
    outer loop
      vertex 83.8999 64.0335 3
      vertex 84.1863 64.136 1.8
      vertex 83.8999 64.0335 1.8
    endloop
  endfacet
  facet normal 0.671576 -0.740936 0
    outer loop
      vertex 80.808 69.192 1.8
      vertex 81.0334 69.3963 3
      vertex 80.808 69.192 3
    endloop
  endfacet
  facet normal 0.671576 -0.740936 0
    outer loop
      vertex 81.0334 69.3963 3
      vertex 80.808 69.192 1.8
      vertex 81.0334 69.3963 1.8
    endloop
  endfacet
  facet normal -0.242922 0.970046 0
    outer loop
      vertex 83.8999 64.0335 1.8
      vertex 83.6048 63.9596 3
      vertex 83.8999 64.0335 3
    endloop
  endfacet
  facet normal -0.242922 0.970046 0
    outer loop
      vertex 83.6048 63.9596 3
      vertex 83.8999 64.0335 1.8
      vertex 83.6048 63.9596 1.8
    endloop
  endfacet
  facet normal 0.857783 -0.514012 0
    outer loop
      vertex 80.266 68.4613 3
      vertex 80.4224 68.7223 1.8
      vertex 80.4224 68.7223 3
    endloop
  endfacet
  facet normal 0.857783 -0.514012 0
    outer loop
      vertex 80.4224 68.7223 1.8
      vertex 80.266 68.4613 3
      vertex 80.266 68.4613 1.8
    endloop
  endfacet
  facet normal 0.989145 -0.146942 0
    outer loop
      vertex 79.9149 67.3039 3
      vertex 79.9596 67.6048 1.8
      vertex 79.9596 67.6048 3
    endloop
  endfacet
  facet normal 0.989145 -0.146942 0
    outer loop
      vertex 79.9596 67.6048 1.8
      vertex 79.9149 67.3039 3
      vertex 79.9149 67.3039 1.8
    endloop
  endfacet
  facet normal -0.904072 -0.42738 0
    outer loop
      vertex 85.864 68.1863 1.8
      vertex 85.734 68.4613 3
      vertex 85.734 68.4613 1.8
    endloop
  endfacet
  facet normal -0.904072 -0.42738 0
    outer loop
      vertex 85.734 68.4613 3
      vertex 85.864 68.1863 1.8
      vertex 85.864 68.1863 3
    endloop
  endfacet
  facet normal -0.803027 0.595943 0
    outer loop
      vertex 85.3963 65.0334 1.8
      vertex 85.5776 65.2777 3
      vertex 85.5776 65.2777 1.8
    endloop
  endfacet
  facet normal -0.803027 0.595943 0
    outer loop
      vertex 85.5776 65.2777 3
      vertex 85.3963 65.0334 1.8
      vertex 85.3963 65.0334 3
    endloop
  endfacet
  facet normal 0.595943 -0.803027 0
    outer loop
      vertex 81.0334 69.3963 1.8
      vertex 81.2777 69.5776 3
      vertex 81.0334 69.3963 3
    endloop
  endfacet
  facet normal 0.595943 -0.803027 0
    outer loop
      vertex 81.2777 69.5776 3
      vertex 81.0334 69.3963 1.8
      vertex 81.2777 69.5776 1.8
    endloop
  endfacet
  facet normal -0.595943 -0.803027 0
    outer loop
      vertex 84.7223 69.5776 1.8
      vertex 84.9666 69.3963 3
      vertex 84.7223 69.5776 3
    endloop
  endfacet
  facet normal -0.595943 -0.803027 -0
    outer loop
      vertex 84.9666 69.3963 3
      vertex 84.7223 69.5776 1.8
      vertex 84.9666 69.3963 1.8
    endloop
  endfacet
  facet normal -0.146942 -0.989145 0
    outer loop
      vertex 83.3039 70.0851 1.8
      vertex 83.6048 70.0404 3
      vertex 83.3039 70.0851 3
    endloop
  endfacet
  facet normal -0.146942 -0.989145 -0
    outer loop
      vertex 83.6048 70.0404 3
      vertex 83.3039 70.0851 1.8
      vertex 83.6048 70.0404 1.8
    endloop
  endfacet
  facet normal -0.803027 -0.595943 0
    outer loop
      vertex 85.5776 68.7223 1.8
      vertex 85.3963 68.9666 3
      vertex 85.3963 68.9666 1.8
    endloop
  endfacet
  facet normal -0.803027 -0.595943 0
    outer loop
      vertex 85.3963 68.9666 3
      vertex 85.5776 68.7223 1.8
      vertex 85.5776 68.7223 3
    endloop
  endfacet
  facet normal 0.514012 -0.857783 0
    outer loop
      vertex 81.2777 69.5776 1.8
      vertex 81.5387 69.734 3
      vertex 81.2777 69.5776 3
    endloop
  endfacet
  facet normal 0.514012 -0.857783 0
    outer loop
      vertex 81.5387 69.734 3
      vertex 81.2777 69.5776 1.8
      vertex 81.5387 69.734 1.8
    endloop
  endfacet
  facet normal -0.514012 -0.857783 0
    outer loop
      vertex 84.4613 69.734 1.8
      vertex 84.7223 69.5776 3
      vertex 84.4613 69.734 3
    endloop
  endfacet
  facet normal -0.514012 -0.857783 -0
    outer loop
      vertex 84.7223 69.5776 3
      vertex 84.4613 69.734 1.8
      vertex 84.7223 69.5776 1.8
    endloop
  endfacet
  facet normal -0.671576 -0.740936 0
    outer loop
      vertex 84.9666 69.3963 1.8
      vertex 85.192 69.192 3
      vertex 84.9666 69.3963 3
    endloop
  endfacet
  facet normal -0.671576 -0.740936 -0
    outer loop
      vertex 85.192 69.192 3
      vertex 84.9666 69.3963 1.8
      vertex 85.192 69.192 1.8
    endloop
  endfacet
  facet normal 0.941519 0.336961 0
    outer loop
      vertex 80.136 65.8137 3
      vertex 80.0335 66.1001 1.8
      vertex 80.0335 66.1001 3
    endloop
  endfacet
  facet normal 0.941519 0.336961 0
    outer loop
      vertex 80.0335 66.1001 1.8
      vertex 80.136 65.8137 3
      vertex 80.136 65.8137 1.8
    endloop
  endfacet
  facet normal -0.9988 0.0489705 0
    outer loop
      vertex 86.0851 66.6961 1.8
      vertex 86.1 67 3
      vertex 86.1 67 1.8
    endloop
  endfacet
  facet normal -0.9988 0.0489705 0
    outer loop
      vertex 86.1 67 3
      vertex 86.0851 66.6961 1.8
      vertex 86.0851 66.6961 3
    endloop
  endfacet
  facet normal 0.42738 -0.904072 0
    outer loop
      vertex 81.5387 69.734 1.8
      vertex 81.8137 69.864 3
      vertex 81.5387 69.734 3
    endloop
  endfacet
  facet normal 0.42738 -0.904072 0
    outer loop
      vertex 81.8137 69.864 3
      vertex 81.5387 69.734 1.8
      vertex 81.8137 69.864 1.8
    endloop
  endfacet
  facet normal -0.904072 0.42738 0
    outer loop
      vertex 85.734 65.5387 1.8
      vertex 85.864 65.8137 3
      vertex 85.864 65.8137 1.8
    endloop
  endfacet
  facet normal -0.904072 0.42738 0
    outer loop
      vertex 85.864 65.8137 3
      vertex 85.734 65.5387 1.8
      vertex 85.734 65.5387 3
    endloop
  endfacet
  facet normal 0.595943 0.803027 -0
    outer loop
      vertex 81.2777 64.4224 1.8
      vertex 81.0334 64.6037 3
      vertex 81.2777 64.4224 3
    endloop
  endfacet
  facet normal 0.595943 0.803027 0
    outer loop
      vertex 81.0334 64.6037 3
      vertex 81.2777 64.4224 1.8
      vertex 81.0334 64.6037 1.8
    endloop
  endfacet
  facet normal 0.803027 -0.595943 0
    outer loop
      vertex 80.4224 68.7223 3
      vertex 80.6037 68.9666 1.8
      vertex 80.6037 68.9666 3
    endloop
  endfacet
  facet normal 0.803027 -0.595943 0
    outer loop
      vertex 80.6037 68.9666 1.8
      vertex 80.4224 68.7223 3
      vertex 80.4224 68.7223 1.8
    endloop
  endfacet
  facet normal 0.941519 -0.336961 0
    outer loop
      vertex 80.0335 67.8999 3
      vertex 80.136 68.1863 1.8
      vertex 80.136 68.1863 3
    endloop
  endfacet
  facet normal 0.941519 -0.336961 0
    outer loop
      vertex 80.136 68.1863 1.8
      vertex 80.0335 67.8999 3
      vertex 80.0335 67.8999 1.8
    endloop
  endfacet
  facet normal -0.941519 -0.336961 0
    outer loop
      vertex 85.9665 67.8999 1.8
      vertex 85.864 68.1863 3
      vertex 85.864 68.1863 1.8
    endloop
  endfacet
  facet normal -0.941519 -0.336961 0
    outer loop
      vertex 85.864 68.1863 3
      vertex 85.9665 67.8999 1.8
      vertex 85.9665 67.8999 3
    endloop
  endfacet
  facet normal 0.671576 0.740936 -0
    outer loop
      vertex 81.0334 64.6037 1.8
      vertex 80.808 64.808 3
      vertex 81.0334 64.6037 3
    endloop
  endfacet
  facet normal 0.671576 0.740936 0
    outer loop
      vertex 80.808 64.808 3
      vertex 81.0334 64.6037 1.8
      vertex 80.808 64.808 1.8
    endloop
  endfacet
  facet normal -0.970046 0.242922 0
    outer loop
      vertex 85.9665 66.1001 1.8
      vertex 86.0404 66.3952 3
      vertex 86.0404 66.3952 1.8
    endloop
  endfacet
  facet normal -0.970046 0.242922 0
    outer loop
      vertex 86.0404 66.3952 3
      vertex 85.9665 66.1001 1.8
      vertex 85.9665 66.1001 3
    endloop
  endfacet
  facet normal -0.989145 0.146942 0
    outer loop
      vertex 86.0404 66.3952 1.8
      vertex 86.0851 66.6961 3
      vertex 86.0851 66.6961 1.8
    endloop
  endfacet
  facet normal -0.989145 0.146942 0
    outer loop
      vertex 86.0851 66.6961 3
      vertex 86.0404 66.3952 1.8
      vertex 86.0404 66.3952 3
    endloop
  endfacet
  facet normal 0.514012 0.857783 -0
    outer loop
      vertex 81.5387 64.266 1.8
      vertex 81.2777 64.4224 3
      vertex 81.5387 64.266 3
    endloop
  endfacet
  facet normal 0.514012 0.857783 0
    outer loop
      vertex 81.2777 64.4224 3
      vertex 81.5387 64.266 1.8
      vertex 81.2777 64.4224 1.8
    endloop
  endfacet
  facet normal -0.336961 -0.941519 0
    outer loop
      vertex 83.8999 69.9665 1.8
      vertex 84.1863 69.864 3
      vertex 83.8999 69.9665 3
    endloop
  endfacet
  facet normal -0.336961 -0.941519 -0
    outer loop
      vertex 84.1863 69.864 3
      vertex 83.8999 69.9665 1.8
      vertex 84.1863 69.864 1.8
    endloop
  endfacet
  facet normal 0.336961 -0.941519 0
    outer loop
      vertex 81.8137 69.864 1.8
      vertex 82.1001 69.9665 3
      vertex 81.8137 69.864 3
    endloop
  endfacet
  facet normal 0.336961 -0.941519 0
    outer loop
      vertex 82.1001 69.9665 3
      vertex 81.8137 69.864 1.8
      vertex 82.1001 69.9665 1.8
    endloop
  endfacet
  facet normal -0.146942 0.989145 0
    outer loop
      vertex 83.6048 63.9596 1.8
      vertex 83.3039 63.9149 3
      vertex 83.6048 63.9596 3
    endloop
  endfacet
  facet normal -0.146942 0.989145 0
    outer loop
      vertex 83.3039 63.9149 3
      vertex 83.6048 63.9596 1.8
      vertex 83.3039 63.9149 1.8
    endloop
  endfacet
  facet normal -0.857783 0.514012 0
    outer loop
      vertex 85.5776 65.2777 1.8
      vertex 85.734 65.5387 3
      vertex 85.734 65.5387 1.8
    endloop
  endfacet
  facet normal -0.857783 0.514012 0
    outer loop
      vertex 85.734 65.5387 3
      vertex 85.5776 65.2777 1.8
      vertex 85.5776 65.2777 3
    endloop
  endfacet
  facet normal 0.0489705 -0.9988 0
    outer loop
      vertex 82.6961 70.0851 1.8
      vertex 83 70.1 3
      vertex 82.6961 70.0851 3
    endloop
  endfacet
  facet normal 0.0489705 -0.9988 0
    outer loop
      vertex 83 70.1 3
      vertex 82.6961 70.0851 1.8
      vertex 83 70.1 1.8
    endloop
  endfacet
  facet normal 0.9988 0.0489705 0
    outer loop
      vertex 79.9149 66.6961 3
      vertex 79.9 67 1.8
      vertex 79.9 67 3
    endloop
  endfacet
  facet normal 0.9988 0.0489705 0
    outer loop
      vertex 79.9 67 1.8
      vertex 79.9149 66.6961 3
      vertex 79.9149 66.6961 1.8
    endloop
  endfacet
  facet normal -0.941519 0.336961 0
    outer loop
      vertex 85.864 65.8137 1.8
      vertex 85.9665 66.1001 3
      vertex 85.9665 66.1001 1.8
    endloop
  endfacet
  facet normal -0.941519 0.336961 0
    outer loop
      vertex 85.9665 66.1001 3
      vertex 85.864 65.8137 1.8
      vertex 85.864 65.8137 3
    endloop
  endfacet
  facet normal -0.42738 -0.904072 0
    outer loop
      vertex 84.1863 69.864 1.8
      vertex 84.4613 69.734 3
      vertex 84.1863 69.864 3
    endloop
  endfacet
  facet normal -0.42738 -0.904072 -0
    outer loop
      vertex 84.4613 69.734 3
      vertex 84.1863 69.864 1.8
      vertex 84.4613 69.734 1.8
    endloop
  endfacet
  facet normal -0.740936 -0.671576 0
    outer loop
      vertex 85.3963 68.9666 1.8
      vertex 85.192 69.192 3
      vertex 85.192 69.192 1.8
    endloop
  endfacet
  facet normal -0.740936 -0.671576 0
    outer loop
      vertex 85.192 69.192 3
      vertex 85.3963 68.9666 1.8
      vertex 85.3963 68.9666 3
    endloop
  endfacet
  facet normal -0.0489705 -0.9988 0
    outer loop
      vertex 83 70.1 1.8
      vertex 83.3039 70.0851 3
      vertex 83 70.1 3
    endloop
  endfacet
  facet normal -0.0489705 -0.9988 -0
    outer loop
      vertex 83.3039 70.0851 3
      vertex 83 70.1 1.8
      vertex 83.3039 70.0851 1.8
    endloop
  endfacet
  facet normal 0.857783 0.514012 0
    outer loop
      vertex 80.4224 65.2777 3
      vertex 80.266 65.5387 1.8
      vertex 80.266 65.5387 3
    endloop
  endfacet
  facet normal 0.857783 0.514012 0
    outer loop
      vertex 80.266 65.5387 1.8
      vertex 80.4224 65.2777 3
      vertex 80.4224 65.2777 1.8
    endloop
  endfacet
  facet normal -0.857783 -0.514012 0
    outer loop
      vertex 85.734 68.4613 1.8
      vertex 85.5776 68.7223 3
      vertex 85.5776 68.7223 1.8
    endloop
  endfacet
  facet normal -0.857783 -0.514012 0
    outer loop
      vertex 85.5776 68.7223 3
      vertex 85.734 68.4613 1.8
      vertex 85.734 68.4613 3
    endloop
  endfacet
  facet normal 0.146942 0.989145 -0
    outer loop
      vertex 82.6961 63.9149 1.8
      vertex 82.3952 63.9596 3
      vertex 82.6961 63.9149 3
    endloop
  endfacet
  facet normal 0.146942 0.989145 0
    outer loop
      vertex 82.3952 63.9596 3
      vertex 82.6961 63.9149 1.8
      vertex 82.3952 63.9596 1.8
    endloop
  endfacet
  facet normal -0.671576 0.740936 0
    outer loop
      vertex 85.192 64.808 1.8
      vertex 84.9666 64.6037 3
      vertex 85.192 64.808 3
    endloop
  endfacet
  facet normal -0.671576 0.740936 0
    outer loop
      vertex 84.9666 64.6037 3
      vertex 85.192 64.808 1.8
      vertex 84.9666 64.6037 1.8
    endloop
  endfacet
  facet normal 0.0489705 0.9988 -0
    outer loop
      vertex 83 63.9 1.8
      vertex 82.6961 63.9149 3
      vertex 83 63.9 3
    endloop
  endfacet
  facet normal 0.0489705 0.9988 0
    outer loop
      vertex 82.6961 63.9149 3
      vertex 83 63.9 1.8
      vertex 82.6961 63.9149 1.8
    endloop
  endfacet
  facet normal 0.740936 -0.671576 0
    outer loop
      vertex 80.6037 68.9666 3
      vertex 80.808 69.192 1.8
      vertex 80.808 69.192 3
    endloop
  endfacet
  facet normal 0.740936 -0.671576 0
    outer loop
      vertex 80.808 69.192 1.8
      vertex 80.6037 68.9666 3
      vertex 80.6037 68.9666 1.8
    endloop
  endfacet
  facet normal 0.146942 -0.989145 0
    outer loop
      vertex 82.3952 70.0404 1.8
      vertex 82.6961 70.0851 3
      vertex 82.3952 70.0404 3
    endloop
  endfacet
  facet normal 0.146942 -0.989145 0
    outer loop
      vertex 82.6961 70.0851 3
      vertex 82.3952 70.0404 1.8
      vertex 82.6961 70.0851 1.8
    endloop
  endfacet
  facet normal 0.904072 -0.42738 0
    outer loop
      vertex 80.136 68.1863 3
      vertex 80.266 68.4613 1.8
      vertex 80.266 68.4613 3
    endloop
  endfacet
  facet normal 0.904072 -0.42738 0
    outer loop
      vertex 80.266 68.4613 1.8
      vertex 80.136 68.1863 3
      vertex 80.136 68.1863 1.8
    endloop
  endfacet
  facet normal 0.970046 -0.242922 0
    outer loop
      vertex 79.9596 67.6048 3
      vertex 80.0335 67.8999 1.8
      vertex 80.0335 67.8999 3
    endloop
  endfacet
  facet normal 0.970046 -0.242922 0
    outer loop
      vertex 80.0335 67.8999 1.8
      vertex 79.9596 67.6048 3
      vertex 79.9596 67.6048 1.8
    endloop
  endfacet
  facet normal -0.242922 -0.970046 0
    outer loop
      vertex 83.6048 70.0404 1.8
      vertex 83.8999 69.9665 3
      vertex 83.6048 70.0404 3
    endloop
  endfacet
  facet normal -0.242922 -0.970046 -0
    outer loop
      vertex 83.8999 69.9665 3
      vertex 83.6048 70.0404 1.8
      vertex 83.8999 69.9665 1.8
    endloop
  endfacet
  facet normal 0.970046 0.242922 0
    outer loop
      vertex 80.0335 66.1001 3
      vertex 79.9596 66.3952 1.8
      vertex 79.9596 66.3952 3
    endloop
  endfacet
  facet normal 0.970046 0.242922 0
    outer loop
      vertex 79.9596 66.3952 1.8
      vertex 80.0335 66.1001 3
      vertex 80.0335 66.1001 1.8
    endloop
  endfacet
  facet normal 0.42738 0.904072 -0
    outer loop
      vertex 81.8137 64.136 1.8
      vertex 81.5387 64.266 3
      vertex 81.8137 64.136 3
    endloop
  endfacet
  facet normal 0.42738 0.904072 0
    outer loop
      vertex 81.5387 64.266 3
      vertex 81.8137 64.136 1.8
      vertex 81.5387 64.266 1.8
    endloop
  endfacet
  facet normal 0.740936 0.671576 0
    outer loop
      vertex 80.808 64.808 3
      vertex 80.6037 65.0334 1.8
      vertex 80.6037 65.0334 3
    endloop
  endfacet
  facet normal 0.740936 0.671576 0
    outer loop
      vertex 80.6037 65.0334 1.8
      vertex 80.808 64.808 3
      vertex 80.808 64.808 1.8
    endloop
  endfacet
  facet normal -0.42738 0.904072 0
    outer loop
      vertex 84.4613 64.266 1.8
      vertex 84.1863 64.136 3
      vertex 84.4613 64.266 3
    endloop
  endfacet
  facet normal -0.42738 0.904072 0
    outer loop
      vertex 84.1863 64.136 3
      vertex 84.4613 64.266 1.8
      vertex 84.1863 64.136 1.8
    endloop
  endfacet
  facet normal -0.0489705 0.9988 0
    outer loop
      vertex 83.3039 63.9149 1.8
      vertex 83 63.9 3
      vertex 83.3039 63.9149 3
    endloop
  endfacet
  facet normal -0.0489705 0.9988 0
    outer loop
      vertex 83 63.9 3
      vertex 83.3039 63.9149 1.8
      vertex 83 63.9 1.8
    endloop
  endfacet
  facet normal 0.989145 0.146942 0
    outer loop
      vertex 79.9596 66.3952 3
      vertex 79.9149 66.6961 1.8
      vertex 79.9149 66.6961 3
    endloop
  endfacet
  facet normal 0.989145 0.146942 0
    outer loop
      vertex 79.9149 66.6961 1.8
      vertex 79.9596 66.3952 3
      vertex 79.9596 66.3952 1.8
    endloop
  endfacet
  facet normal -0.595943 0.803027 0
    outer loop
      vertex 84.9666 64.6037 1.8
      vertex 84.7223 64.4224 3
      vertex 84.9666 64.6037 3
    endloop
  endfacet
  facet normal -0.595943 0.803027 0
    outer loop
      vertex 84.7223 64.4224 3
      vertex 84.9666 64.6037 1.8
      vertex 84.7223 64.4224 1.8
    endloop
  endfacet
  facet normal 0 0 1
    outer loop
      vertex 84.7 67 1.8
      vertex 86.1 67 1.8
      vertex 86.0851 67.3039 1.8
    endloop
  endfacet
  facet normal 0 0 1
    outer loop
      vertex 84.6918 67.1666 1.8
      vertex 86.0851 67.3039 1.8
      vertex 86.0404 67.6048 1.8
    endloop
  endfacet
  facet normal 0 0 1
    outer loop
      vertex 86.1 67 1.8
      vertex 84.7 67 1.8
      vertex 86.0851 66.6961 1.8
    endloop
  endfacet
  facet normal 0 0 1
    outer loop
      vertex 84.6673 67.3316 1.8
      vertex 86.0404 67.6048 1.8
      vertex 85.9665 67.8999 1.8
    endloop
  endfacet
  facet normal -0 0 1
    outer loop
      vertex 84.6918 66.8334 1.8
      vertex 86.0851 66.6961 1.8
      vertex 84.7 67 1.8
    endloop
  endfacet
  facet normal 0 0 1
    outer loop
      vertex 84.6268 67.4935 1.8
      vertex 85.9665 67.8999 1.8
      vertex 85.864 68.1863 1.8
    endloop
  endfacet
  facet normal 0 0 1
    outer loop
      vertex 86.0851 66.6961 1.8
      vertex 84.6918 66.8334 1.8
      vertex 86.0404 66.3952 1.8
    endloop
  endfacet
  facet normal 0 0 1
    outer loop
      vertex 84.5706 67.6506 1.8
      vertex 85.864 68.1863 1.8
      vertex 85.734 68.4613 1.8
    endloop
  endfacet
  facet normal -0 0 1
    outer loop
      vertex 84.6673 66.6684 1.8
      vertex 86.0404 66.3952 1.8
      vertex 84.6918 66.8334 1.8
    endloop
  endfacet
  facet normal 0 0 1
    outer loop
      vertex 84.4993 67.8014 1.8
      vertex 85.734 68.4613 1.8
      vertex 85.5776 68.7223 1.8
    endloop
  endfacet
  facet normal 0 0 1
    outer loop
      vertex 86.0404 66.3952 1.8
      vertex 84.6673 66.6684 1.8
      vertex 85.9665 66.1001 1.8
    endloop
  endfacet
  facet normal 0 0 1
    outer loop
      vertex 84.4135 67.9445 1.8
      vertex 85.5776 68.7223 1.8
      vertex 85.3963 68.9666 1.8
    endloop
  endfacet
  facet normal -0 0 1
    outer loop
      vertex 84.6268 66.5065 1.8
      vertex 85.9665 66.1001 1.8
      vertex 84.6673 66.6684 1.8
    endloop
  endfacet
  facet normal 0 0 1
    outer loop
      vertex 84.3141 68.0785 1.8
      vertex 85.3963 68.9666 1.8
      vertex 85.192 69.192 1.8
    endloop
  endfacet
  facet normal 0 0 1
    outer loop
      vertex 85.9665 66.1001 1.8
      vertex 84.6268 66.5065 1.8
      vertex 85.864 65.8137 1.8
    endloop
  endfacet
  facet normal 0 0 1
    outer loop
      vertex 84.2021 68.2021 1.8
      vertex 85.192 69.192 1.8
      vertex 84.9666 69.3963 1.8
    endloop
  endfacet
  facet normal -0 0 1
    outer loop
      vertex 84.5706 66.3494 1.8
      vertex 85.864 65.8137 1.8
      vertex 84.6268 66.5065 1.8
    endloop
  endfacet
  facet normal 0 0 1
    outer loop
      vertex 84.0785 68.3141 1.8
      vertex 84.9666 69.3963 1.8
      vertex 84.7223 69.5776 1.8
    endloop
  endfacet
  facet normal 0 0 1
    outer loop
      vertex 85.864 65.8137 1.8
      vertex 84.5706 66.3494 1.8
      vertex 85.734 65.5387 1.8
    endloop
  endfacet
  facet normal -0 0 1
    outer loop
      vertex 84.4993 66.1986 1.8
      vertex 85.734 65.5387 1.8
      vertex 84.5706 66.3494 1.8
    endloop
  endfacet
  facet normal 0 0 1
    outer loop
      vertex 86.0851 67.3039 1.8
      vertex 84.6918 67.1666 1.8
      vertex 84.7 67 1.8
    endloop
  endfacet
  facet normal 0 0 1
    outer loop
      vertex 86.0404 67.6048 1.8
      vertex 84.6673 67.3316 1.8
      vertex 84.6918 67.1666 1.8
    endloop
  endfacet
  facet normal 0 0 1
    outer loop
      vertex 85.9665 67.8999 1.8
      vertex 84.6268 67.4935 1.8
      vertex 84.6673 67.3316 1.8
    endloop
  endfacet
  facet normal 0 0 1
    outer loop
      vertex 85.864 68.1863 1.8
      vertex 84.5706 67.6506 1.8
      vertex 84.6268 67.4935 1.8
    endloop
  endfacet
  facet normal 0 0 1
    outer loop
      vertex 85.734 68.4613 1.8
      vertex 84.4993 67.8014 1.8
      vertex 84.5706 67.6506 1.8
    endloop
  endfacet
  facet normal 0 0 1
    outer loop
      vertex 83.9445 68.4135 1.8
      vertex 84.7223 69.5776 1.8
      vertex 84.4613 69.734 1.8
    endloop
  endfacet
  facet normal 0 0 1
    outer loop
      vertex 85.5776 68.7223 1.8
      vertex 84.4135 67.9445 1.8
      vertex 84.4993 67.8014 1.8
    endloop
  endfacet
  facet normal 0 0 1
    outer loop
      vertex 85.3963 68.9666 1.8
      vertex 84.3141 68.0785 1.8
      vertex 84.4135 67.9445 1.8
    endloop
  endfacet
  facet normal 0 0 1
    outer loop
      vertex 85.192 69.192 1.8
      vertex 84.2021 68.2021 1.8
      vertex 84.3141 68.0785 1.8
    endloop
  endfacet
  facet normal 0 0 1
    outer loop
      vertex 83.8014 68.4993 1.8
      vertex 84.4613 69.734 1.8
      vertex 84.1863 69.864 1.8
    endloop
  endfacet
  facet normal 0 0 1
    outer loop
      vertex 84.9666 69.3963 1.8
      vertex 84.0785 68.3141 1.8
      vertex 84.2021 68.2021 1.8
    endloop
  endfacet
  facet normal 0 0 1
    outer loop
      vertex 84.7223 69.5776 1.8
      vertex 83.9445 68.4135 1.8
      vertex 84.0785 68.3141 1.8
    endloop
  endfacet
  facet normal 0 0 1
    outer loop
      vertex 83.6506 68.5706 1.8
      vertex 84.1863 69.864 1.8
      vertex 83.8999 69.9665 1.8
    endloop
  endfacet
  facet normal 0 0 1
    outer loop
      vertex 84.4613 69.734 1.8
      vertex 83.8014 68.4993 1.8
      vertex 83.9445 68.4135 1.8
    endloop
  endfacet
  facet normal 0 0 1
    outer loop
      vertex 84.1863 69.864 1.8
      vertex 83.6506 68.5706 1.8
      vertex 83.8014 68.4993 1.8
    endloop
  endfacet
  facet normal 0 0 1
    outer loop
      vertex 83.4935 68.6268 1.8
      vertex 83.8999 69.9665 1.8
      vertex 83.6048 70.0404 1.8
    endloop
  endfacet
  facet normal 0 0 1
    outer loop
      vertex 83.8999 69.9665 1.8
      vertex 83.4935 68.6268 1.8
      vertex 83.6506 68.5706 1.8
    endloop
  endfacet
  facet normal 0 0 1
    outer loop
      vertex 83.6048 70.0404 1.8
      vertex 83.3316 68.6673 1.8
      vertex 83.4935 68.6268 1.8
    endloop
  endfacet
  facet normal 0 0 1
    outer loop
      vertex 83.3039 70.0851 1.8
      vertex 83.3316 68.6673 1.8
      vertex 83.6048 70.0404 1.8
    endloop
  endfacet
  facet normal 0 0 1
    outer loop
      vertex 83.3039 70.0851 1.8
      vertex 83.1666 68.6918 1.8
      vertex 83.3316 68.6673 1.8
    endloop
  endfacet
  facet normal 0 0 1
    outer loop
      vertex 83 70.1 1.8
      vertex 83.1666 68.6918 1.8
      vertex 83.3039 70.0851 1.8
    endloop
  endfacet
  facet normal 0 0 1
    outer loop
      vertex 83 70.1 1.8
      vertex 83 68.7 1.8
      vertex 83.1666 68.6918 1.8
    endloop
  endfacet
  facet normal 0 0 1
    outer loop
      vertex 83 70.1 1.8
      vertex 82.8334 68.6918 1.8
      vertex 83 68.7 1.8
    endloop
  endfacet
  facet normal -0 0 1
    outer loop
      vertex 82.6961 70.0851 1.8
      vertex 82.8334 68.6918 1.8
      vertex 83 70.1 1.8
    endloop
  endfacet
  facet normal 0 0 1
    outer loop
      vertex 82.6961 70.0851 1.8
      vertex 82.6684 68.6673 1.8
      vertex 82.8334 68.6918 1.8
    endloop
  endfacet
  facet normal -0 0 1
    outer loop
      vertex 82.3952 70.0404 1.8
      vertex 82.6684 68.6673 1.8
      vertex 82.6961 70.0851 1.8
    endloop
  endfacet
  facet normal 0 0 1
    outer loop
      vertex 82.6684 68.6673 1.8
      vertex 82.3952 70.0404 1.8
      vertex 82.5065 68.6268 1.8
    endloop
  endfacet
  facet normal -0 0 1
    outer loop
      vertex 82.1001 69.9665 1.8
      vertex 82.5065 68.6268 1.8
      vertex 82.3952 70.0404 1.8
    endloop
  endfacet
  facet normal 0 0 1
    outer loop
      vertex 82.5065 68.6268 1.8
      vertex 82.1001 69.9665 1.8
      vertex 82.3494 68.5706 1.8
    endloop
  endfacet
  facet normal -0 0 1
    outer loop
      vertex 81.8137 69.864 1.8
      vertex 82.3494 68.5706 1.8
      vertex 82.1001 69.9665 1.8
    endloop
  endfacet
  facet normal 0 0 1
    outer loop
      vertex 82.3494 68.5706 1.8
      vertex 81.8137 69.864 1.8
      vertex 82.1986 68.4993 1.8
    endloop
  endfacet
  facet normal -0 0 1
    outer loop
      vertex 81.5387 69.734 1.8
      vertex 82.1986 68.4993 1.8
      vertex 81.8137 69.864 1.8
    endloop
  endfacet
  facet normal 0 0 1
    outer loop
      vertex 82.1986 68.4993 1.8
      vertex 81.5387 69.734 1.8
      vertex 82.0555 68.4135 1.8
    endloop
  endfacet
  facet normal -0 0 1
    outer loop
      vertex 81.2777 69.5776 1.8
      vertex 82.0555 68.4135 1.8
      vertex 81.5387 69.734 1.8
    endloop
  endfacet
  facet normal 0 0 1
    outer loop
      vertex 82.0555 68.4135 1.8
      vertex 81.2777 69.5776 1.8
      vertex 81.9215 68.3141 1.8
    endloop
  endfacet
  facet normal -0 0 1
    outer loop
      vertex 81.0334 69.3963 1.8
      vertex 81.9215 68.3141 1.8
      vertex 81.2777 69.5776 1.8
    endloop
  endfacet
  facet normal 0 0 1
    outer loop
      vertex 81.9215 68.3141 1.8
      vertex 81.0334 69.3963 1.8
      vertex 81.7979 68.2021 1.8
    endloop
  endfacet
  facet normal -0 0 1
    outer loop
      vertex 80.808 69.192 1.8
      vertex 81.7979 68.2021 1.8
      vertex 81.0334 69.3963 1.8
    endloop
  endfacet
  facet normal 0 0 1
    outer loop
      vertex 81.7979 68.2021 1.8
      vertex 80.808 69.192 1.8
      vertex 81.6859 68.0785 1.8
    endloop
  endfacet
  facet normal -0 0 1
    outer loop
      vertex 80.6037 68.9666 1.8
      vertex 81.6859 68.0785 1.8
      vertex 80.808 69.192 1.8
    endloop
  endfacet
  facet normal 0 0 1
    outer loop
      vertex 81.6859 68.0785 1.8
      vertex 80.6037 68.9666 1.8
      vertex 81.5865 67.9445 1.8
    endloop
  endfacet
  facet normal -0 0 1
    outer loop
      vertex 80.4224 68.7223 1.8
      vertex 81.5865 67.9445 1.8
      vertex 80.6037 68.9666 1.8
    endloop
  endfacet
  facet normal -0 0 1
    outer loop
      vertex 80.266 68.4613 1.8
      vertex 81.5007 67.8014 1.8
      vertex 80.4224 68.7223 1.8
    endloop
  endfacet
  facet normal 0 0 1
    outer loop
      vertex 81.5865 67.9445 1.8
      vertex 80.4224 68.7223 1.8
      vertex 81.5007 67.8014 1.8
    endloop
  endfacet
  facet normal 0 0 1
    outer loop
      vertex 85.734 65.5387 1.8
      vertex 84.4993 66.1986 1.8
      vertex 85.5776 65.2777 1.8
    endloop
  endfacet
  facet normal -0 0 1
    outer loop
      vertex 84.4135 66.0555 1.8
      vertex 85.5776 65.2777 1.8
      vertex 84.4993 66.1986 1.8
    endloop
  endfacet
  facet normal 0 0 1
    outer loop
      vertex 85.5776 65.2777 1.8
      vertex 84.4135 66.0555 1.8
      vertex 85.3963 65.0334 1.8
    endloop
  endfacet
  facet normal -0 0 1
    outer loop
      vertex 84.3141 65.9215 1.8
      vertex 85.3963 65.0334 1.8
      vertex 84.4135 66.0555 1.8
    endloop
  endfacet
  facet normal 0 0 1
    outer loop
      vertex 85.3963 65.0334 1.8
      vertex 84.3141 65.9215 1.8
      vertex 85.192 64.808 1.8
    endloop
  endfacet
  facet normal -0 0 1
    outer loop
      vertex 84.2021 65.7979 1.8
      vertex 85.192 64.808 1.8
      vertex 84.3141 65.9215 1.8
    endloop
  endfacet
  facet normal 0 0 1
    outer loop
      vertex 85.192 64.808 1.8
      vertex 84.2021 65.7979 1.8
      vertex 84.9666 64.6037 1.8
    endloop
  endfacet
  facet normal -0 0 1
    outer loop
      vertex 84.0785 65.6859 1.8
      vertex 84.9666 64.6037 1.8
      vertex 84.2021 65.7979 1.8
    endloop
  endfacet
  facet normal 0 0 1
    outer loop
      vertex 84.9666 64.6037 1.8
      vertex 84.0785 65.6859 1.8
      vertex 84.7223 64.4224 1.8
    endloop
  endfacet
  facet normal -0 0 1
    outer loop
      vertex 83.9445 65.5865 1.8
      vertex 84.7223 64.4224 1.8
      vertex 84.0785 65.6859 1.8
    endloop
  endfacet
  facet normal 0 0 1
    outer loop
      vertex 84.7223 64.4224 1.8
      vertex 83.9445 65.5865 1.8
      vertex 84.4613 64.266 1.8
    endloop
  endfacet
  facet normal -0 0 1
    outer loop
      vertex 83.8014 65.5007 1.8
      vertex 84.4613 64.266 1.8
      vertex 83.9445 65.5865 1.8
    endloop
  endfacet
  facet normal 0 0 1
    outer loop
      vertex 84.4613 64.266 1.8
      vertex 83.8014 65.5007 1.8
      vertex 84.1863 64.136 1.8
    endloop
  endfacet
  facet normal -0 0 1
    outer loop
      vertex 83.6506 65.4294 1.8
      vertex 84.1863 64.136 1.8
      vertex 83.8014 65.5007 1.8
    endloop
  endfacet
  facet normal 0 0 1
    outer loop
      vertex 84.1863 64.136 1.8
      vertex 83.6506 65.4294 1.8
      vertex 83.8999 64.0335 1.8
    endloop
  endfacet
  facet normal -0 0 1
    outer loop
      vertex 83.4935 65.3732 1.8
      vertex 83.8999 64.0335 1.8
      vertex 83.6506 65.4294 1.8
    endloop
  endfacet
  facet normal 0 0 1
    outer loop
      vertex 83.8999 64.0335 1.8
      vertex 83.4935 65.3732 1.8
      vertex 83.6048 63.9596 1.8
    endloop
  endfacet
  facet normal -0 0 1
    outer loop
      vertex 83.3316 65.3327 1.8
      vertex 83.6048 63.9596 1.8
      vertex 83.4935 65.3732 1.8
    endloop
  endfacet
  facet normal 0 0 1
    outer loop
      vertex 83.3316 65.3327 1.8
      vertex 83.3039 63.9149 1.8
      vertex 83.6048 63.9596 1.8
    endloop
  endfacet
  facet normal -0 0 1
    outer loop
      vertex 83.1666 65.3082 1.8
      vertex 83.3039 63.9149 1.8
      vertex 83.3316 65.3327 1.8
    endloop
  endfacet
  facet normal -0 0 1
    outer loop
      vertex 83 65.3 1.8
      vertex 83.3039 63.9149 1.8
      vertex 83.1666 65.3082 1.8
    endloop
  endfacet
  facet normal 0 0 1
    outer loop
      vertex 83 65.3 1.8
      vertex 83 63.9 1.8
      vertex 83.3039 63.9149 1.8
    endloop
  endfacet
  facet normal 0 0 1
    outer loop
      vertex 82.8334 65.3082 1.8
      vertex 83 63.9 1.8
      vertex 83 65.3 1.8
    endloop
  endfacet
  facet normal 0 0 1
    outer loop
      vertex 82.8334 65.3082 1.8
      vertex 82.6961 63.9149 1.8
      vertex 83 63.9 1.8
    endloop
  endfacet
  facet normal 0 0 1
    outer loop
      vertex 82.6684 65.3327 1.8
      vertex 82.6961 63.9149 1.8
      vertex 82.8334 65.3082 1.8
    endloop
  endfacet
  facet normal 0 0 1
    outer loop
      vertex 82.3952 63.9596 1.8
      vertex 82.6684 65.3327 1.8
      vertex 82.5065 65.3732 1.8
    endloop
  endfacet
  facet normal 0 0 1
    outer loop
      vertex 82.6684 65.3327 1.8
      vertex 82.3952 63.9596 1.8
      vertex 82.6961 63.9149 1.8
    endloop
  endfacet
  facet normal 0 0 1
    outer loop
      vertex 82.1001 64.0335 1.8
      vertex 82.5065 65.3732 1.8
      vertex 82.3494 65.4294 1.8
    endloop
  endfacet
  facet normal 0 0 1
    outer loop
      vertex 81.8137 64.136 1.8
      vertex 82.3494 65.4294 1.8
      vertex 82.1986 65.5007 1.8
    endloop
  endfacet
  facet normal 0 0 1
    outer loop
      vertex 82.5065 65.3732 1.8
      vertex 82.1001 64.0335 1.8
      vertex 82.3952 63.9596 1.8
    endloop
  endfacet
  facet normal 0 0 1
    outer loop
      vertex 81.5387 64.266 1.8
      vertex 82.1986 65.5007 1.8
      vertex 82.0555 65.5865 1.8
    endloop
  endfacet
  facet normal 0 0 1
    outer loop
      vertex 81.2777 64.4224 1.8
      vertex 82.0555 65.5865 1.8
      vertex 81.9215 65.6859 1.8
    endloop
  endfacet
  facet normal 0 0 1
    outer loop
      vertex 82.3494 65.4294 1.8
      vertex 81.8137 64.136 1.8
      vertex 82.1001 64.0335 1.8
    endloop
  endfacet
  facet normal 0 0 1
    outer loop
      vertex 81.0334 64.6037 1.8
      vertex 81.9215 65.6859 1.8
      vertex 81.7979 65.7979 1.8
    endloop
  endfacet
  facet normal 0 0 1
    outer loop
      vertex 80.808 64.808 1.8
      vertex 81.7979 65.7979 1.8
      vertex 81.6859 65.9215 1.8
    endloop
  endfacet
  facet normal 0 0 1
    outer loop
      vertex 80.6037 65.0334 1.8
      vertex 81.6859 65.9215 1.8
      vertex 81.5865 66.0555 1.8
    endloop
  endfacet
  facet normal 0 0 1
    outer loop
      vertex 82.1986 65.5007 1.8
      vertex 81.5387 64.266 1.8
      vertex 81.8137 64.136 1.8
    endloop
  endfacet
  facet normal 0 0 1
    outer loop
      vertex 80.4224 65.2777 1.8
      vertex 81.5865 66.0555 1.8
      vertex 81.5007 66.1986 1.8
    endloop
  endfacet
  facet normal 0 0 1
    outer loop
      vertex 80.266 65.5387 1.8
      vertex 81.5007 66.1986 1.8
      vertex 81.4294 66.3494 1.8
    endloop
  endfacet
  facet normal 0 0 1
    outer loop
      vertex 80.136 65.8137 1.8
      vertex 81.4294 66.3494 1.8
      vertex 81.3732 66.5065 1.8
    endloop
  endfacet
  facet normal 0 0 1
    outer loop
      vertex 80.0335 66.1001 1.8
      vertex 81.3732 66.5065 1.8
      vertex 81.3327 66.6684 1.8
    endloop
  endfacet
  facet normal 0 0 1
    outer loop
      vertex 79.9596 66.3952 1.8
      vertex 81.3327 66.6684 1.8
      vertex 81.3082 66.8334 1.8
    endloop
  endfacet
  facet normal 0 0 1
    outer loop
      vertex 82.0555 65.5865 1.8
      vertex 81.2777 64.4224 1.8
      vertex 81.5387 64.266 1.8
    endloop
  endfacet
  facet normal 0 0 1
    outer loop
      vertex 79.9149 66.6961 1.8
      vertex 81.3082 66.8334 1.8
      vertex 81.3 67 1.8
    endloop
  endfacet
  facet normal 0 0 1
    outer loop
      vertex 81.5007 67.8014 1.8
      vertex 80.266 68.4613 1.8
      vertex 81.4294 67.6506 1.8
    endloop
  endfacet
  facet normal -0 0 1
    outer loop
      vertex 80.136 68.1863 1.8
      vertex 81.4294 67.6506 1.8
      vertex 80.266 68.4613 1.8
    endloop
  endfacet
  facet normal 0 0 1
    outer loop
      vertex 81.9215 65.6859 1.8
      vertex 81.0334 64.6037 1.8
      vertex 81.2777 64.4224 1.8
    endloop
  endfacet
  facet normal 0 0 1
    outer loop
      vertex 81.4294 67.6506 1.8
      vertex 80.136 68.1863 1.8
      vertex 81.3732 67.4935 1.8
    endloop
  endfacet
  facet normal 0 0 1
    outer loop
      vertex 81.7979 65.7979 1.8
      vertex 80.808 64.808 1.8
      vertex 81.0334 64.6037 1.8
    endloop
  endfacet
  facet normal -0 0 1
    outer loop
      vertex 80.0335 67.8999 1.8
      vertex 81.3732 67.4935 1.8
      vertex 80.136 68.1863 1.8
    endloop
  endfacet
  facet normal 0 0 1
    outer loop
      vertex 81.6859 65.9215 1.8
      vertex 80.6037 65.0334 1.8
      vertex 80.808 64.808 1.8
    endloop
  endfacet
  facet normal 0 0 1
    outer loop
      vertex 81.3732 67.4935 1.8
      vertex 80.0335 67.8999 1.8
      vertex 81.3327 67.3316 1.8
    endloop
  endfacet
  facet normal 0 0 1
    outer loop
      vertex 81.5865 66.0555 1.8
      vertex 80.4224 65.2777 1.8
      vertex 80.6037 65.0334 1.8
    endloop
  endfacet
  facet normal -0 0 1
    outer loop
      vertex 79.9596 67.6048 1.8
      vertex 81.3327 67.3316 1.8
      vertex 80.0335 67.8999 1.8
    endloop
  endfacet
  facet normal 0 0 1
    outer loop
      vertex 81.5007 66.1986 1.8
      vertex 80.266 65.5387 1.8
      vertex 80.4224 65.2777 1.8
    endloop
  endfacet
  facet normal 0 0 1
    outer loop
      vertex 81.3327 67.3316 1.8
      vertex 79.9596 67.6048 1.8
      vertex 81.3082 67.1666 1.8
    endloop
  endfacet
  facet normal 0 0 1
    outer loop
      vertex 81.4294 66.3494 1.8
      vertex 80.136 65.8137 1.8
      vertex 80.266 65.5387 1.8
    endloop
  endfacet
  facet normal -0 0 1
    outer loop
      vertex 79.9149 67.3039 1.8
      vertex 81.3082 67.1666 1.8
      vertex 79.9596 67.6048 1.8
    endloop
  endfacet
  facet normal 0 0 1
    outer loop
      vertex 81.3732 66.5065 1.8
      vertex 80.0335 66.1001 1.8
      vertex 80.136 65.8137 1.8
    endloop
  endfacet
  facet normal 0 0 1
    outer loop
      vertex 81.3082 67.1666 1.8
      vertex 79.9149 67.3039 1.8
      vertex 81.3 67 1.8
    endloop
  endfacet
  facet normal 0 0 1
    outer loop
      vertex 81.3327 66.6684 1.8
      vertex 79.9596 66.3952 1.8
      vertex 80.0335 66.1001 1.8
    endloop
  endfacet
  facet normal 0 0 1
    outer loop
      vertex 79.9 67 1.8
      vertex 81.3 67 1.8
      vertex 79.9149 67.3039 1.8
    endloop
  endfacet
  facet normal 0 0 1
    outer loop
      vertex 81.3082 66.8334 1.8
      vertex 79.9149 66.6961 1.8
      vertex 79.9596 66.3952 1.8
    endloop
  endfacet
  facet normal 0 0 1
    outer loop
      vertex 81.3 67 1.8
      vertex 79.9 67 1.8
      vertex 79.9149 66.6961 1.8
    endloop
  endfacet
  facet normal 0.803027 0.595943 0
    outer loop
      vertex 80.6037 65.0334 3
      vertex 80.4224 65.2777 1.8
      vertex 80.4224 65.2777 3
    endloop
  endfacet
  facet normal 0.803027 0.595943 0
    outer loop
      vertex 80.4224 65.2777 1.8
      vertex 80.6037 65.0334 3
      vertex 80.6037 65.0334 1.8
    endloop
  endfacet
  facet normal 0.9988 -0.0489705 0
    outer loop
      vertex 79.9 67 3
      vertex 79.9149 67.3039 1.8
      vertex 79.9149 67.3039 3
    endloop
  endfacet
  facet normal 0.9988 -0.0489705 0
    outer loop
      vertex 79.9149 67.3039 1.8
      vertex 79.9 67 3
      vertex 79.9 67 1.8
    endloop
  endfacet
  facet normal -0.740936 0.671576 0
    outer loop
      vertex 85.192 64.808 1.8
      vertex 85.3963 65.0334 3
      vertex 85.3963 65.0334 1.8
    endloop
  endfacet
  facet normal -0.740936 0.671576 0
    outer loop
      vertex 85.3963 65.0334 3
      vertex 85.192 64.808 1.8
      vertex 85.192 64.808 3
    endloop
  endfacet
  facet normal -1 0 0
    outer loop
      vertex 50 76 0
      vertex 50 73.1 3
      vertex 50 76 3
    endloop
  endfacet
  facet normal -1 0 0
    outer loop
      vertex 50 72.6 0
      vertex 50 73.1 3
      vertex 50 76 0
    endloop
  endfacet
  facet normal -1 0 0
    outer loop
      vertex 50 72.6 5
      vertex 50 73.1 3
      vertex 50 72.6 0
    endloop
  endfacet
  facet normal -1 0 0
    outer loop
      vertex 50 73.1 3
      vertex 50 72.6 5
      vertex 50 73.1 5
    endloop
  endfacet
  facet normal 1 0 0
    outer loop
      vertex 42 73.1 5
      vertex 42 72.6 5
      vertex 42 73.1 3
    endloop
  endfacet
  facet normal 1 -0 0
    outer loop
      vertex 42 73.1 3
      vertex 42 76 0
      vertex 42 76 3
    endloop
  endfacet
  facet normal 1 0 0
    outer loop
      vertex 42 73.1 3
      vertex 42 72.6 0
      vertex 42 76 0
    endloop
  endfacet
  facet normal 1 0 0
    outer loop
      vertex 42 72.6 0
      vertex 42 73.1 3
      vertex 42 72.6 5
    endloop
  endfacet
  facet normal 0 1 -0
    outer loop
      vertex 50 72.6 0
      vertex 42 72.6 5
      vertex 50 72.6 5
    endloop
  endfacet
  facet normal 0 1 0
    outer loop
      vertex 42 72.6 5
      vertex 50 72.6 0
      vertex 42 72.6 0
    endloop
  endfacet
endsolid OpenSCAD_Model
